:020000040800F2
:1000000010BC01209D010008B51C0008B9150008AE
:10001000B11C000829070008CB2F000800000000D1
:10002000000000000000000000000000692500083A
:100030002D07000800000000511D00088D26000853
:10004000B7010008B7010008B70100082124000823
:10005000B7010008B7010008B7010008B7010008A0
:10006000B7010008B7010008B7010008B701000890
:10007000B7010008B7010008B7010008B701000880
:10008000B7010008B7010008B7010008B701000870
:10009000B7010008B7010008B7010008B701000860
:1000A000B7010008B7010008B7010008B701000850
:1000B000B70100082D2B0008BD2B0008B701000870
:1000C000B7010008B7010008B7010008B701000830
:1000D000B7010008C52C0008B7010008B7010008E7
:1000E000B7010008911F0008B7010008B701000818
:1000F000B7010008B7010008B7010008B701000800
:10010000B7010008B7010008B7010008B7010008EF
:10011000B7010008B7010008B7010008B7010008DF
:10012000B7010008B7010008B7010008B7010008CF
:10013000B701000821090008B7010008B70100084D
:10014000B7010008B7010008B7010008B7010008AF
:10015000B7010008B7010008B7010008B70100089F
:10016000B7010008B7010008B7010008B70100088F
:10017000B7010008B7010008B7010008B70100087F
:10018000B7010008B7010008DFF80CD000F0DAF87A
:1001900000480047E975000810BC01200648804768
:1001A00006480047FEE7FEE7FEE7FEE7FEE7FEE75C
:1001B000FEE7FEE7FEE7FEE7CD260008890100081E
:1001C00040EA01039B0703D009E008C9121F08C0D9
:1001D000042AFAD203E011F8013B00F8013B521E59
:1001E000F9D27047D2B201E000F8012B491EFBD2D0
:1001F00070470022F6E710B513460A460446194632
:10020000FFF7F0FF204610BD30B505462A460B46E5
:1002100012F8010B13F8014B08B1A042F8D01CB141
:10022000002802D06D1CF1E7284630BDCAB2401E3E
:1002300010F8011F8A4202D00029F9D1002070472E
:10024000421C10F8011B0029FBD1801A704710B521
:10025000002200E0521C835C8C5CA34201D1002B85
:10026000F8D1D8B2E1B2401A10BD30B50446002032
:10027000034600E05B1C934203D2E05CCD5C401B74
:10028000F8D030BD30B505460020034600E05B1CC9
:10029000934205D2EC5CC85C201A01D1002CF6D147
:1002A00030BD2DE9F05F0546002092469B4688460A
:1002B0000646814640241BE02846414647462246E2
:1002C00000F02FF853465A46C01A914110D31146F8
:1002D0001846224600F016F82D1A67EB01084F4623
:1002E00022460120002100F00DF817EB00094E41D5
:1002F000201EA4F10104DFDC484631462A4643466D
:10030000BDE8F09F202A04DB203A00FA02F1002029
:1003100070479140C2F1200320FA03F31943904043
:100320007047202A04DB203A21FA02F000217047AE
:1003300021FA02F3D040C2F120029140084319464D
:1003400070470000064C074D06E0E06840F00103EE
:1003500094E8070098471034AC42F6D3FFF718FF33
:10036000783402089834020870B58C1810F8015BD4
:1003700015F0070301D110F8013B2A1106D110F83E
:10038000012B03E010F8016B01F8016B5B1EF9D142
:100390002B0705D40023521E0DD401F8013BFAE7C8
:1003A00010F8013BCB1A921C03E013F8015B01F833
:1003B000015B521EF9D5A142D8D3002070BD21B1F6
:1003C000826842F00102826003E0826822F001024A
:1003D000826070470021084A1168084A1140D0E93C
:1003E00000231A4383681A43C3681A431143044A1B
:1003F000C2F804137047000004230140E030FCFF02
:10040000002001400146C86C80B2704702460020BF
:1004100013680B400BB1012000E000207047000082
:100420002DE9F05F82460C469346BAF1000F51D198
:1004300000BF00BF00BF00BF00BF27480068012801
:1004400004D100F017F90020234908600A21012097
:1004500001F088F8064640F6E4407043060B4FF47E
:100460007A70B6FBF0F0C5B205EB4500C0EBC510E5
:10047000A6EBC0006421B0FBF1F0C7B24FF47A7074
:1004800015FB00F007EBC70101EB071100EB810042
:10049000301A0A21B0FBF1F8E82015FB00F007EB59
:1004A000C70101EB071100EB810008EB880100EBAD
:1004B0004100A6EB000905F13000207007F1300083
:1004C000607008F13000A07009F13000E070042085
:1004D000BDE8F09F0020FBE7BC00002030B50246DD
:1004E000002000235068104C20400D790C6844EA2D
:1004F00005242043506090680C4C2040D1E90354FF
:100500002C438D682C434D7944EA45042043906088
:10051000D06A20F470000C7D641EE4B2234340EAEC
:100520000350D06230BD0000FFFEFFFCFDF7FFC0AE
:10053000F0B504460D4600200021092D11DDE068CC
:10054000A5F10A0606EB4607072606FA07F18843D7
:10055000A5F10A0606EB460603FA06F10843E06039
:100560000CE0206905EB4507072606FA07F18843EA
:1005700005EB450603FA06F108432061072A0FDA66
:10058000606B561E06EB86071F2606FA07F18843A6
:10059000561E06EB860605FA06F10843606322E064
:1005A0000D2A0FDA206BD61F06EB86071F2606FAE8
:1005B00007F18843D61F06EB860605FA06F10843C5
:1005C000206310E0E06AA2F10D0606EB86071F2605
:1005D00006FA07F18843A2F10D0606EB860605FA36
:1005E00006F10843E062F0BD816841F0804181601E
:1005F0007047000038B10849096841F40001074A12
:10060000C2F8041306E00449096821F40001034A12
:10061000C2F8041370470000042301400020014089
:1006200000B58BB00121080201F0D4FB0120FFF7D7
:10063000E1FF002007900A9009904FF48030089065
:1006400007A8FFF7C7FE002001908DF808008DF87D
:1006500009000390059001208DF8180001A90448B5
:10066000FFF73CFF01210248FFF7A9FE0BB000BDD8
:100670000020014000B58DB00121084601F06AFB61
:100680000121080201F0A6FB03208DF83000202094
:100690000B9000208DF833000BA9114800F0F2FEFA
:1006A000002007900A9009904FF48030089007A826
:1006B000FFF790FE002001908DF808008DF80900EA
:1006C0000390059001208DF8180001A90548FFF757
:1006D00005FF01210348FFF772FE0DB000BD0000C9
:1006E00000000240002001401CB50121202001F043
:1006F00031FB01208DF804000002009003208DF8EA
:10070000050000208DF8060001208DF807006946DD
:10071000044800F0B7FE4FF48071024800F01DFF5E
:100720001CBD00000014024000BFFEE7704708B582
:100730003D208DF8000000208DF801008DF80200AA
:1007400001208DF80300684601F0B6FA08BD0000EC
:1007500001494861704700000090024029B1064AF3
:10076000D2690243044BDA6104E0034AD26982434E
:10077000014BDA61704700000090024030B1074938
:10078000896941F00201054A916105E003498969DF
:1007900021F00201014A916170470000009002407F
:1007A00070B50C4613460021124D286000BF18E0BA
:1007B00000EB41124FF00045156044F2F4555560CE
:1007C000C1EBC11505EB450504EB850595605D1E84
:1007D0008D4204D900EB41152035D56000E0D06092
:1007E000491C9942E4D3044DE860044D044E356041
:1007F00070BD000014000020009002407001002035
:100800001800002030B10749896941F40051054AB8
:10081000916105E00349896921F40051014A916120
:10082000704700000090024030B50C46134600218E
:100830000F4D286000BF15E000EB41124FF480150A
:100840001560C1EBC11505EB450504EB8505956009
:100850005D1E8D4204D900EB41152035D56000E0C6
:10086000D060491C9942E7D3024D286130BD000099
:10087000100000200090024002680A4302607047A6
:1008800010B50121480601F075FA00214FF0007003
:1008900001F070FA10BD01B581B000200090019800
:1008A000009002E00098401E009000980028F9D1C6
:1008B0000CBD00000348806940F480100149886144
:1008C000704700000090024001480068806870474F
:1008D0001000002001460868C0F30D40704700B5C5
:1008E00002460023106800F0004058B9106800F478
:1008F000004038B9106800F4807018B11046FFF756
:10090000E9FF0346184600BD00200449096801F0CC
:10091000010109B1012000E0002070470090024071
:1009200010B501E006F004FD06480068FFF7D7FFA8
:100930000028F7D14020FFF70BFF4FF48030FFF77E
:1009400007FF10BD140000202DE9F04186B00446D9
:100950000F464FF00008002500200590954E0090AE
:100960009548056925F01C0501A801F043FA029E8F
:100970009248864205D39248864202D245F0080545
:100980001AE08F48864205D38A48864202D245F053
:100990000C0511E08748864203D38A48864200D27C
:1009A0000AE08848864205D38748864202D245F04D
:1009B000040501E045F010057F4805614FF4004251
:1009C0000021384600F010FB18B9002006B0BDE841
:1009D000F0817E48FFF75FFF206800284ED000BFFF
:1009E0000098401C00900121384600F0D1F900F039
:1009F000040018B9764900988842F1D374490098E8
:100A0000884201D10020E1E7002000904FF480529D
:100A10000021384600F0E8FA08B90020D6E700BF08
:100A20000098401C00900121384600F0B1F900F018
:100A3000200018B9664900988842F1D364490098AB
:100A4000884201D10020C1E7002000901F213846D4
:100A500000F09EF9804608F0100018B14FF40060D5
:100A6000206201E00020206208F0040010B10020A4
:100A7000606116E04FF48040606112E0206AC0F3CC
:100A8000CF006169C1F34F0140EA010200213846FD
:100A900000F0AAFA08B9002098E76FF07F40FFF74E
:100AA000FAFE454805684B480540D4E90101084372
:100AB000E16808432169084361690843A169084363
:100AC000E1690843216A0843616A0843A16A08434F
:100AD000E16A0843216B0843616B084305433648CC
:100AE0000560D4E90E010843216C0843616C08439A
:100AF000A16C0843E16C0843216D0843616D084314
:100B00002D494860A06D8860E06DC8600846856921
:100B10004FF641700540B4F86010606E40EA014045
:100B2000A16E0843E16E0843216F0843616F0843DB
:100B3000054321488561D4E91E0108431E49C86167
:100B40002548856925480540D4E920010843D4F8A3
:100B500088100843D4F88C100843D4F89010084348
:100B6000D4F894100843D4F898100843D4F89C1093
:100B70000843D4F8A0100843054317488561D4E919
:100B800029010843D4F8AC100843D4F8B010084346
:100B9000D4F8B41040EA8100D4F8B810084340F407
:100BA00000000D4908600846006840F080000860B9
:100BB00001200BE70087930300800240002D3101E4
:100BC000C00E160200E1F50580D1F008FFFF0F000E
:100BD000FFFF04000F8120FF00900240233FDEF85A
:100BE00010B50B794C7943EA0422094B03441A648B
:100BF000CB781B068C7843EA04434C7843EA042301
:100C00000C7843EA0402024B03445A6410BD00000E
:100C10000080024010B5B0B001214FF0606001F0DB
:100C200099F8FFF72DFE00F037F900BFFFF76CFED3
:100C30000128FBD001A800F049F901200190002013
:100C400008904FF400700B9000200C900F901290C1
:100C500014901590169021904FF000702290001182
:100C6000249000202690279004202990C0052A90E7
:100C700040122B9080012C9040122D9040002F901C
:100C8000002101A8FFF760FEC4B2012C03D10121AD
:100C90000248FFF763FD204630B010BD4000010060
:100CA00030B10749096841F00401054A116005E0C7
:100CB0000349096821F00401014A116070470000EE
:100CC0000080024030B10749096841F00801054A37
:100CD000116005E00349096821F00801014A11602B
:100CE000704700000080024010B50A4801680020EB
:100CF00007F064FA08480168002007F05FFA074827
:100D00000168002007F05AFA05480168002007F042
:100D100055FA10BD34000020380000203C000020AF
:100D20004000002010B5A021002007F059FA144916
:100D30000860A021002007F053FA1249086041F62C
:100D4000C451002007F04CFA0F49086041F6C45125
:100D5000002007F045FA0D4908600948006840B1D5
:100D60000848006828B10848006810B108460068C3
:100D700018B9FFF7B9FF012010BD0020FCE7000003
:100D800034000020380000203C00002040000020FB
:100D900018B502460B460021002000901548016955
:100DA00001F01C014FF4784000EAC22001434FF4E7
:100DB000F86000EA8310014321F0020141F00101D3
:100DC0000C48016100BF0098401C0090094801696F
:100DD00001F0010018B1084C0098A042F3D3064C72
:100DE0000098A04201D1002018BD0248406980B29D
:100DF000FAE7000000800240FFFF04001EB500215A
:100E00000022009201920292214A1268126802F0B6
:100E1000004282B1002200921E4A526902F0800212
:100E200022B180221B4B5A6100229A609DE81C006F
:100E300080E81C001EBD164A1268126802F40042C7
:100E4000B2B9134A1268126802F4807282B1104A71
:100E50001268126802F4007252B10D4A12681268E8
:100E6000C2F30D42111F0A4A12689268019200E013
:100E700000210091064A12680292054A1268D2685F
:100E8000034B1A609DE81C0080E81C0000BFD1E7FE
:100E900014000020009002400348006840F0010068
:100EA00001490860704700000090024000B5012031
:100EB000FFF708FFFFF7FEFC0120FFF7F1FE01201E
:100EC000FFF7A0FC0120FFF759FC00BD01210160E4
:100ED000002141608160C16001614FF48041416146
:100EE00000218161C1614FF4006101620021416212
:100EF0008162C162016341638163C1634021016416
:100F00002021416400218164C164016541658165DE
:100F1000C16501668021416600218166C166016765
:100F200041678167C1674FF08061C0F88010491048
:100F3000C0F884100021C0F888104FF40011C0F8E8
:100F40008C100021C0F89010C0F89410C0F89810D0
:100F5000C0F89C10C0F8A0104FF00071C0F8A410A9
:100F60004912C0F8A8108901C0F8AC104912C0F8A5
:100F7000B0100021C0F8B410C0F8B81070470000DD
:100F8000014617480068006800F0004008B10020E2
:100F90007047C1F30C00124A126850601048006894
:100FA000006840F040500E4A126810600C4800681B
:100FB000006840F000400A4A126810600948406921
:100FC00000F0040020B10420064A50610020506067
:100FD00003480068C068024A10600120D8E700009A
:100FE000100000200090024038B503460C46002156
:100FF000002000901448016901F01C014FF4784072
:1010000000EAC32001434FF4F86000EA8410014372
:1010100041F0020141F001010B484261016100BF52
:101020000098401C00900848016901F0010018B1C7
:10103000064D0098A842F3D3044D0098A84201D170
:10104000002038BD0120FCE700800240FFFF0400C3
:101050000149086070470000143C014051B1820012
:10106000A2F1C042126842F001038200A2F1C04224
:10107000136009E08200A2F1C0421268034B1A40DB
:101080008300A3F1C0431A6070470000FEFF0F0009
:1010900030B50021002200230468A400A4F1C0445C
:1010A0002168444C2140D0E901452C43C5682C43BC
:1010B00005692C4345692C4385692C43C5692C433C
:1010C000056A2C43456A2C43856A2C43C56A2C4328
:1010D000056B2C4321430468A400A4F1C0442160A3
:1010E0008468082C0BD10468A400A4F1C0442468CF
:1010F00044F040050468A400A4F1C04425600468DD
:10110000641CA400A4F1C044226802F04042446B75
:101110002468456B6D6844EA0514456BAD6844EA84
:101120000524456BAD8944EA0544456B2D8A44EAA4
:101130000554456B2D7D44EA0564456BAD692C4330
:1011400022430468641CA400A4F1C0442260C46A61
:10115000B4F5804F24D10468A400A4F1C044D4F8AD
:10116000043103F04043846B2468856B6D6844EA66
:101170000514856BAD6844EA0524856B2D8A44EA25
:101180000554856B2D7D44EA0564856BAD692C4360
:1011900023430468A400A4F1C044C4F8043107E068
:1011A0006FF070450468A400A4F1C044C4F8045171
:1011B00030BD00008000F7FF00B599B001217A2012
:1011C00000F0C8FD0121084600F0E4FD0C220021DA
:1011D000A74800F09FF90C220121A54800F09AF9D8
:1011E0000C220421A24800F095F90C220521A04808
:1011F00000F090F90C2208219D4800F08BF90C2298
:1012000009219B4800F086F90C220A21984800F039
:1012100081F90C220B21964800F07CF90C22114632
:10122000934800F077F90C220D21914800F072F9F3
:101230000C220E218E4800F06DF90C220F218C48F3
:1012400000F068F90C2200218A4800F063F90C22B2
:101250000121884800F05EF90C220721854800F042
:1012600059F90C220821834800F054F90C22092175
:10127000804800F04FF90C220A217E4800F04AF91C
:101280000C220B217B4800F045F90C2211467948CD
:1012900000F040F90C220D21764800F03BF90C22B9
:1012A0000E21744800F036F90C220F21714800F02D
:1012B00031F90C220021704800F02CF90C22012198
:1012C0006D4800F027F90C2202216B4800F022F94A
:1012D0000C220321684800F01DF90C220421664805
:1012E00000F018F90C220521634800F013F90C22D4
:1012F0001146614800F00EF90C220D215E4800F005
:1013000009F90C220E215C4800F004F90C220F218F
:10131000594800F0FFF80C220021584800F0FAF874
:101320000C220121554800F0F5F80C220221534807
:1013300000F0F0F80C220321504800F0EBF80C22EA
:1013400004214E4800F0E6F80C2205214B4800F03D
:10135000E1F80C220A21494800F0DCF84FF4004083
:10136000179001208DF8600000208DF862000220A7
:101370008DF8610001208DF8630017A9404800F046
:1013800081F84FF63370179002208DF8600000202E
:101390008DF8620003208DF8610001208DF8630054
:1013A00017A9334800F06EF84FF6837017900220AB
:1013B0008DF8600000208DF8620003208DF8610038
:1013C00001208DF8630017A92A4800F05BF84FF25E
:1013D0003F00179002208DF8600000208DF8620019
:1013E00003208DF8610001208DF8630017A92248C1
:1013F00000F048F840F23F40179002208DF860005E
:1014000000208DF8620003208DF8610001208DF826
:10141000630017A9194800F035F8002001900290E8
:101420001820039000200490059006900790042057
:101430000890002009900A9010200B9000200C903A
:101440000E900D900F9010904FF48050119000204E
:1014500012901390149001A81590169008A8FFF709
:1014600017FE01210420FFF7F9FD19B000BD0000AF
:10147000000C02400010024000140240001802401C
:1014800000040240F0B50A4600210023002400BFFA
:101490003DE0012505FA01F3156805EA03049C42C5
:1014A00034D105684F000326BE40B5430560157969
:1014B0004E00B5400668354305601579012D02D010
:1014C0001579022D16D185684F000326BE40B5431D
:1014D000856055794E00B54086683543856045681E
:1014E00001268E40B5434560456896798E40B6B278
:1014F00035434560C5684F000326BE40B543C5600F
:10150000D5794E00B540C6683543C560491C1029E1
:10151000BFD3F0BDF0B5002300244D07ED0E02FA55
:1015200005F3CE1000F1200555F826504E07F70EB2
:101530000F26BE40B543CF1000F1200646F82750D5
:10154000CE1000F1200555F8265045EA0304CE10D0
:1015500000F1200545F82640F0BD41837047018326
:10156000704700002DE9F04105460C460026072390
:10157000012229460F48FEF7DBFF002712E00D4845
:10158000FFF732F800BF02210A48FEF73FFF0028AC
:10159000F9D00848FEF736FF0644052001F0C0FEEA
:1015A000781CC7B2A742EADBB6FBF4F080B2BDE814
:1015B000F08100000020014000BFFEE71CB50121C2
:1015C000112000F0C7FB00208DF804001C200090C3
:1015D00001208DF8070069460748FFF753FF0020F8
:1015E0008DF804000120009002208DF80700694664
:1015F0000248FFF747FF1CBD0010024000000240F8
:1016000010B50446012C01D1224908702148007808
:1016100001282AD12048006801280AD01F48006804
:1016200038B11E48001F006818B11C48083800680F
:10163000D8B90A2001F074FE002016490870164837
:101640000068012800D110BD1448006808B90220C4
:10165000F9E71248001F006808B90320F3E70F48B4
:1016600008380068A0B90420EDE70B48006878B995
:101670000A48006801280BD10848001F00680128AB
:1016800006D1064808380068012801D101490870D0
:101690000020D8E7320000200002404210024242FF
:1016A00010B51F210020FFF773FBC0F38204204612
:1016B00010BD00001CB500240121452000F04AFBAC
:1016C0000121880300F086FB012000F04FFF8620F7
:1016D000009003208DF8050002208DF80400002002
:1016E0008DF806008DF8070069463148FFF7CAFEFD
:1016F0000B2201212E48FFF70DFF0B2202212C485F
:10170000FFF708FF0B2207212948FFF703FF3220CC
:10171000009069462748FFF7B5FE0B2201212548B6
:10172000FFF7F8FE0B2204212248FFF7F3FE0B22FD
:1017300005212048FFF7EEFE4FF4D04000906946A7
:101740001D48FFF79FFE0B2211461B48FFF7E2FEE4
:101750000B220D211848FFF7DDFE0B220E21164843
:10176000FFF7D8FE0820009003208DF80500012027
:101770008DF8040000208DF806008DF807006946FA
:101780000E48FFF77FFE00200D490860322001F06F
:10179000C7FD01200B49C1F88C02FEF7C8FFFFF717
:1017A00039FA04460CB901201CBD0020FCE70000FA
:1017B000000002400008024000180240000C0240F5
:1017C0008C8241420080414270B506460F484088F5
:1017D000401E83B20D480088401E82B20021084698
:1017E00000F088F800240CE0002504E0304600F00A
:1017F000D9F9681C85B205484088A842F6DC601C0F
:1018000084B202480088A042EEDC70BD2A000020AD
:1018100000B502460F4882716AB9362000F0B6F969
:101820004C2000F0B9F94FF4F0700A4948804FF4A9
:10183000A07008800CE0362000F0A8F92C2000F001
:10184000ABF94FF4A070034948804FF4F070088062
:1018500000BD00002A00002070B504460D46164663
:101860002B4622462946204600F044F8304600F038
:1018700099F970BD2DE9F04304460D4616461F4602
:10188000DDF81C80B44201DCBD4201DDBDE8F0831F
:101890003B4632462946204600F02CF8301B401CBF
:1018A00084B2781B401C85B20BE0A94602E040469A
:1018B00000F078F9B9F10000A9F101011FFA81F9EE
:1018C000F5D1201EA4F101018CB2EED100BFDDE7FD
:1018D00010B50246012000E050430B1EA1F10104A7
:1018E000E1B2F9D110BD0000014800887047000046
:1018F0008000006C30B504460D462A2000F046F901
:10190000201200F049F9E0B200F046F9101200F0A0
:1019100043F9D0B200F040F92B2000F037F928123B
:1019200000F03AF9E8B200F037F9181200F034F993
:10193000D8B200F031F92C2000F028F930BD0000B9
:101940002DE9F84F80460E4617461C46B346204602
:10195000E31704EB5373DB1021464FEAE47C04EBFE
:101960005C7C4FEAEC0CA4EBCC0CBCF1000F02D079
:101970004FF0010C01E04FF0000C6344224604EBF1
:10198000D27C4FEA6C0C03FB0CF3DBB20093A7F1A3
:101990002000C7B2002556E00C2C07D107EB47000A
:1019A0002B4901EB800010F8059013E0102C05D1B5
:1019B000284800EB071010F805900BE0182C07D111
:1019C00007EBC700244901EB800010F8059001E007
:1019D000BDE8F88F4FF0000A2FE009F0800030B129
:1019E0001E48028831464046FFF736FF07E00A9856
:1019F00028B91B48028831464046FFF72DFF4FEAC1
:101A000049604FEA1069701C86B216484088B0429F
:101A100000DCDDE7A6EB0B00A0420AD15E4608F130
:101A200001001FFA80F80F480088404500DCCFE72E
:101A300006E00AF1010000F0FF0ABAF1080FCCDB62
:101A400000BF681CC5B200988542A5DB00BFBFE798
:101A5000A8F700081CFC00080C0201082600002062
:101A6000280000202A0000202DE9F84704460D46F2
:101A700090469946DDE9096704F0FF0A08EB040087
:101A80001FFA80F809EB05001FFA80F916E04445BB
:101A900002DB5446A81985B24D4500DB14E0002056
:101AA00000903A78334629462046FFF749FF3046F2
:101AB00006EBD07104EB61018CB27F1C38787E2874
:101AC00002DC38782028E2DA00BFBDE8F8872DE98B
:101AD000FF4F82B0064692461F46DDE90F480020C0
:101AE000019000254DE0781B401EC1B20A20FFF78F
:101AF000EFFEBAFBF0F00A21B0FBF1F201FB120994
:101B0000019850BB781EA84227DDB9F1000F22D101
:101B100008F0800078B108F00100A34604EBDB7107
:101B2000491001FB0561009088B2234630220399D9
:101B3000FFF706FF0EE008F00100A34604EBDB719F
:101B4000491001FB0561009088B2234620220399C9
:101B5000FFF7F6FE13E00120019008F00100A34614
:101B600004EBDB71491001FB0561009088B209F1BB
:101B70003001CAB223460399FFF7E2FE00BF681C9A
:101B8000C5B2BD42AFDB06B0BDE8F08F01490880A9
:101B9000704700007E00006C01490880704700001B
:101BA0008000006C0112044A1180C1B24FF0D8428B
:101BB000A2F88010704700008000006C2DE9F04111
:101BC00006460F4690461D460024002E2BD100BF2E
:101BD00027E058F8240015A1FEF739FB00BB55F8A3
:101BE000240013A1FEF733FB18B900201149086047
:101BF00016E055F8240010A1FEF729FB20B90020BB
:101C00000C49091D08600BE055F824000BA1FEF7F4
:101C10001EFB28B90120074908600949C1F8A8023C
:101C2000641CBC42D5D307A0BDE8F0816C6564009C
:101C300031000000A4824242320000003300000064
:101C4000008042422F53544D3332463478374C454E
:101C5000442E68746D6C00001CB50121202000F03A
:101C600079F801208DF804004002009003208DF8DF
:101C7000050000208DF8060001208DF80700694658
:101C80000A48FFF7FFFB4FF400710848FFF767FCB5
:101C90004FF48060009069460448FFF7F3FB4FF46F
:101CA00080610248FFF75BFC1CBD0000001402408D
:101CB00000BFFEE77047000070B5002100230F222F
:101CC000C4781CB3174C246804F4E064C4F5E064E1
:101CD000C4F30721C1F10404E3B20A4144789C40F3
:101CE000E1B28478144021430C07210E0E4C057894
:101CF0006155047804F01F050124AC4005786D118E
:101D0000AD0005F1E025C5F8004109E0047804F0D4
:101D10001F050124AC40054D0678761145F8264094
:101D200070BD00000CED00E000E400E080E100E0A8
:101D300002490143024A1160704700000000FA05A1
:101D40000CED00E0014908627047000000000E42FF
:101D50007047000029B1064A12680243044B1A601A
:101D600004E0034A12688243014B1A607047000086
:101D70003038024029B1064A12680243044B1A6007
:101D800004E0034A12688243014B1A607047000066
:101D90001038024029B1064A12680243044B1A6007
:101DA00004E0034A12688243014B1A607047000046
:101DB0003838024029B1064A12680243044B1A60BF
:101DC00004E0034A12688243014B1A607047000026
:101DD0004038024029B1064A12680243044B1A6097
:101DE00004E0034A12688243014B1A607047000006
:101DF00044380240F0B500210022002402250026CC
:101E00000223324F3F6807F00C0121B1042905D0AD
:101E1000082937D105E02E4F076036E02D4F0760C7
:101E200033E02A4F3F1F3F68C7F38056274F3F1FBD
:101E30003F6807F03F036EB1264FB7FBF3F7DFF8BB
:101E40008CC0ACF1040CDCF800C0CCF3881C07FBA0
:101E50000CF40CE01E4FB7FBF3F7DFF870C0ACF1E9
:101E6000040CDCF800C0CCF3881C07FB0CF4174F03
:101E70003F1F3F68C7F301477F1C7D00B4FBF5F7A8
:101E8000076002E0124F076000BF00BF0F4F3F68BE
:101E900007F0F0010909104F7A5C0768D7404760E6
:101EA0000A4F3F6807F4E051890A0B4F7A5C476894
:101EB000D7408760054F3F6807F46041490B064FE4
:101EC0007A5C4768D740C760F0BD00000838024020
:101ED0000024F40000127A000000002010B5014632
:101EE0000022002300204A11012A02D10A4C236853
:101EF00008E0022A03D1084C7034236802E0064C43
:101F00007434236801F01F02012494401C400CB17A
:101F1000012000E0002010BD003802400021094AE5
:101F200011701170012802D0042808D103E00121AA
:101F3000044A117004E00521024A117000E000BF5C
:101F400000BF7047703802400149086070470000C8
:101F50003C0E4742002100F44072B2F5407F08D1A8
:101F6000094A116821F4F811084A02401143064A4F
:101F70001160054A68321268C0F30B031A43024B22
:101F800068331A607047000008380240FFFCFF0FFA
:101F900010B54FF4807000F0D5F8012805D100028B
:101FA00000F024F80120034908604FF40030FFF7E7
:101FB0004FF810BDA0824242014600BF080900EB65
:101FC0008000420001F00F001044C0B2704701468B
:101FD000002204E0501CC2B2A1F10A00C1B20A29D9
:101FE000F8DA100741EA10607047000081B241F052
:101FF0008001044A126802F0800262EA0101014A8B
:10200000116070470C2800403EB541F6FF74012175
:102010000807FFF7CFFE0120FFF794FE002000F035
:10202000FFF845F25001884231D00120FFF776FFDA
:1020300004E0601C84B20A2001F072F94120FFF72D
:102040004DFF0028F5D00CB901203EBD4FF4807043
:10205000FFF780FF0120FFF777FF7F20019000202E
:102060000090FF200290684600F0A8F8002332227A
:102070001E21102000F0C2F9032321220421142084
:1020800000F0AAF945F25001002000F05FFA0020AC
:10209000DBE7000008B50022009200200021104A72
:1020A000126802F04002CAB9421E0D4B1A6000BF0E
:1020B0000B4A126802F04001009A521C0092009AEA
:1020C000B2F5803F01D00029F2D0054A126802F033
:1020D00040020AB1012002E0002000E0012008BD1A
:1020E0000C2800400348006820F080000149086087
:1020F000704700000C28004070B506460C460025CD
:102100000E4800680E4900EA0105280CE070C5F38E
:102110000420607005F03F00A070C5F342302070CD
:102120005EB9E078FFF748FFE0706078FFF744FFA2
:102130006070A078FFF740FFA07070BD04280040D9
:102140003FFFFF0010B5014600200022054B1B6831
:10215000054C03EA040202EA01030BB1012000E08E
:10216000002010BD0C2800407F3F010070B50646DE
:102170000C4600250F4800680F4900EA0105C5F329
:1021800005402070C5F30620607005F07F00A07048
:1021900005F48000000CE0705EB92078FFF70CFFBA
:1021A00020706078FFF708FF6070A078FFF704FFE9
:1021B000A07070BD002800407F7F7F0030B50446CE
:1021C0000025CA201549086053200860FFF762FF08
:1021D00000B91DE011481C38006820F040000F498C
:1021E0001C39086008460068216808430B491C39FF
:1021F00008600A491439A068086008460068A18888
:1022000040EA0140054914390860FFF76BFF0125DA
:10221000FF2002490860284630BD00002428004005
:1022200008B501460020009004480090009800EB9B
:10223000810000900098006808BD00005028004010
:102240002DE9F04105460C46002600274DB960787F
:1022500000F01000102804D1607820F010000A303F
:10226000607005B908E06078FFF7A6FE0646A07822
:10227000FFF7A2FE064600BF55B1E0780004617882
:1022800040EA0120A1780843217840EA413611E074
:10229000E078FFF79CFE4FEA00486078FFF797FE72
:1022A00048EA0028A078FFF792FE48EA0008207864
:1022B00048EA4036CA201249086053200860FFF7F8
:1022C000E9FE08B9002714E00E4830400C492039D7
:1022D0000860FFF707FF0A481C38006800F020007C
:1022E00030B900F003F908B9002702E0012700E047
:1022F0000127FF20024908603846BDE8F081000050
:10230000242800403FFFFF002DE9F04105460C4620
:10231000002600274DB92E48006800F0400000B1AB
:1023200002E00020E07000BF0DE02948006800F0E6
:10233000400020B12078FFF73FFE064602E0002073
:10234000E07000BF00BF55B120780004617840EA1A
:102350000120A1780843E17840EA014611E02078A5
:10236000FFF735FE4FEA00486078FFF730FE48EA95
:102370000028A078FFF72BFE48EA0008E07848EA3A
:102380000046CA2012491C31086053200860FFF73C
:1023900081FE08B9002713E00E4830400C49083987
:1023A0000860FFF79FFE0A48006800F0200030B97F
:1023B00000F09CF808B9002702E0012700E001279F
:1023C000FF2003491C3108603846BDE8F081000059
:1023D000082800407F7F7F00F8B504460D46174669
:1023E0001E468DF802708DF801508DF800608DF852
:1023F000034069460020FFF723FFF8BDF8B5044607
:102400000D4617461E468DF800408DF801508DF898
:1024100002708DF8036069460020FFF775FFF8BD74
:102420001CB54FF48060FFF78DFE012831D180028A
:10243000FFF7DCFD1948006808B9012000E0002022
:102440001649086016490020FFF790FE144880786E
:10245000009013484378027812A1184800F0C8FD94
:10246000164917A000F0B4FD17490020FFF744FEFD
:102470001548007814498978CDE90010124843784E
:10248000C27812A10D4800F0B3FD0C490CA000F079
:102490009FFD4FF48000FEF7DBFD1CBDA882424289
:1024A0004400002054696D653A20252E32643A2597
:1024B0002E32643A252E32640000000044020020CF
:1024C00025730D0A00000000480000204461746577
:1024D0003A20323025642D252E32642D252E32648B
:1024E00020204461792025640000000008B5002206
:1024F000009200200021CA22134B1A6053221A6056
:10250000114A183A126822F0A0020F4B183B1A60C9
:1025100000BF0D4A183A126802F02001009A521CBE
:102520000092009AB2F5003F01D00029F1D0064A8E
:10253000183A126802F020020AB1012000E00020DF
:10254000FF22014B1A6008BD2428004008B5002274
:102550000092044A0092009A02EB80020092009AD4
:10256000116008BD50280040704700000149086014
:1025700070470000DC0027420CB50020019000905D
:102580003448006840F480303249086000BF314868
:10259000006800F4003000900198401C0190009801
:1025A00018B90198B0F5A04FF1D12A48006800F49D
:1025B000003010B10120009001E000200090009850
:1025C000012846D123484030006840F0805021491E
:1025D000403108602048006840F440401E490860CF
:1025E0001C48083000681B4908310860084600682C
:1025F00040F4004008600846006840F4A0500860BD
:102600001648091F0860081F006840F08070091F05
:10261000086000BF0F48006800F000700028F9D083
:1026200040F205700E4908600A480830006820F042
:1026300003000849083108600846006840F00200BD
:10264000086000BF03480830006800F00C0008284C
:10265000F8D10CBD0038024000700040085440071B
:10266000003C0240042808D14FF0E021096941F004
:1026700004014FF0E022116107E04FF0E021096909
:1026800021F004014FF0E022116170477047000013
:1026900010B504466FF00400FFF7E4FFE11704EB08
:1026A0005171C1F3C701074A11701046007800EB61
:1026B0004001C1EBC0104FF6FF7101EAC0000249B2
:1026C000088010BD200000202200002010B5154811
:1026D000006840F47000134908601348006840F037
:1026E00001001149086000200F49083108600E48B8
:1026F00000680E4908400C4908600D48091D086033
:10270000081F006820F48020091F08600020064987
:102710000C310860FFF730FF4FF00060014980394D
:10272000086010BD88ED00E000380240FFFFF6FEB3
:102730001030002400B59DB001210846FFF72AFBA8
:102740000F200790002008906020099000200A9038
:102750000B900C900D901520009001900520029098
:102760000020039004900590069006200E90002013
:102770000F90109010201190002012901490139040
:10278000159016904FF480501790002018904FF439
:102790008040199000201A9007A81B90CDF870D0A7
:1027A0000EA8FEF775FC01210620FEF757FC1DB0B0
:1027B00000BD00001CB501217820FFF7CBFA0121F4
:1027C0000220FFF7C7FA0C220E216248FEF7A2FE94
:1027D0000C220F215F48FEF79DFE0C2200215D4870
:1027E000FEF798FE0C2201215A48FEF793FE0C22B8
:1027F00007215948FEF78EFE0C2208215648FEF7A5
:1028000089FE0C2209215448FEF784FE0C220A217D
:102810005148FEF77FFE0C220B214F48FEF77AFE4F
:102820000C2211464C48FEF775FE0C220D214A4839
:10283000FEF770FE0C220E214748FEF76BFE0C22BD
:102840000F214548FEF766FE0C2208214148FEF79D
:1028500061FE0C2209213F48FEF75CFE0C220A2192
:102860003C48FEF757FE0C2204213A48FEF752FE80
:102870000C2205213748FEF74DFE0C221146374841
:10288000FEF748FE0C2211463548FEF743FE4CF297
:102890003370009002208DF8040000208DF80600AF
:1028A00003208DF8050001208DF8070069462948AE
:1028B000FEF7E8FD4FF68070009002208DF80400CE
:1028C00000208DF8060003208DF8050001208DF80A
:1028D000070069462048FEF7D5FD4FF48050009070
:1028E00002208DF8040000208DF8060003208DF8EA
:1028F000050001208DF8070069461848FEF7C2FD63
:102900004FF48050009002208DF8040000208DF8D4
:10291000060003208DF8050001208DF807006946A8
:102920000F48FEF7AFFD4FF40040009001208DF8F6
:10293000040000208DF8060002208DF8050001201B
:102940008DF8070069460748FEF79CFD01200649FF
:1029500008601CBD000C0240001002400014024040
:102960000018024000040240BC82404210B5FFF74C
:1029700021FFFFF7DFFE322000F0D2FCD020FFF76E
:1029800005F9FEF7B1FF64498880FEF7ADFF6249A3
:1029900088800846818861A000F01AFBE920FFF7D3
:1029A000F5F82020FFF7F8F81120FFF7EFF84FF4C3
:1029B000FA7401E0601E84B2002CFBDC3A20FFF7C1
:1029C000E5F85520FFF7E8F8D120FFF7DFF8002001
:1029D000FFF7E2F86520FFF7DFF81F20FFF7DCF8CC
:1029E000D020FFF7D3F80720FFF7D6F80720FFF72E
:1029F000D3F88020FFF7D0F83620FFF7C7F84C2037
:102A0000FFF7CAF8C120FFF7C1F81020FFF7C4F89C
:102A10001020FFF7C1F80220FFF7BEF80220FFF7F1
:102A2000BBF8C020FFF7B2F80020FFF7B5F835205B
:102A3000FFF7B2F80020FFF7AFF80020FFF7ACF87F
:102A40000120FFF7A9F80220FFF7A6F8C420FFF73E
:102A50009DF80320FFF7A0F8C520FFF797F80120A5
:102A6000FFF79AF8D220FFF791F80120FFF794F8CA
:102A70002220FFF791F8E720FFF788F83820FFF7CA
:102A80008BF8F320FFF782F80820FFF785F8122073
:102A9000FFF782F81220FFF77FF80820FFF77CF895
:102AA000C820FFF773F80120FFF776F85220FFF7F0
:102AB00073F83720FFF770F81020FFF76DF80D203E
:102AC000FFF76AF80120FFF767F80420FFF764F8C2
:102AD0005120FFF761F87720FFF75EF80120FFF73C
:102AE0005BF80120FFF758F80D20FFF755F8082094
:102AF000FFF752F88020FFF74FF80020FFF74CF85F
:102B00002920FFF743F80020FEF782FE4FF6FF7002
:102B1000FEF75AFE10BD00002A000020204C43445E
:102B20002049443A25780D0A0000000010B5012123
:102B3000074800F06AF8012804D1064800680A3006
:102B4000044908600121024800F050F810BD00005F
:102B500000040040780000207FB505460C460121A6
:102B60000220FFF727F90295ADF804400020ADF8E8
:102B70000C00ADF8060001A90F4800F061F8012231
:102B800011460D4800F052F801210B4800F02EF8D4
:102B90001D208DF8000001208DF8010003208DF824
:102BA000020001208DF803006846FFF785F8012137
:102BB000014800F01EF87FBD0004004010B501215F
:102BC000084800F022F838B10748006808B9012029
:102BD00000E00020044908600121024800F006F8E6
:102BE00010BD000000080040A8824242CA43028291
:102BF000704721B1028842F00102028004E002889D
:102C00004FF6FE731A400280704730B5024600202E
:102C100000230024158A05EA0103958905EA0104C9
:102C200013B10CB1012000E0002030BD1AB183893E
:102C30000B43838102E083898B43838170470000CB
:102C400000220288184B98420ED0184B98420BD0A5
:102C5000B0F1804F08D0164B984205D0154B9842E2
:102C600002D0154B984204D14FF68F731A404B880F
:102C70001A43124B984207D0114B984204D04FF69A
:102C8000FF431A400B891A4302804B68C3620B88CA
:102C90000385054B984202D0044B984201D18B7AB0
:102CA0000386012383827047000001400004014035
:102CB0000004004000080040000C004000100040EC
:102CC0000014004010B540F225511D4800F0BAF83C
:102CD00010B31B4800F070F9C4B21A48008800F421
:102CE0000040C8B91748008800F4804060B10A2C41
:102CF00003D000201349088020E01248008840F4E7
:102D000000401049088019E00D2C06D10D480088BC
:102D100040F480400B49088010E00A480088C0F366
:102D20000D0009490C5407480088401C05490880DB
:102D300008460088C72801DD0020088010BD00007B
:102D400000100140240000207C01002010B588B054
:102D5000044601210846FEF7FDFF01211020FFF780
:102D600039F8072209212448FEF7D4FB07220A215B
:102D70002148FEF7CFFB4FF4C060069002208DF88B
:102D80001C008DF81D0000208DF81E0001208DF81C
:102D90001F0006A91848FEF775FB02940020ADF845
:102DA0000C00ADF80E00ADF81000ADF814000C20CA
:102DB000ADF8120002A9114800F094F801210F4863
:102DC00000F027F840210D4800F01AF8012240F2E7
:102DD00025510A4800F060F825208DF804000320F2
:102DE0008DF805008DF8060001208DF8070001A878
:102DF000FEF762FF08B010BD000002400010014065
:102E000001F40072B2F5007F00D100BFCA43028016
:102E1000704721B1828942F40052828104E08289A4
:102E20004DF6FF731A408281704702460020B1F5CB
:102E3000007F00D100BF13880B400BB1012000E0E0
:102E40000020704770B502460024002300250020B2
:102E500040F66A16B14200D100BFC1F3421501F03D
:102E60001F03012606FA03F3012D02D19689334090
:102E700006E0022D02D1168A334001E0968A3340E3
:102E80000C12012606FA04F41688344013B10CB172
:102E9000012000E0002070BDF0B5034600240026AC
:102EA0000025002040F66A17B94200D100BF18463D
:102EB000C1F3421401F01F06012707FA06F5012CA1
:102EC00001D10C3004E0022C01D1103000E01430AC
:102ED0001AB107682F43076002E00768AF43076035
:102EE000F0BD00002DE9FF4705460E460024A1462F
:102EF00000BFA046B08900B100BF2C8A24F4405422
:102F0000F08804432C82AC8941F20C608443B08881
:102F100031890843718908430443AC81AC8A24F4A5
:102F20004074B0890443AC826846FEF763FF2048D2
:102F3000854202D01F48854202D1DDF80C9001E0A5
:102F4000DDF80890A88900F4004040B109EBC90001
:102F500000EB091031684900B0FBF1F707E009EB1D
:102F6000C90000EB091031688900B0FBF1F764205B
:102F7000B7FBF0F004012009642101FB1078A88957
:102F800000F4004040B1322000EBC800B0FBF1F08B
:102F900000F00700044308E0322000EB0810642131
:102FA000B0FBF1F000F00F0004432C81BDE8FF8777
:102FB000001001400014014001468888C0F3080059
:102FC0007047C1F308028280704700BFFEE700002F
:102FD0000FB4054B10B503A9044A029800F02CF871
:102FE00010BC5DF814FB0000754400086C01002063
:102FF0000FB4084B10B504A902AA039800F01CF8FE
:10300000044602A9002000F077F9204610BC5DF8C4
:1030100014FB0000F932000802E008C8121F08C1C2
:10302000002AFAD170477047002001E001C1121F49
:10303000002AFBD1704700002DE9FF4F8DB09B4661
:103040000F460446002606E025280BD05A460F9965
:103050009047641C761C20780028F5D111B03046CA
:10306000BDE8F08F0025A8460122984900E00543FD
:1030700014F8013F203B02FA03F00842F7D1207810
:103080002E2817D114F8010F45F004052A280ED078
:103090006FF02F022078A0F1300109290AD808EB3F
:1030A000880102EB410100EB0108641CF2E757F8CC
:1030B000048B641C20786C280DD004DC4C2812D0C2
:1030C0006A2811D104E074280DD07A280CD10AE0C6
:1030D00045F4001507E0617845F48015814202D17E
:1030E000641C05F58015641C2278692A45D008DC2B
:1030F000002AB3D0582A69D0632A10D0642A08D194
:103100003BE0702A67D0732A13D0752A5CD0782AE6
:103110005CD010465A460F999047761CD3E017F8BA
:10312000040B8DF8000000208DF80100E946012015
:1031300003E057F8049B4FF0FF3069074FF000059C
:1031400001D40AE06D1C45450DDA8542FADB19F819
:1031500005100029F6D106E06D1C8542FCDB19F84C
:1031600005100029F8D12E4404E019F8010B5A4645
:103170000F9990476D1EF8D2A5E00A200021CDE9F5
:103180000801C5F3025002280DD001CFC117031E5C
:1031900071F100030DDA4FF0000CD0EB0C006CEB7A
:1031A00001012D2308E0FF1D27F00707F7E80201C2
:1031B000EDE72B0504D52B238DF8283001233BE0C8
:1031C000EB0739D02023F7E70A2000E01020002188
:1031D000CDE9080107E01020002145F00405CDE904
:1031E00008014FF00808C5F3025002280FD001CFA4
:1031F00000214FF0000A2B071FD5702A0DD0DDE902
:1032000008C38CF0100C5CEA030C0CD015E0FF1D19
:1032100027F00707F7E80201EBE740228DF82820A6
:103220004FF0010A0BE050EA010306D030238DF87D
:1032300028308DF8292002239A46582A04D024A247
:103240000DF120090B9209E026A2F9E7DDE9082338
:10325000FDF727F80B9B9B5C09F8013D50EA010242
:10326000F4D1ADEB090020300890680701D44FF08D
:1032700001080899884502DDA8EB010000E0002064
:103280008046002506E00AA85A46405D0F999047FF
:103290006D1C761C5545F6DB04E030205A460F992C
:1032A0009047761CB8F10001A8F10108F5DC05E0B3
:1032B00019F8010B5A460F999047761C0899481E39
:1032C00008900029F4DC641CC5E600000928010010
:1032D000303132333435363738396162636465668C
:1032E000000000003031323334353637383941424E
:1032F00043444546000000000A68531C0B601070F0
:103300007047000010B5044600F086FE0022034915
:1033100041F2883006F0B2F910BD00000533000814
:1033200070B504464FF4077094FBF0F0C6B24FF44A
:10333000077094FBF0F100FB114085B205E04FF4FB
:10334000077000F009F8701EC6B2002EF7D115B153
:10335000284600F001F870BD0146114A12884A4320
:103360004FF0E0235A6100229A611A46126942F036
:1033700001021A6100BF4FF0E022106900F0010263
:103380001AB100F48032002AF5D04FF0E022126921
:1033900022F001024FF0E0231A6100229A61704787
:1033A000220000202DE9FC4705468846164600BF4E
:1033B00055B900BF47A340F2BB224FA152A0FFF76F
:1033C00007FE00BFBDE8FC8700BF70892A2803DA2A
:1033D000304605F001FDF5E7776807F10E04208817
:1033E000B0F5807F08D12079062805D160790428BE
:1033F00002D16088082803D0304605F0EDFCE1E7F3
:10340000D4F80E000190A0690090281D08B16868EA
:1034100010B94FF0000907E000986968884201D1AF
:10342000012000E000208146B9F1000F01D0012009
:1034300000E00220034604F1080201A9284600F03A
:1034400031FEE088B0F5807F03D0B0F5007F3AD13F
:1034500038E0B9F1000F33D0022003F024FFE08000
:10346000D4F80E00A0616868C4F80E0000BF95F89B
:103470002200062808D000BF16A340F211322D49C1
:1034800021A0FFF7A5FD00BF00BFA068C4F812008F
:10349000A089E082A0683860A089B880D8F80000D0
:1034A000A060B8F80400A081D8F80000C7F80600B2
:1034B000B8F80400788131462846AA69904700E0B0
:1034C00000BF01E000E000BF00BF304605F084FC13
:1034D00000BF77E74C5749505C6C7769702D312EEF
:1034E000342E315C7372635C6E657469665C6574FE
:1034F000686172702E6300006E6574696620213DFC
:10350000204E554C4C000000417373657274696F16
:103510006E2022257322206661696C6564206174C7
:10352000206C696E6520256420696E2025730D0A64
:1035300000000000643302082DE9FE4F064688466D
:103540004FF00A09CA460A27002400200290019081
:10355000BB46009000BF6BE004EB84006F4901EBB9
:103560008000857C0A2F02D10DB967B25EE0002D84
:103570005CD000BF012D0AD0022D08DA00BF68A37D
:1035800040F22B126FA17FA0FFF722FD00BF00BF0A
:103590005EB104EB8401614A02EB81013068496845
:1035A000884202D160B2BDE8FE8F012D2AD104EB22
:1035B00084005A4951F8200088B104EB840001EBE3
:1035C0008000C17C0098814230DB4FFA84FB04EB21
:1035D0008400524901EB8000C07C009026E004EB9F
:1035E00084004E4901EB8000C17C029881421DDBC2
:1035F0004FFA84F904EB8400484901EB8000C07C59
:10360000029013E0022D11DB04EB8400434901EB2F
:103610008000C17C0198814208DB4FFA84FA04EBF8
:1036200084003E4901EB8000C07C0190601CC4B264
:103630000A2C91DB08F0020020B90A2F05D108F00E
:10364000010010B94FF0FF30ADE70A2F01DAFCB2EC
:1036500034E0BAF10A0F12DA0AF0FF0400BF04EBFB
:1036600084002E4951F8200040B100BF2CA340F245
:1036700071124FA143A0FFF7ABFC00BF0EE0B9F100
:103680000A0F02DA09F0FF0408E0BBF10A0F02DAC0
:103690000BF0FF0402E04FF0FF3084E700BF0A2C7C
:1036A00008DB00BF1EA340F2831247A135A0FFF73D
:1036B0008FFC00BF00BF204600F0A6F800BF0A2C18
:1036C00008DB00BF16A340F287123FA12DA0FFF731
:1036D0007FFC00BF00BF00BF04EB84000F4901EB7B
:1036E0008000807C40B100BF0DA34FF4C4723BA1A9
:1036F00024A0FFF76DFC00BF00BF36B104EB8401CE
:10370000064A02EB810130684860002004EB840126
:10371000024A02EB8101C87460B244E710B3012091
:103720004C5749505C6C7769702D312E342E315CCA
:103730007372635C6E657469665C657468617270EF
:103740002E6300007374617465203D3D204554482C
:103750004152505F53544154455F50454E44494E89
:1037600047207C7C207374617465203E3D20455465
:10377000484152505F53544154455F535441424C69
:1037800045000000417373657274696F6E202225D5
:103790007322206661696C6564206174206C696EB7
:1037A0006520256420696E2025730D0A0000000045
:1037B0006172705F7461626C655B695D2E71203D42
:1037C0003D204E554C4C000069203C204152505F3A
:1037D0005441424C455F53495A4500006172705F45
:1037E0007461626C655B695D2E7374617465203D04
:1037F0003D204554484152505F53544154455F4524
:103800004D5054590000000010B5044604EB8400EC
:103810000C4951F8200060B104EB8401094A52F8C8
:10382000210005F0D9FA002004EB8401054A42F892
:103830002100002004EB8401024A02EB810188741C
:1038400010BD000010B301202DE9FC4704460F46CF
:103850001546A94600BF44B900BF59A340F27532CE
:1038600060A164A0FFF7B4FB00BF00BF00BF47B971
:1038700000BF53A340F2763269A15EA0FFF7A8FB18
:1038800000BF00BF00BF45B900BF4DA340F2773273
:1038900066A158A0FFF79CFB00BF00BF0E21384671
:1038A00005F06AFB18B16FF00100BDE8FC87214606
:1038B000286802F0DFFA10B1DFF8808177E028781D
:1038C00000F0F000E02815D101208DF80000002064
:1038D0008DF801005E208DF80200687800F07F000E
:1038E0008DF80300A8788DF80400E8788DF80500BD
:1038F000E8465BE02868A1680840D4E9011211405D
:10390000884210D0288880B24FF6A96188420AD038
:1039100004F10C0020B1E06810B104F10C0902E0E0
:103920006FF00300C1E74648007800EB800045498E
:1039300001EB8000807C022812DB4149097801EB11
:103940008101404A02EB8101D9F8000049688842B0
:1039500006D13B4802783946204600F075F8A4E7C6
:1039600000261BE006EB8600364901EB8000807CD8
:10397000022811DB06EB8601324A02EB8101D9F8FD
:1039800000004968884207D12D490E70F2B23946CD
:10399000204600F059F888E7701C46B20A2EE1DB99
:1039A0003A464946204600F0D7F87EE700BF434636
:1039B00004F123023946204600F0DAFA75E70000E8
:1039C0004C5749505C6C7769702D312E342E315C28
:1039D0007372635C6E657469665C6574686172704D
:1039E0002E6300006E6574696620213D204E554CA3
:1039F0004C000000417373657274696F6E2022255C
:103A00007322206661696C6564206174206C696E44
:103A10006520256420696E2025730D0A00000000D2
:103A20007120213D204E554C4C00000069706164AE
:103A3000647220213D204E554C4C0000DC310208C0
:103A4000D000002010B3012070B505460E46144684
:103A500000BF04EB84001F4901EB8000807C02283A
:103A600008DA00BF1CA34FF4537224A12FA0FFF764
:103A7000AFFA00BF00BF04EB8400164901EB8000E1
:103A8000807C022817D104EB840001EB8000C07C0D
:103A9000E42810DB04EB84000A4602EB8000011DE1
:103AA000284600F04FFA30B9032004EB8401094A9C
:103AB00002EB8101887404EB8400064901EB80006D
:103AC00000F10C0305F123023146284600F050FABC
:103AD00070BD000010B301204C5749505C6C7769F1
:103AE000702D312E342E315C7372635C6E65746997
:103AF000665C6574686172702E6300006172705F4D
:103B00007461626C655B6172705F6964785D2E736D
:103B100074617465203E3D204554484152505F53C6
:103B2000544154455F535441424C450041737365C1
:103B30007274696F6E2022257322206661696C653C
:103B400064206174206C696E6520256420696E2094
:103B500025730D0A000000002DE9F05F80460F4636
:103B6000164608F123094FF0FF3A4146386802F043
:103B700081F938B9387800F0F000E02802D00FB1B0
:103B8000386818B96FF00D00BDE8F09F0121384684
:103B9000FFF7D2FC0446002C01DA2046F4E704EBE0
:103BA00084005A4901EB8000807C30B9012004EB8D
:103BB0008401564A02EB8101887400BF04EB840043
:103BC000524901EB8000807C01280FD004EB840077
:103BD00001EB8000807C022808DA00BF4CA340F291
:103BE000194254A15DA0FFF7F3F900BF00BF04EB39
:103BF0008400464901EB8000807C012800D03EB95A
:103C00003946404600F09EF982460EB95046BBE761
:103C100000BF46B900BF3EA340F22D425AA14FA0BB
:103C2000FFF7D6F900BF00BF04EB8400374901EB72
:103C30008000807C02280FDB56490C7004EB840066
:103C4000324901EB800000F10C034A463146404600
:103C500000F08EF9824657E004EB84002B4901EB1B
:103C60008000807C01284FD14FF0000B354617E0D3
:103C700000BF6889298988420AD1286840B100BFFD
:103C800023A340F23E4244A134A0FFF7A1F900BFB4
:103C900000BF287B012802D04FF0010B02E02D6805
:103CA000002DE5D100BFBBF1000F10D02989002203
:103CB000032004F09DFB05466DB13146284604F013
:103CC000D1FE40B1284605F087F8002503E03546CF
:103CD000284605F0D5FAA5B104EB84000B4951F84C
:103CE000200030B104EB8401084A52F8210005F0AD
:103CF00073F804EB8400054941F820504FF0000AA6
:103D000001E04FF0FF3A00BF50463DE710B30120FD
:103D10004C5749505C6C7769702D312E342E315CD4
:103D20007372635C6E657469665C657468617270F9
:103D30002E6300006172705F7461626C655B695D27
:103D40002E7374617465203D3D2050454E44494EAC
:103D500047206F7220535441424C450041737365B4
:103D60007274696F6E2022257322206661696C650A
:103D700064206174206C696E6520256420696E2062
:103D800025730D0A000000007120213D204E554C86
:103D90004C000000D00000206E6F207061636B65E6
:103DA000742071756575657320616C6C6F776564DF
:103DB000210000002DE9F84F0746884691469A46B3
:103DC000DDF828B00020009000BF47B900BF37A33E
:103DD00040F2A5423EA142A0FFF7FAF800BF00BFA3
:103DE00000222A21032004F003FB05461DB94FF0F1
:103DF000FF30BDE8F88F00BF68892A2808DA00BFC5
:103E00002AA34FF4966241A135A0FFF7E1F800BF65
:103E100000BF6E6806F10E040D9803F044FAE080CE
:103E200000BF97F82200062808D000BF1FA34FF458
:103E3000976243492AA0FFF7CBF800BF00BFDAF82A
:103E40000000A060BAF80400A0810B980168C4F8D3
:103E500012108088E082D9F800003060B9F80400C0
:103E6000B080D8F80000C6F80600B8F804007081E9
:103E7000DBF80000C4F80E000C980068A0614FF455
:103E800080702080082060800620207104206071EE
:103E90004FF4C160B08129463846BA699047009016
:103EA000284604F099FF00250098A2E74C57495096
:103EB0005C6C7769702D312E342E315C7372635CCB
:103EC0006E657469665C6574686172702E6300006B
:103ED0006E6574696620213D204E554C4C000000F3
:103EE000417373657274696F6E2022257322206698
:103EF00061696C6564206174206C696E652025645D
:103F000020696E2025730D0A000000006368656358
:103F10006B207468617420666972737420706275B6
:103F2000662063616E20686F6C64207374727563C1
:103F300074206574686172705F68647200000000CC
:103F4000643302087FB504460D460121064A201D50
:103F500004F123038DE825000391044A1946204605
:103F6000FFF728FF04B070BDE2310208DC3102081F
:103F70002DE9F04104460E4617469846756800BF85
:103F800094F82200062808D000BF0EA340F2A31226
:103F9000154916A0FFF71CF800BF00BFD8F80000B5
:103FA0002860B8F80400A8803868C5F80600B8880A
:103FB00068810820A88131462046A2699047BDE863
:103FC000F08100004C5749505C6C7769702D312EA0
:103FD000342E315C7372635C6E657469665C657403
:103FE000686172702E630000643302084173736568
:103FF0007274696F6E2022257322206661696C6578
:1040000064206174206C696E6520256420696E20CF
:1040100025730D0A0000000070B500243DE004EB9C
:1040200084001F4901EB8000857C25B304EB8400EC
:1040300001EB8000C07C401C04EB8401184A02EBB9
:104040008101C87404EB8400114601EB8000C07C40
:10405000F0280DDA04EB840001EB8000807C01285D
:104060000AD104EB840001EB8000C07C022803DB52
:104070002046FFF7C9FB0EE004EB8400084901EB82
:104080008000807C032806D1022004EB8401044ACE
:1040900002EB81018874601CC4B20A2CBFDB70BDC6
:1040A00010B301202DE9F04706460D461746984605
:1040B00000BF96F82200062808D000BF2CA340F2CB
:1040C000C31234A13DA0FEF783FF00BF00BF5DB166
:1040D000286848B13146286801F0CCFE20B928781C
:1040E00000F0F000E02803D16FF00D00BDE8F0878C
:1040F00041462846FFF720FA0446002C01DA204604
:10410000F4E7022004EB8401374A02EB8101887452
:1041100004EB8400114601EB8000866004EB840010
:1041200001EB80003968C160B9880182002004EB8E
:10413000840102EB8101C87404EB8400114651F83C
:10414000200098B104EB840051F82090002004EB8B
:10415000840142F821003B4606F1230249463046DD
:10416000FFF706FF484604F037FE00BF0020BDE71A
:104170004C5749505C6C7769702D312E342E315C70
:104180007372635C6E657469665C65746861727095
:104190002E6300006E657469662D3E687761646405
:1041A000725F6C656E203D3D204554484152505F22
:1041B0004857414444525F4C454E0000417373657B
:1041C0007274696F6E2022257322206661696C65A6
:1041D00064206174206C696E6520256420696E20FE
:1041E00025730D0A0000000010B301202DE9F041F5
:1041F00004460E464FF00E0860890E2800DC52E09F
:104200006568AF89287800F00100B0B128780128EE
:1042100009D1687888B9A8785E280ED1607B40F013
:104220001000607309E0062221492846FCF71DF8BA
:1042300018B9607B40F008006073082F03D0B7F511
:10424000C16F2BD11DE096F8290000F0200000B9C5
:1042500029E0C8F1000001B2204604F08DFE58B1FB
:1042600000BF00BF13A340F24F521BA123A0FEF7D3
:10427000AFFE00BF00BF16E03146204601F088FFC8
:104280000DE096F8290000F0200000B90BE022466E
:1042900006F123013046FFF785F800E003E000BF98
:1042A0000020BDE8F081204604F096FD0020F8E7EC
:1042B000DC3102084C5749505C6C7769702D312E07
:1042C000342E315C7372635C6E657469665C657410
:1042D000686172702E63000043616E2774206D6FF9
:1042E0007665206F76657220686561646572206905
:1042F0006E207061636B657400000000417373652C
:104300007274696F6E2022257322206661696C6564
:1043100064206174206C696E6520256420696E20BC
:1043200025730D0A0000000010B5044600BF3CB91B
:1043300000BF0BA3742214A116A0FEF749FE00BF14
:1043400000BF652084F82A006E212B2001551C48EF
:1043500060611C48A061204602F094FD002010BD61
:104360004C5749505C6C7769702D312E342E315C7E
:104370007372635C6E657469665C65746865726EA1
:10438000657469662E6300006E65746966213D4E32
:10439000554C4C00417373657274696F6E20222511
:1043A0007322206661696C6564206174206C696E9B
:1043B0006520256420696E2025730D0A0000000029
:1043C000493800089D6F000870B50446204602F089
:1043D000ABFD064616B94FF0FF3070BD21463046A2
:1043E0002269904705461DB1304604F0F5FC0026D1
:1043F0002846F2E72DE9F04180460E460EB13078AE
:1044000010B90020BDE8F081344600252BE008F10A
:10441000F40040F82540274626212046FBF706FFFA
:1044200004461CB100202070641C08E0202138469E
:10443000FBF7FCFE04460CB10020207000243D2157
:104440003846FBF7F3FE07463FB100203870781C72
:1044500008F59A7141F8250004E0002108F59A70EA
:1044600040F825106D1C102D01DA002CCFD1284604
:10447000C8E7000070B504460D46E1B20548FEF7F6
:10448000A0FD00BF80210348FEF7CFFC0028F9D033
:10449000204670BD001001400146D1E90102801A9A
:1044A000704710B50446204600F002F810BD000029
:1044B00010B5014600200FE000EB4002084B03EB73
:1044C000C2028A4207D1002200EB4003044C04EBF5
:1044D000C3031A7502E0401C0A28EDDB00BF10BDC3
:1044E00020AE0120002114E001EB41000B4A02EB59
:1044F000C000007D60B9012001EB4102074B03EBD6
:10450000C202107501EB41001A4602EBC000704771
:10451000491C0A29E8DB0020F9E7000020AE012051
:1045200070B50646FFF7DEFF05460DB9002070BDE9
:104530000D4C11E030466168FBF789FE58B9A06860
:104540002860E0686860E068A8600020E860207C7F
:1045500028742846EBE72468002CEBD12846FFF7A7
:10456000A7FF0020E3E70000903102082DE9F041A9
:1045700004460F461646D4E90110884203D14FF095
:10458000FF30BDE8F081D4E90101451AB54200DDF4
:104590003546A268206881182A463846FBF710FE87
:1045A000A0682844A0602846EBE7000070B50446E8
:1045B00031480068F0B131480068D8B1304800682F
:1045C000C0B1002512E02D48006850F8251004F114
:1045D0002E00FBF73CFE40B9C02204F13001284612
:1045E000254B1B689847608570BD6D1C244800688A
:1045F0008542E8DB04F12E00FBF722FEA72804D257
:1046000004F12E00FBF71CFE00E0A7200646122254
:104610001CA104F13000FBF7D3FD324604F12E015A
:1046200004F14200FBF7CCFD06F1120004F1300169
:10463000084419A10A6802608A8882808979817198
:10464000002206F1190004F130010A540846FBF774
:10465000F7FD064600BFB6F5803F08D300BF10A3A4
:104660004FF41F7218A11CA0FEF7B2FC00BF00BFE0
:10467000668500BFB8E70000A4000020AC00002061
:10468000A80000203C623E2A2A2A554E4B4E4F5726
:104690004E205441472000002A2A2A3C2F623E0027
:1046A0004C5749505C6C7769705F6170705C7765DE
:1046B000625F7365727665725F64656D6F5C687466
:1046C0007470642E630000006C656E203C3D2030E9
:1046D0007866666666000000417373657274696F80
:1046E0006E2022257322206661696C6564206174E6
:1046F000206C696E6520256420696E2025730D0A83
:10470000000000002DE9F04105460E4690462F4678
:1047100000BF387E012808D000BF16A340F604026F
:104720001EA12AA0FEF754FC00BF00BF01213046A5
:1047300009F02EFA01F000F804461CB94FF0FF30E2
:10474000BDE8F0812146304605F054F92A4930464B
:1047500008F0D8FB2949304606F0FEF90422284922
:10476000304607F093FB2749304608F02DFE002025
:10477000E6E700004C5749505C6C7769705F6170E8
:10478000705C7765625F7365727665725F64656D94
:104790006F5C68747470642E630000007063622D37
:1047A0003E7374617465203D3D204C495354454E21
:1047B000202863616C6C656420666F722077726F6D
:1047C0006E67207063623F290000000041737365CB
:1047D0007274696F6E2022257322206661696C6590
:1047E00064206174206C696E6520256420696E20E8
:1047F00025730D0A00000000754D00085948000897
:104800002D4D00084755000870B505460C4600219F
:10481000284605F0EFF80021284608F073FB002138
:10482000284606F099F900221146284607F02EFB8B
:104830000021284608F0C8FD204600F08BFF2846DE
:1048400005F0B4FD064626B104220249284607F0C9
:104850001DFB70BD2D4D000870B504460E46254663
:1048600015B1284600F076FF70BD00002DE9F74F26
:10487000064691464FF00008002086F82C0001986B
:1048800000782F2827D10198407820BB002414E01D
:10489000434951F83400FFF743FE8046404850F842
:1048A00034000190B8F1000F06D03D4800EBC40081
:1048B000007986F82C0002E0641C052CE8D300BFC8
:1048C000B8F1000F64D101A800F072F88046002012
:1048D00086F82C005CE03F210198FBF7A7FC054619
:1048E00015B1002028706D1C2E48006870B32E484A
:1048F000006858B300271CE02B48006850F83710B8
:104900000198FBF7A4FC98B929463046FFF772FDE1
:1049100082462548006800EBC70006F59A7306F149
:10492000F4025146D0F804C03846E047019004E054
:104930007F1C1C4800688742DEDB00BF1948006806
:10494000874203D115B16D1E3F2028700198FFF7F3
:10495000E7FD8046B8F1000F03D101A800F028F868
:104960008046B8F1000F13D0002086F82C000024F8
:104970000BE00E4850F824100198FBF745FC18B1E5
:10498000012086F82C0002E0641C042CF1D300BF47
:104990004A4641463046019B00F038F8BDE8FE8F9C
:1049A000A4310208B4000020B000002094000020D0
:1049B00070B504460CA020602068FFF7B1FD0546E5
:1049C0007DB90CA020602068FFF7AAFD054645B917
:1049D0000BA020602068FFF7A3FD05460DB900205D
:1049E0002060284670BD00002F3430342E68746D6E
:1049F0006C0000002F3430342E68746D000000000D
:104A00002F3430342E7368746D6C00002DE9F04142
:104A100004460D4616469846002D43D000202085BA
:104A200084F8F1002868E0616868606228682062A4
:104A300025602868606000BF6868002808DA00BF49
:104A40001CA340F2297225A12CA0FEF7C1FA00BFD9
:104A500000BF686860610020207600BF2068007C8D
:104A6000002808D100BF13A34FF4E6622EA123A0B3
:104A7000FEF7AEFA00BF00BF2068007CB8B1B6B147
:104A800034A16269606804F0CDFD07464FB1391D5D
:104A90006268881A6168014461606169091A61612C
:104AA00000BF04E00020206060606061207600208C
:104AB000BDE8F0814C5749505C6C7769705F61705C
:104AC000705C7765625F7365727665725F64656D51
:104AD0006F5C68747470642E6300000046696C65D6
:104AE000206C656E677468206D7573742062652034
:104AF000706F736974697665210000004173736596
:104B00007274696F6E2022257322206661696C655C
:104B100064206174206C696E6520256420696E20B4
:104B200025730D0A00000000485454502068656148
:104B300064657273206E6F7420696E636C75646552
:104B40006420696E2066696C652073797374656D85
:104B5000000000000D0A0D0A000000002DE9F74FCB
:104B600084B00C460498D0F8008000BFB8F1000F64
:104B700008D100BF4DA340F2116256A158A0FEF724
:104B800027FA00BF00BF00BF44B900BF47A340F2EF
:104B900012625EA152A0FEF71BFA00BF00BF2068A0
:104BA00008B9606820B16FF0070007B0BDE8F08F6A
:104BB000A06810B9C4F8088003E04146A06803F07B
:104BC0009BFEA068006898B1A068008940F2FF31A0
:104BD000884202DAA068008901E040F2FF30814695
:104BE00000234A464C49A06804F052F84A4E04E0BB
:104BF000D8F80460B8F80A9000BFB9F1070F42DB9B
:104C00004A4646A1304604F00DFD8246BAF1000F37
:104C100039D000200390042241A13046FBF732FB3B
:104C200008B9F51C04E0002030716FF00D00BCE7FE
:104C3000681C801BA9EB000080B202903AA1681C9E
:104C4000029A04F0EFFC07463FB934A1681C029AAF
:104C500004F0E8FC074601200390681C381A80B273
:104C600001907FB1AF420DD9681C009000202870E0
:104C70000022DDE9000142542046039A0099FFF723
:104C8000F5FD92E700BFA06803F0E3FE8346A0684D
:104C90000089B0F5806F05DABBF10A0F02DC6FF016
:104CA000040082E76FF00D007FE700004C57495089
:104CB0005C6C7769705F6170705C7765625F73656B
:104CC000727665725F64656D6F5C68747470642E73
:104CD000630000007020213D204E554C4C00000028
:104CE000417373657274696F6E202225732220668A
:104CF00061696C6564206174206C696E652025644F
:104D000020696E2025730D0A0000000068732021C1
:104D10003D204E554C4C000010AF01200D0A000004
:104D200047455420000000002000000070B50546F3
:104D30000E462C462CB921463046FFF765FD002073
:104D400070BD207E401C2076207E042805D121469F
:104D50003046FFF759FD0020F2E74CB1206838B12A
:104D60002146304600F0A2F810B1304606F0C8FCEB
:104D70000020E5E72DE9FF4107460E4698466FF013
:104D800009043D46B8F1000F02D1029800B18DB977
:104D9000029838B102980189304608F019F9029852
:104DA00004F01AF829463046FFF72EFD002004B023
:104DB000BDE8F08102980189304608F009F92868B9
:104DC00000281BD13246294602A8FFF7C7FE044639
:104DD00000BF002C11D0601D00280ED00930002823
:104DE0000BD0801F002808D000BF10A340F2D6725D
:104DF00018A123A0FEF7ECF800BF00BF601D30B182
:104E0000A86820B1A86803F0E7FF0020A86024B9D3
:104E10002946304600F04AF806E004F10E0018B9C1
:104E200029463046FFF7F0FC0020C0E74C574950B8
:104E30005C6C7769705F6170705C7765625F7365E9
:104E4000727665725F64656D6F5C68747470642EF1
:104E500063000000687474705F70617273655F72E4
:104E60006571756573743A20756E657870656374E5
:104E700065642072657475726E2076616C7565006C
:104E8000417373657274696F6E20222573222066E8
:104E900061696C6564206174206C696E65202564AD
:104EA00020696E2025730D0A000000002DE9F843EB
:104EB00005460C464FF0000900276069002849D1DB
:104EC000206830B921462846FFF79EFC0020BDE847
:104ED000F8832068FFF7E0FA002805DC2146284621
:104EE000FFF792FC0020F2E7E06808B126691CE0B9
:104EF000A87F00F0080010B1E88E0C3800E0E88EC2
:104F0000460000BFB0B202F069FDE060E06808B1A1
:104F1000266105E0304606EBD0714E10642EF1DCC0
:104F200000BFE06808B90020D1E73246E168206898
:104F3000FFF71CFB0646002E05DA21462846FFF740
:104F400063FC0120C3E76661E06860606662E06858
:104F5000E06100BF94F82C0000284BD1B5F8660042
:104F60006169884203D2B5F86600009012E0A08A19
:104F700080B2009000BFBDF800106069884208D080
:104F800000BFE7A340F28B32EFA1F8A0FEF720F8B4
:104F900000BF00BFA87F00F0080010B1E88E0C38F9
:104FA00000E0E88E1FFA80F84FEA4800BDF80010D4
:104FB000884203DA4FEA4840000C009094F82C0035
:104FC00008B1012000E0002003466A4628466168D7
:104FD00000F0D6FB0746002F0BD14FF00109BDF8BA
:104FE0000010606808446060BDF800106069401AF5
:104FF000606199E2B5F8660000906168E0698842F6
:1050000053D96168E069401AB5F86610884203DD3B
:10501000B5F86600009015E000BF6168E069401ACD
:10502000B0F5803F08DB00BFBDA340F2A932DAA192
:10503000CEA0FDF7CDFF00BF00BFA08BA188401A16
:1050400080B20090A87F00F0080010B1E88E0C3804
:1050500000E0E88E1FFA80F84FEA4800BDF8001023
:10506000884203DA4FEA4840000C009094F82C0084
:1050700008B1012000E0002003466A462846616826
:1050800000F07EFB07465FB94FF00109BDF8001044
:10509000606808446060BDF800106069401A606193
:1050A000B5F8660008B9484611E7DAE1BDF8000036
:1050B00008B948460BE794F8F100052815D2DFE857
:1050C00000F0031534A7F000E0690078BB490968D7
:1050D0000978884203D1012084F8F1002085606AB4
:1050E000401E6062E069401CE061B9E1208D052846
:1050F00005D100202085022084F8F10014E0E06949
:105100000078218DAD4A1268515C884203D1208D10
:10511000401C208502E0002084F8F100606A401EF7
:105120006062E069401CE0619AE1208DB0B9E069FD
:10513000007820280BD0E0690078092807D0E069C2
:1051400000780A2803D0E06900780D2806D1606A4B
:10515000401E6062E069401CE06181E1E069007826
:1051600097490968097888420FD0E06900782028BB
:105170000BD0E0690078092807D0E06900780A2898
:1051800003D0E06900780D282CD1208D18B90020BB
:1051900084F8F10035E0032084F8F10000BF208D91
:1051A000FF2808DD00BF5EA340F2114285A16FA079
:1051B000FDF70EFF00BF00BF94F8280084F82D0013
:1051C0000021228D04F12E008154E06900787C4991
:1051D00009680978884202D10120208511E0002069
:1051E00020850EE0208D012808DAE0690178228D03
:1051F000501C208504F12E00815402E0002084F828
:10520000F100606A401E6062E069401CE06127E1D5
:10521000208DB0B9E069007820280BD0E0690078D3
:10522000092807D0E06900780A2803D0E0690078EF
:105230000D2806D1606A401E6062E069401CE06192
:105240000EE1E0690078218D5D4A1268515C884268
:1052500042D1606A401E6062E069401CE061208DBE
:10526000022835D12046FFF7A1F90020208504202F
:1052700084F8F100E06920626168206A884234D9CC
:105280006168206A401ABDF80010884204DA208C58
:10529000A188401A80B2009094F82C0010B101202F
:1052A00001E023E0002003466A462846616800F0DA
:1052B00067FA0746CFB94FF00109BDF800106068E2
:1052C00008446060BDF800106069401A60610CE03D
:1052D000208D401C208508E0606A401E6062E06905
:1052E000401CE061002084F8F100B9E06168206AA8
:1052F000884273D96168206A401ABDF8001088425C
:1053000004DA208CA188401A80B20090BDF8000019
:1053100020B194F82C0010B1012061E068E05EE05B
:105320004C5749505C6C7769705F6170705C776551
:10533000625F7365727665725F64656D6F5C6874D9
:105340007470642E6300000068732D3E6C65667493
:1053500020646964206E6F742066697420696E74BD
:105360006F207531365F7421000000004173736552
:105370007274696F6E2022257322206661696C65E4
:1053800064206174206C696E6520256420696E203C
:1053900025730D0A00000000446174612073697A6E
:1053A0006520646F6573206E6F7420666974206970
:1053B0006E746F207531365F74210000CC310208A5
:1053C000D031020868732D3E7461675F696E646551
:1053D00078203C3D203078666600000017E0002011
:1053E00003466A462846616800F0CAF9074600E0AD
:1053F00000277FBB4FF00109BDF80010606808442A
:105400006060BDF800106069401A606128E0208D7E
:10541000618D88421FDA608D218D401ABDF8001021
:10542000884204DA608D218D401A80B20090228D6E
:1054300004F13000111801236A46284600F0A0F953
:10544000074667B94FF00109208DBDF800100844E8
:10545000208504E004E00020208584F8F10000BFEE
:1054600000BF606A10B1002F3FF420AE94F8F10045
:10547000042859D06168E069884255D96168E069BB
:10548000401AB5F86610884203DDB5F86600009052
:1054900018E000BF6168E069401AB0F5803F0BDB9F
:1054A00000BFAFF2841340F2D742AFF21411AFF253
:1054B0004410FDF78DFD00BF00BFA08BA188401AEE
:1054C00080B20090A87F00F0080010B1E88E0C3880
:1054D00000E0E88E4000BDF8001088420ADAA87F9C
:1054E00000F0080010B1E88E0C3800E0E88E4004AF
:1054F000000C009094F82C0008B1012000E000207E
:1055000003466A462846616800F03AF907465FB9E3
:105510004FF00109BDF80010606808446060BDF8F4
:1055200000106069401A6061606950B92068FEF738
:10553000B3FF002805DC21462846FFF765F9002067
:10554000C5E44846C3E42DE9F04104460E4617463B
:10555000254615B90020BDE8F081002028762946AF
:105560003046FFF7A3FC0020F5E7000070B50546C4
:105570000C4600BF45B900BF0DA340F6670216A157
:1055800019A0FDF725FD00BF00BF00BF002C08DCFF
:1055900000BF07A340F668021EA113A0FDF718FD87
:1055A00000BF00BF224805602248046070BD0000B3
:1055B0004C5749505C6C7769705F6170705C7765BF
:1055C000625F7365727665725F64656D6F5C687447
:1055D0007470642E630000006E6F2063676973202F
:1055E000676976656E000000417373657274696F58
:1055F0006E2022257322206661696C6564206174C7
:10560000206C696E6520256420696E2025730D0A63
:1056100000000000696E76616C6964206E756D62D1
:105620006572206F662068616E646C65727300003D
:10563000B0000020B400002070B506460C461546A8
:1056400000BF46B900BF14A340F653021CA122A01C
:10565000FDF7BEFC00BF00BF00BF44B900BF0EA3F2
:1056600040F6540227A11CA0FDF7B2FC00BF00BF0A
:1056700000BF002D08DC00BF07A340F6550225A19E
:1056800015A0FDF7A5FC00BF00BF2848066028480C
:1056900004602848056070BD4C5749505C6C7769C0
:1056A000705F6170705C7765625F7365727665725A
:1056B0005F64656D6F5C68747470642E63000000D5
:1056C0006E6F207373695F68616E646C65722067CA
:1056D0006976656E00000000417373657274696FCE
:1056E0006E2022257322206661696C6564206174D6
:1056F000206C696E6520256420696E2025730D0A73
:10570000000000006E6F2074616773206769766522
:105710006E000000696E76616C6964206E756D6262
:105720006572206F6620746167730000A40000201A
:10573000AC000020A800002010B54FF4BA7002F0B1
:105740004DF9044624B14FF4BA712046FAF751FDE1
:10575000204610BD10B5044684B1206820B12068F1
:10576000FEF79FFE00202060E06820B1E06802F0B4
:1057700067F80020E060204602F062F810BD0000EB
:105780002DE9F047074688461546994600BF45B9BA
:1057900000BF15A34FF4E4721DA121A0FDF718FC72
:1057A00000BF00BF2C8800BF4B462246414638460A
:1057B00008F0B8FD0646701C68B9B7F8660018B165
:1057C000B7F86800082801DB012404E0204604EB58
:1057D000D071C1F34F04701C08B9012CE4DC2C809B
:1057E0003046BDE8F08700004C5749505C6C776943
:1057F000705F6170705C7765625F73657276657209
:105800005F64656D6F5C68747470642E6300000083
:105810006C656E67746820213D204E554C4C00002D
:10582000417373657274696F6E202225732220663E
:1058300061696C6564206174206C696E6520256403
:1058400020696E2025730D0A0000000010B5044881
:10585000044A06CA06C001210838FFF787FE10BDBA
:10586000C8000020D431020810B500F0A5F8FFF7F9
:10587000EDFF024800F004F810BD0000E831020816
:1058800070B5064605F0F4FE044600BF002C08D1B2
:1058900000BF1DA340F6260225A12CA0FDF798FB12
:1058A00000BF00BF0121204608F072F950223146A6
:1058B000204604F0A1F8054600BF002D08D000BF27
:1058C00011A340F62A022CA120A0FDF781FB00BF06
:1058D00000BFFF21204605F01DFE044600BF002C3E
:1058E00008D100BF08A340F62C022AA117A0FDF79B
:1058F0006FFB00BF00BF2146204604F07BF82D4916
:10590000204604F012F870BD4C5749505C6C776922
:10591000705F6170705C7765625F736572766572E7
:105920005F64656D6F5C68747470642E6300000062
:1059300068747470645F696E69743A207463705F30
:105940006E6577206661696C6564000041737365FC
:105950007274696F6E2022257322206661696C65FE
:1059600064206174206C696E6520256420696E2056
:1059700025730D0A0000000068747470645F696E1E
:1059800069743A207463705F62696E64206661694D
:105990006C65640068747470645F696E69743A2041
:1059A0007463705F6C697374656E206661696C65A1
:1059B000640000000547000810B501220248016894
:1059C0000248FFF739FE10BDC40000202104000882
:1059D00070B505460C4622460321284600F088F99A
:1059E00070BD00002DE9FE4F044689466668307898
:1059F0000007870E7942204603F0BEFA10B92089CD
:105A0000042800D2C6E0606890F800A0BAF1000F48
:105A100003D0BAF1080F6BD100E0B6E0012562486F
:105A2000007800F0F000E02800D100255E49086809
:105A3000494600F01FFA00B1002525B9204603F0C1
:105A4000CBF9BDE8FE8F2089082800D2A2E02046CD
:105A500000F0E5F918B1204603F0BEF9F1E7222184
:105A6000204603F089FA00284FD03946204603F03B
:105A700083FA50B100BF00BF4CA3982255A162A089
:105A8000FDF7A6FA00BF00BF88E0218900220220AE
:105A900002F0AEFC054605B980E000BF698907F158
:105AA0000800814207D200BF40A3A12261A156A0F5
:105AB000FDF78EFA00BF00BF2146284602F0D2FF54
:105AC00050B100BF00BF39A3A52268A14EA0FDF7C9
:105AD0007FFA00BF00BF61E06E68784201B22846DD
:105AE00003F04AFA60B100BF00BF30A3AB2200E070
:105AF0004AE068A144A0FDF76BFA00BF00BF4DE08B
:105B0000204603F069F92C4610E06FF02101204691
:105B100003F032FA50B100BF00BF24A3B5225DA14B
:105B200039A0FDF755FA00BF00BF37E0D4F8048074
:105B30001D480068F060644800683061002088F803
:105B40000000A8F80200FF20307200207081394662
:105B5000204603F011FA48B100BF00BF13A3EC22A6
:105B60005AA129A0FDF734FA00BF0CE00120002162
:105B7000FF230A46CDE9010900910B49204600F0B8
:105B800023FC054600BF00E000BF00BF204603F035
:105B900023F956E7204603F01FF952E7204603F0A9
:105BA0001BF900BF4DE70000E00000204C574950B2
:105BB0005C6C7769702D312E342E315C7372635CAE
:105BC000636F72655C697076345C69636D702E63B7
:105BD0000000000069636D705F696E7075743A2033
:105BE0006D6F76696E6720702D3E7061796C6F61A4
:105BF0006420746F20697020686561646572206636
:105C000061696C65640A0000417373657274696F41
:105C10006E2022257322206661696C6564206174A0
:105C2000206C696E6520256420696E2025730D0A3D
:105C300000000000636865636B207468617420660F
:105C40006972737420706275662063616E20686F7C
:105C50006C642073747275637420746865204943A2
:105C60004D502068656164657200000069636D7065
:105C70005F696E7075743A20636F7079696E672022
:105C8000746F206E65772070627566206661696C3E
:105C900065640A0069636D705F696E7075743A209F
:105CA000726573746F72696E67206F726967696E6F
:105CB000616C20702D3E7061796C6F61642066614B
:105CC000696C65640A000000DC00002043616E27F7
:105CD00074206D6F7665206F7665722068656164EB
:105CE000657220696E207061636B6574000000004E
:105CF0002DE9FE4306460F4690460022242101204E
:105D000002F076FB05460DB9BDE8FE8300BF688949
:105D1000242808D200BF18A34FF4A27220A12BA000
:105D2000FDF756F900BF00BFD6F804906C682770E5
:105D300084F801800020A080E08071686A6802F128
:105D400008001C22FAF73CFA00206080698920468E
:105D500000F05BF86080D9F80C000290012000216F
:105D6000FF2302AACDE90010284600F0D7FA284602
:105D700003F032F800BFC7E74C5749505C6C7769B5
:105D8000702D312E342E315C7372635C636F7265DB
:105D90005C697076345C69636D702E63000000008E
:105DA000636865636B2074686174206669727374DC
:105DB00020706275662063616E20686F6C64206974
:105DC000636D70206D657373616765004173736502
:105DD0007274696F6E2022257322206661696C657A
:105DE00064206174206C696E6520256420696E20D2
:105DF00025730D0A0000000070B505460C462246CA
:105E00000B212846FFF774FF70BD70B504460D46A0
:105E10002946204601F094FAC04380B270BD2DE9B6
:105E2000F041064600240027354617E06989686876
:105E300001F086FA0444A0B200EB1444688900EB38
:105E4000D0714910A0EB410139B1C7F10100C7B2CF
:105E5000E0B2C4F3072141EA00242D68002DE5D10A
:105E600027B1E0B2C4F3072141EA0024E04380B245
:105E7000BDE8F08118B502460092D04300B10AB9DE
:105E8000012018BD91F8290000F0020008B9002097
:105E9000F7E74868904201D10020F2E700988B684C
:105EA0001840D1E901342340984208D1886822EA99
:105EB00000008C68E343984201D10120E1E7002013
:105EC000DFE700002DE9F74F8CB004468946B9F8AA
:105ED00020000890142004904FF0000860680B9098
:105EE0000B9EF08801F0F9F903900398C0F30C00C1
:105EF0000790039800F4005006902089143880B26F
:105F000009900899A1F11400C11700EB5171C1F378
:105F1000CF010A91B0E0089814380999884201DB52
:105F2000012000E0002005900798C0F30C000699BE
:105F300008430390059818B9039840F40050039063
:105F4000059808B1099801E00A98C0001FFA80FB83
:105F500000221421022002F04BFA054625B94FF029
:105F6000FF300FB0BDE8F08F00BF6089142808DA59
:105F700000BF44A340F2FB224CA154A0FDF728F837
:105F800000BF00BF142268680B99FAF719F96E6810
:105F9000616804980844606061890498081A608107
:105FA000CDF808B03FE061890298814201DD029896
:105FB00000E060898046B8F1000F01D1246832E02A
:105FC00000F09CF807462FB9284602F005FF4FF075
:105FD000FF30C6E760683B4602224146CDE9000833
:105FE000032002F00BFC8246BAF1000F08D13846BC
:105FF00000F08AF8284602F0EFFE4FF0FF30B0E7DD
:10600000204603F03DF97C613B4838615146284603
:1060100002F072FC0298A0EB080080B20290029895
:1060200000B1246800BF02980028BCD1CDF81080D0
:10603000039801F038F9F0800BF1140188B201F0F7
:1060400032F970800020708114213046FFF7DDFEA8
:106050007081D9F81430294648460E9A9847284648
:1060600002F0BAFE0998A0EB0B0080B209900A99E1
:106070000798084480B20790099800287FF44BAF36
:1060800000BF6EE74C5749505C6C7769702D312E1C
:10609000342E315C7372635C636F72655C69707619
:1060A000345C69705F667261672E6300746869733F
:1060B000206E656564732061207062756620696E6C
:1060C000206F6E652070696563652100417373659B
:1060D0007274696F6E2022257322206661696C6577
:1060E00064206174206C696E6520256420696E20CF
:1060F00025730D0A00000000CD6D000810B50620C4
:1061000001F010FF10BD000010B5044600BF44B9F7
:1061100000BF07A340F279220FA112A0FCF758FF9D
:1061200000BF00BF2146062001F06EFE10BD00003A
:106130004C5749505C6C7769702D312E342E315C90
:106140007372635C636F72655C697076345C6970EE
:106150005F667261672E63007020213D204E554CB2
:106160004C000000417373657274696F6E202225C4
:106170007322206661696C6564206174206C696EAD
:106180006520256420696E2025730D0A000000003B
:106190002DE9F04706460F46756828780421B1EBD3
:1061A000201F05D0304602F017FE0020BDE8F08722
:1061B000287800F00F094FF6FF7000EA8909688817
:1061C00001F08BF880467089484502DB30894045F4
:1061D00004DA304602F000FE0020E7E74146304690
:1061E00002F06EFF286948490860E868474908607E
:1061F0004FF0010A3C4600BF94F8290000F001006E
:1062000078B1201D68B1606858B13F480068616886
:10621000884205D03C4908682146FFF72BFE00B1B3
:106220000DE0BAF1000F04D04FF0000A38480468BE
:1062300000E02468BC4200D12468002CDCD100BFFF
:10624000324908683946FFF715FE28B92F4800780B
:1062500000F0F000E02804D1304602F0BDFD00203F
:10626000A4E724B9304602F0B7FD00209EE7E88895
:106270004FF63F71084038B1304600F065F90646E8
:106280000EB9002092E77568224807602248056031
:106290003946304603F08CF958BB687A01280DD096
:1062A000062806D011280ED13946304609F030F8BC
:1062B0001EE03946304604F0DDFC19E03946304630
:1062C000FFF790FB14E0104908683946FFF7D2FD4C
:1062D00050B90D48007800F0F000E02804D0756057
:1062E00002213046FFF774FB304602F075FD00BF17
:1062F00000BF00200749086007490860034908609B
:106300000149086000BF51E7E0000020DC000020E8
:1063100004010020D4000020D80000202DE9FE4F09
:1063200005460F4616469846DDE90C9A00BFE889F7
:10633000012808D000BF0DA340F2393214A117A0E4
:10634000FCF746FE00BF00BF304600F015FD041EFE
:1063500002D1001FBDE8FE8F43463246394628462B
:10636000CDE9009A029400F02FF8F3E74C5749501A
:106370005C6C7769702D312E342E315C7372635CE6
:10638000636F72655C697076345C69702E630000BF
:10639000702D3E726566203D3D203100417373656E
:1063A0007274696F6E2022257322206661696C65A4
:1063B00064206174206C696E6520256420696E20FC
:1063C00025730D0A000000002DE9F84F05460F4621
:1063D00090469A46DDF828B00C9E00BFE889012857
:1063E00008D000BF34A34FF427723CA13EA0FCF7B5
:1063F000EFFD00BF00BFB8F1000F47D04FF0140908
:106400001421284602F0B8FD18B16FF00100BDE874
:10641000F88F6C6800BF6889142808D200BF26A3D3
:1064200040F2C9223BA130A0FCF7D2FD00BF00BF63
:1064300084F808A00B986072D8F8000020614846E4
:106440004FEAE97109EB9171C1F3870141F0400115
:10645000217084F801B0288900F025FF60800020B9
:10646000E0803848008800F01EFFA0803548008892
:10647000401C344908800FB1386810B97068E0607A
:1064800001E03868E0600020608103E06C6820690A
:106490000090E846308C48B12889318C884205DD6F
:1064A000424631462846FFF70DFDB0E742462946F1
:1064B000304673699847AAE74C5749505C6C776936
:1064C000702D312E342E315C7372635C636F726594
:1064D0005C697076345C69702E630000702D3E72CA
:1064E0006566203D3D203100417373657274696FAC
:1064F0006E2022257322206661696C6564206174B8
:10650000206C696E6520256420696E2025730D0A54
:1065100000000000636865636B2074686174206626
:106520006972737420706275662063616E20686F93
:106530006C64207374727563742069705F68647230
:1065400000000000E40000202DE9F84F8046002004
:106550000090D8F80450287800F00F001421B1EB17
:10656000800F00D0ACE0E88800F0B7FEC0F30C006C
:106570004FF6FF7101EAC00A688800F0AEFE297884
:1065800001F00F01A0EB81001FFA80FB404602F0F2
:1065900060FA06464D48018888190A280ADD314606
:1065A000284600F083FB20B14848008830440A2880
:1065B00000DD85E04648046812E06069E9688842C9
:1065C00009D1A0692969884205D1A089A988884292
:1065D00001D1012000E0002000B103E00094246814
:1065E000002CEAD100BF34B93146284600F050FAF9
:1065F000044694B964E0E88800F06FFEC0F30C0034
:1066000058B9E08900F069FEC0F30C0028B11422EB
:10661000294604F10800F9F7D3FD2C4800883044DE
:106620002A490880A87900F0200030B9A07F40F006
:106630000100A0770AEB0B00A0834146204600F042
:1066400049F8D0B3A08B1430A08360684068076815
:1066500060684568142204F108012846F9F7B0FD86
:10666000A08B00F020FE68800020E8806881142163
:106670002846FFF7CAFB6881D4F804800CE0D7F8FD
:1066800004906FF01301384602F076FC394640461C
:1066900002F032F9D9F80070002FF0D120460099AD
:1066A00000F09EF9404602F0D4F908490988081A1A
:1066B000064908804046BDE8F88FFFE70020FAE76A
:1066C000404602F089FB0020F5E70000EC000020C6
:1066D000E80000202DE9FC5F06460F4600254FF03C
:1066E000010BD7F804A0BAF8020000F0F6FD9AF802
:1066F000001001F00F01A0EB810080B20090BAF809
:10670000060000F0EAFDC0F30C004FF6FF7101EA4D
:10671000C000019000BF00BF7C680020206001988D
:10672000A080DDE900100844E080D6F804902EE057
:10673000D9F80480A088B8F80410884210DAC4F8A8
:1067400000905DB1A088E988884204DBE088B8F851
:106750000410884200DDABE02F6000E0776019E0B4
:10676000A088B8F80410884200D1A1E0A088B8F849
:106770000610884200DA9BE035B1E888B8F80410CA
:10678000884201D04FF0000BD8F800904546B9F18F
:10679000000FCDD100BFB9F1000F26D1002D16D0CA
:1067A00000BFE888A188884208DD00BF47A340F207
:1067B000931250A157A0FCF70BFC00BF00BF2F6045
:1067C000E888A188884210D04FF0000B0DE000BF90
:1067D000706840B100BF3DA340F29B1258A14DA08C
:1067E000FCF7F6FB00BF00BF7760B07F00F0010050
:1067F00000285BD0BBF1000F55D0706840688088DE
:1068000010B14FF0000B4EE02546D4F800900BE09D
:10681000D9F80440E888A188884202D04FF0000BE4
:1068200005E02546D4F80090B9F1000FF0D100BF83
:10683000BBF1000F37D000BF706840B900BF23A381
:106840004FF4DE724CA133A0FCF7C2FB00BF00BFC7
:1068500000BF70684068A04208D100BF1BA340F28F
:10686000BD1245A12BA0FCF7B3FB00BF00BF00BFCA
:10687000206840B100BF15A340F2BF1242A125A07D
:10688000FCF7A6FB00BF00BF00BFE088B18B8842C9
:1068900008D000BF0DA340F2C11244A11DA0FCF717
:1068A00097FB00BF00BF5846BDE8FC9F0020FBE7F8
:1068B000384602F0CEF849490988081A4749088045
:1068C000384602F089FA0020EEE700004C574950A4
:1068D0005C6C7769702D312E342E315C7372635C81
:1068E000636F72655C697076345C69705F66726153
:1068F000672E6300636865636B20667261676D6510
:106900006E747320646F6E2774206F7665726C618D
:1069100070000000417373657274696F6E202225E8
:106920007322206661696C6564206174206C696EF5
:106930006520256420696E2025730D0A0000000083
:106940006E6F2070726576696F757320667261670D
:106950006D656E742C2074686973206D7573742076
:10696000626520746865206669727374206672615E
:10697000676D656E7421000073616E6974792063C0
:106980006865636B0000000076616C696461746522
:106990005F646174616772616D3A6E6578745F708F
:1069A000627566213D4E554C4C00000076616C6965
:1069B000646174655F646174616772616D3A64619A
:1069C00074616772616D20656E64213D64617461FC
:1069D0006772616D206C656E00000000EC000020A5
:1069E00070B504460D460D480068A04203D10B491E
:1069F000206808600DE000BF45B900BF08A340F261
:106A0000391211A117A0FCF7E3FA00BF00BF2068FC
:106A100028602146052001F0F7F970BDE80000204C
:106A20004C5749505C6C7769702D312E342E315C97
:106A30007372635C636F72655C697076345C6970F5
:106A40005F667261672E630073616E69747920639B
:106A50006865636B206C696E6B6564206C69737428
:106A600000000000417373657274696F6E20222507
:106A70007322206661696C6564206174206C696EA4
:106A80006520256420696E2025730D0A0000000032
:106A900070B505460E46052001F044FA044664B977
:106AA0003146284600F002F9B04203DB052001F030
:106AB00039FA04460CB9002070BD20212046F9F7B0
:106AC00098FB0320E07706480068206004480460D3
:106AD0001422294604F10800F9F772FB2046EBE77F
:106AE000E80000202DE9F04704468846002500BF55
:106AF000A04507D100BF40A3A52249A14BA0FCF7A8
:106B000067FA00BF00BFB8F1000F0DD000BFD8F882
:106B10000000A04207D000BF37A3A7224EA143A088
:106B2000FCF756FA00BF00BF6068D0F80490B9F8CF
:106B30000400002824D16768D9F80000606014229E
:106B400004F108017868F9F73BFB01213846FFF7AB
:106B500053F9384601F07DFF064600BFA819B0F58D
:106B6000803F07DB00BF24A3B62240A12FA0FCF783
:106B70002FFA00BF00BFA81985B2384602F02CF9E1
:106B800067681CE0D7F80490BA46D9F80070504600
:106B900001F05FFF064600BFA819B0F5803F07DB94
:106BA00000BF15A3C62231A120A0FCF711FA00BF37
:106BB00000BFA81985B2504602F00EF900BF002FA1
:106BC000E0D141462046FFF70BFF00BF2F48008869
:106BD000A84207DA00BF08A3CC222DA113A0FCF71E
:106BE000F7F900BF00BF29480088401B27490880EB
:106BF0002846BDE8F08700004C5749505C6C776927
:106C0000702D312E342E315C7372635C636F72654C
:106C10005C697076345C69705F667261672E6300D0
:106C20007072657620213D20697072004173736532
:106C30007274696F6E2022257322206661696C650B
:106C400064206174206C696E6520256420696E2063
:106C500025730D0A00000000707265762D3E6E658A
:106C60007874203D3D206970720000007062756686
:106C7000735F6672656564202B20636C656E203CD3
:106C80003D2030786666666600000000EC0000205B
:106C900069705F72656173735F70627566636F754B
:106CA0006E74203E3D20636C656E00002DE9F05F40
:106CB00005468946002700BF0026B346B24619485C
:106CC00004681DE06069E968884207D1A069296904
:106CD000884203D1A089A988884201D0012000E020
:106CE000002048B10AF1010A0EB9264604E0E07F0F
:106CF000F17F884200DC2646206800B1A346246864
:106D0000002CDFD12EB159463046FFF7EBFE80460E
:106D100047444F4502DABAF1010FCDDC3846BDE8F1
:106D2000F09F0000E800002010B5044600F00AF8CB
:106D3000002203494FF47A7002F0A0FC10BD00005D
:106D4000296D000870B500250A4804680FE0E07F4F
:106D5000002805DDE07F401EE0772546246806E038
:106D60002646246829463046FFF7BCFE00BF002CAB
:106D7000EDD170BDE800002010B502461148016851
:106D80000FE091F8290000F0010048B110688B680D
:106D90001840D1E901342340984201D1084610BD82
:106DA00009680029EDD10848006830B1064800683C
:106DB00090F8290000F0010008B90020EFE7024830
:106DC0000068ECE7040100200801002070B50546CA
:106DD0002C4600BF44B900BF0FA340F2832218A184
:106DE0001AA0FCF7F5F800BF00BF00BFAC4208D006
:106DF00000BF09A34FF421721FA114A0FCF7E8F80B
:106E000000BF00BF606910B1606901F0E5FF204676
:106E1000FFF77AF970BD00004C5749505C6C7769F8
:106E2000702D312E342E315C7372635C636F72652A
:106E30005C697076345C69705F667261672E6300AE
:106E400070637220213D204E554C4C004173736598
:106E50007274696F6E2022257322206661696C65E9
:106E600064206174206C696E6520256420696E2041
:106E700025730D0A00000000706372203D3D2070F4
:106E80000000000070B50446062084F82200214866
:106E9000007884F823001F484178242001551D48BC
:106EA0008178252001551B48C178262001551948B5
:106EB000017927200155174841792820015540F2D2
:106EC000DC502084322084F8290004F123010020C2
:106ED000F9F786FE05221048016810480068F9F7A6
:106EE000A3FC05220E4801680E480068F9F758FC1B
:106EF000002508E00949096801EB45104FF44001FD
:106F0000F9F7BAFC6D1C052DF4DBF9F7CFFF002073
:106F100070BD000080AB0120400000203800002040
:106F20003C000020340000202DE9F04387B081466A
:106F30000026002501A8F9F761FF01A807C804ABE6
:106F400007C3049887B2DDF814800322394610463F
:106F500001F04EFA054665B12C4608E0628908EB5F
:106F600006016068F9F72CF9608906442468002C52
:106F7000F4D14FF00040069908600748406900F0DE
:106F8000800020B1802004494861002088602846A4
:106F900007B0BDE8F0830000009002402DE9F04703
:106FA00081460F460026F9F78FFC80463C4608E0F4
:106FB000628908EB06006168F9F702F96089064406
:106FC0002468002CF4D1B0B2F9F7DAFF054615B900
:106FD000601EBDE8F0870020FBE70000164A11683C
:106FE000C0228271A823C3710A230372C82343728B
:106FF000022202700022427082700A0CC2700A0AD9
:1070000002714171C0228272A823C3720A230373E2
:107010001E234373FF228273FF23C3730374002371
:107020004374C0228274A823C3740A230375C8233F
:107030004375002282757047107AFF1F10B586B025
:10704000F9F770FE10B1012006B010BD00F0FCF899
:1070500008B10120F8E7FAF72DFB08B10220F3E7A9
:1070600000F027F93A48FFF7B9FF3948407B01069D
:107070003748007B41EA00413548C07A41EA0020A8
:107080003349897A084305903148407C01063048ED
:10709000007C41EA00412E48C07B41EA00202C4997
:1070A000897B084304902A48407D01062848007DDA
:1070B00041EA00412648C07C41EA00202449897CFD
:1070C000084303902248407921490979204AD2781F
:1070D000CDE9002102901E488378427801781DA0F6
:1070E000FBF776FF1A48407B00901948037BC27A71
:1070F000817A26A0FBF76CFF1548407C009014486D
:10710000037CC27B817B2DA0FBF762FF1048407D92
:1071100000900F48037DC27C817C34A0FBF758FFB0
:107120003E483F49002203ABCDE90021029004AA6A
:1071300005A93C4801F068F804460CB9032083E730
:10714000384801F0EBF8374801F036F900207BE7CA
:1071500080AB0120CDF8BFA8656EB5C44D4143B5E5
:10716000D8D6B7CEAA3A2E2E2E2E2E2E2E2E2E2E3C
:107170002E2E2E2E2E2E25642E25642E25642E25B1
:10718000642E25642E25640D0A000000BEB2CCAC2E
:107190004950B5D8D6B72E2E2E2E2E2E2E2E2E2E70
:1071A0002E2E2E2E2E2E2E2E2E2E2E2E2E2E2564D2
:1071B0002E25642E25642E25640D0A00D7D3CDF824
:1071C000D1DAC2EB2E2E2E2E2E2E2E2E2E2E2E2E3F
:1071D0002E2E2E2E2E2E2E2E2E2E2E2E2E2E2564A2
:1071E0002E25642E25642E25640D0A00C4ACC8CF5C
:1071F000CDF8B9D82E2E2E2E2E2E2E2E2E2E2E2E11
:107200002E2E2E2E2E2E2E2E2E2E2E2E2E2E256471
:107210002E25642E25642E25640D0A00ED410008FC
:107220002943000898AB012010B5054801680020EB
:1072300000F0C4FF03480168002000F0BFFF10BD4C
:1072400000010020F000002070B500F033FE05467C
:107250002946002000F0C4FF0A49086043F69C64F8
:107260002146002000F0BCFF07490860054800687F
:1072700010B10846006818B9FFF7D6FF012070BDAD
:107280000020FCE700010020F00000200146080675
:1072900001F47F4240EA022001F47F0240EA12201A
:1072A00040EA1160704701460806000C40EA1120D0
:1072B000704710B500F062FB00F000FE01F018F816
:1072C00008F024F803F0D4FC02F07AFA10BD00B5FF
:1072D00003461846FFF7DAFF00BD00B50246104628
:1072E000FFF7E1FF00BD000010B50E4800680E4931
:1072F0000968401AFA2805D30A4800680A49086054
:1073000006F096FF0748006808490968401A41F2EC
:107310008831884205D30348006804490860FCF7B7
:107320007BFE10BD7800002070000020740000205B
:1073300010B50248FDF748F810BD000098AB0120D9
:10734000F8B505460A462B4600200090002103F0C0
:10735000010636B1002A04DD13F8010B8DF8010097
:10736000521E1C4603E034F8027B3944921E012A67
:10737000F9DC002A02DD20788DF80000BDF800005D
:10738000014488B200EB114188B200EB114126B1F3
:10739000C8B2C1F3072747EA002188B2F8BD000050
:1073A00030B58BB004464FF478405549088004F05E
:1073B0000100002827D04FF6FF7000905148028846
:1073C0006E231E210846FAF755FA4FA010210B46EE
:1073D000C822CDE900101E210846FAF745FB4EA051
:1073E00010210B46C822CDE9001032211E20FAF7E9
:1073F0003BFB4EA010210B46C822CDE900104621D0
:107400001E20FAF731FB04F00200002875D04FF679
:10741000FF7000903B48438802886E211E20FAF7D7
:1074200029FA46A010210B46C822CDE900106E2192
:107430001E20FAF719FB4648807D02280DD14448EA
:10744000407B4349097BCDE900104148C37A827AE9
:1074500040A103A8FBF7CCFD0CE03D48407B3C4934
:10746000097BCDE900103A48C37A827A3EA103A88D
:10747000FBF7BEFD03A810210B46D222CDE9001078
:1074800082211E20FAF7F0FAFAF70AF9054605F00C
:10749000020050B13AA010210B46C822CDE90010DD
:1074A00096211E20FAF7E0FA09E03AA010210B46D7
:1074B000C822CDE9001096211E20FAF7D5FA3AA08D
:1074C00010210B46C822CDE90010AA211E20FAF790
:1074D000CBFA3BA010210B46C822CDE90010BE21FB
:1074E0001E20FAF7C1FA3CA010210B46C822CDE9B4
:1074F0000010D2211E20FAF7B7FA0BB030BD000001
:10750000260000202A0000205052454348494E20C2
:1075100053544D333246340045746865726E657459
:10752000206C774950205465737400007777772E6C
:107530007072656368696E2E6E6574006C77495071
:1075400020496E69742053756363657373656400C5
:1075500080AB0120444843502049503A25642E25F1
:10756000642E25642E256400537461746963204978
:10757000503A25642E25642E25642E2564000000D3
:1075800045746865726E65742053706565643A3140
:1075900030304D0045746865726E657420537065B7
:1075A00065643A31304D00004B4559303A544350F0
:1075B0002053657276657220546573740000000074
:1075C0004B4559313A54435020436C69656E7420E1
:1075D00054657374000000004B4559323A554450CD
:1075E00020546573740000001CB5A820FBF750F808
:1075F0004FF4A060FAF79CFB4FF4E130FBF7A6FBD9
:10760000FAF72AFBF9F7DAFFFBF7B0F9F9F7D4FD3F
:10761000F9F76AF8FAF7F8FCF9F72CF8F9F700F837
:1076200040F2473140F2E730FBF796FA002000F0D5
:1076300025FD012000F022FD022000F01FFD4FF487
:1076400078404F4908804FA0FBF7C2FC0120FFF7AC
:10765000A7FE4FA010210B46C822CDE900106E21D5
:107660001E20FAF701FA23E04DA010210B46C82294
:10767000CDE900106E211E20FAF7F6F94FF496605E
:10768000FBF74EFE4FF6FF707E23E6226E21009040
:107690001E20FAF7EFF847A010210B46C822CDE9CB
:1076A00000106E211E20FAF7DFF945A0FBF790FCD1
:1076B000FFF7C4FC0028D7D145A010210B46C822F3
:1076C000CDE900106E211E20FAF7CEF945A0FBF798
:1076D0007FFC4A48407B00904848037BC27A817A0D
:1076E00047A0FBF775FC0220FFF75AFEFEF7BCF837
:1076F00044E00020F9F784FF0546022D04D0032D55
:1077000008D0042D12D10BE006F09EF80320FFF7FD
:1077100047FE0BE002F06AFC0320FFF741FE05E0A4
:1077200007F03AFC0320FFF73BFE00BF00BFFFF766
:10773000DBFD0220FBF7F4FD601CC4B2642C09D110
:1077400038A010210B46C822CDE90010E6211E20EA
:10775000FAF78AF9C82C11D100244FF6FF70F623EE
:10776000E622114600901E20FAF784F8334800689C
:1077700008B9012000E0002030490860B9E70000A6
:1077800026000020496E69742E2E2E0D0A0000007E
:107790006C77495020496E6974696E672E2E2E00F1
:1077A0006C77495020496E6974206661696C656424
:1077B000210000005265747279696E672E2E2E00CA
:1077C0005265747279696E672E2E2E0D0A000000C4
:1077D0006C77495020496E697420537563636573F3
:1077E000736564006C77495020496E697420537545
:1077F000636365737365640D0A00000080AB01204C
:107800005374617469632049502025642E25642EC9
:1078100025642E25642C20736B69702044484350E6
:107820000D0A0000506C656173652063686F6F73AB
:10783000652061206D6F646521000000A4824242D2
:1078400070B5044604B970BD00BF04F0030040B138
:1078500000BF20A340F2411226A12FA0FBF7B8FBE6
:1078600000BF00BF00BF37480068844203D33648DA
:107870000068844208D300BF16A340F2431233A12C
:1078800025A0FBF7A5FB00BF00BF2E48006884427F
:1078900003D32D480068844200D3D4E7A4F108053F
:1078A00000BF287940B900BF0AA34FF4AA722DA1E6
:1078B00019A0FBF78DFB00BF00BF002028712E48E8
:1078C0000068854201D22C480560284601F098FDE9
:1078D00000BFB8E74C5749505C6C7769702D312E6A
:1078E000342E315C7372635C636F72655C6D656DC1
:1078F0002E6300006D656D5F667265653A20736189
:107900006E69747920636865636B20616C69676E6A
:107910006D656E7400000000417373657274696F69
:107920006E2022257322206661696C656420617473
:10793000206C696E6520256420696E2025730D0A10
:1079400000000000F4000020F80000206D656D5F6D
:10795000667265653A206C6567616C206D656D6F58
:10796000727900006D656D5F667265653A206D65C0
:107970006D2D3E7573656400FC00002000BF00BFE4
:1079800012490968C91C21F00301114A116011460E
:1079900008684FF47A51018000214180017111463D
:1079A000096801F57A510B4A1160012112681171C1
:1079B0004FF47A51074A12681180064A12685180C2
:1079C00003490968044A116070470000F000002074
:1079D000F4000020F8000020FC0000202DE9F04712
:1079E000054615B90020BDE8F087E81C20F003002B
:1079F00085B20C2D00DA0C25B5F57A5F01DD00208B
:107A0000F1E75248008852490988401A86B295E049
:107A10004F48006884192079002874D1218806F124
:107A20000800081AA8426ED3218806F10800091A36
:107A300005F1140081421CD306F1080028441FFA06
:107A400080F84348006800EB080700203871208860
:107A500038807E80A4F80080012020713888B0F53D
:107A60007A5F08D038883A4909680844A0F802804B
:107A700001E00120207135480068844228D1334854
:107A8000D0F8009005E0B9F800003149096800EB32
:107A9000010999F8040018B12E4800688145F2D117
:107AA0002A48C0F8009000BF00682A490968884247
:107AB0000CD026480068007940B100BF26A340F2F0
:107AC00063222DA133A0FBF783FA00BF00BF00BFE4
:107AD00000BF04F1080028441E490968884208D9FB
:107AE00000BF1DA340F2672235A12AA0FBF770FA60
:107AF00000BF00BF00BF04F0030050B100BF16A3D9
:107B000040F2692200E016E039A122A0FBF760FAFA
:107B100000BF00BF00BF04F0030040B100BF0EA3D0
:107B200040F26B223EA11BA0FBF752FA00BF00BF40
:107B300004F1080057E706480068865BC5F57A50EF
:107B4000B0423FF765AF00204DE70000FC00002089
:107B5000F4000020F80000204C5749505C6C776915
:107B6000702D312E342E315C7372635C636F7265DD
:107B70005C6D656D2E6300006D656D5F6D616C6C95
:107B80006F633A20216C667265652D3E757365647E
:107B900000000000417373657274696F6E202225C6
:107BA0007322206661696C6564206174206C696E63
:107BB0006520256420696E2025730D0A00000000F1
:107BC0006D656D5F6D616C6C6F633A20616C6C6F9D
:107BD0006361746564206D656D6F7279206E6F747A
:107BE0002061626F76652072616D5F656E642E0044
:107BF0006D656D5F6D616C6C6F633A20616C6C6F6D
:107C00006361746564206D656D6F72792070726F49
:107C10007065726C7920616C69676E65642E000016
:107C20006D656D5F6D616C6C6F633A2073616E6939
:107C3000747920636865636B20616C69676E6D653C
:107C40006E7400002DE9F04780460D46E81C20F0D8
:107C5000030085B20C2D00DA0C25B5F57A5F02DD44
:107C60000020BDE8F08700BF43480068804503D38B
:107C700042480068804508D300BF41A340F2871204
:107C800047A14DA0FBF7A4F900BF00BF3A48006828
:107C9000804503D339480068804501D34046E0E77A
:107CA000A8F1080734480088381A1FFA80F9388884
:107CB000A0EB090008381FFA80FA00BF554508DD1F
:107CC00000BF2FA340F2991246A13BA0FBF780F919
:107CD00000BF00BF554501DD0020C2E7554501D179
:107CE0004046BEE73888244909684418207900BB1B
:107CF000208809F1080129448EB242490968A1424D
:107D000004D11D49096831443E4A11601A49096885
:107D10008C19002121712080A4F802903E802188D6
:107D2000B1F57A5F04D02188134A126811444E805D
:107D300020E005F1140050451CD809F10800284442
:107D400086B20D48006884192E480068844201D22A
:107D50002C4804600020207138882080A4F802900C
:107D60003E802088B0F57A5F04D0208802490968F7
:107D700008444680404674E7F4000020F8000020E4
:107D80004C5749505C6C7769702D312E342E315C24
:107D90007372635C636F72655C6D656D2E6300006A
:107DA0006D656D5F7472696D3A206C6567616C20FA
:107DB0006D656D6F72790000417373657274696FE0
:107DC0006E2022257322206661696C6564206174CF
:107DD000206C696E6520256420696E2025730D0A6C
:107DE000000000006D656D5F7472696D2063616EE7
:107DF000206F6E6C7920736872696E6B206D656D93
:107E00006F727900FC00002070B505460C4604B97D
:107E100070BD00BF04F0030040B100BF09A34FF4E0
:107E2000E57210A117A0FBF7D3F800BF00BF2646EC
:107E30001F4850F8250030601D4840F8256000BFFD
:107E4000E6E700004C5749505C6C7769702D312E85
:107E5000342E315C7372635C636F72655C6D656D4B
:107E6000702E63006D656D705F667265653A206D9A
:107E7000656D2070726F7065726C7920616C6967D6
:107E80006E656400417373657274696F6E2022259C
:107E90007322206661696C6564206174206C696E70
:107EA0006520256420696E2025730D0A00000000FE
:107EB000D8B30120002043F2FB40704710B50020EA
:107EC00001E0431C98B20A28FBDB124B1B68DB1C49
:107ED00023F00301002019E000230F4C44F8203068
:107EE00000220CE00C4B53F820300B600A4B43F897
:107EF00020100A4B33F810301944531C9AB2084B27
:107F000033F810309342EDDC431C98B20A28E3DBCF
:107F100010BD000000010020D8B30120F03102089C
:107F20000432020870B5054600BF0A2D0ADB00BF07
:107F300012A340F29D1219A120A0FBF749F800BF3F
:107F4000002070BD00BF284850F82540002C12D0FA
:107F50002549206841F8250000BF04F0030040B126
:107F600000BF06A34FF4D77220A114A0FBF730F88E
:107F700000BF00BF00BF2046E3E700004C57495058
:107F80005C6C7769702D312E342E315C7372635CBA
:107F9000636F72655C6D656D702E63006D656D70ED
:107FA0005F6D616C6C6F633A2074797065203C2062
:107FB0004D454D505F4D41580000000041737365C1
:107FC0007274696F6E2022257322206661696C6568
:107FD00064206174206C696E6520256420696E20C0
:107FE00025730D0A00000000D8B301206D656D7087
:107FF0005F6D616C6C6F633A206D656D702070729F
:108000006F7065726C7920616C69676E65640000E1
:108010002DE9F04104460E461548005D38B9144874
:1080200020380168204688470120BDE8F0811148CA
:1080300050F82400B04219D90F4850F82400B6FB7C
:10804000F0F10B480C3850F8240030F811200025CE
:1080500008E0002306480C3850F824004F1920F897
:1080600017306D1C9542F4DB0020DEE70220DCE7D0
:108070006C000020D8400108CC40010810B504462F
:108080000C4951F824104A000B4951F824000021F2
:1080900000F08AF8094951F8242007490C3951F8B1
:1080A0002400002100F080F8012103480C30015524
:1080B00010BD0000C040010860000020D840010849
:1080C0002DE9F04704460F460025A9462348005DE8
:1080D00020B9224820380168204688471FB94FF050
:1080E000FF30BDE8F0871E4850F82400B7FBF0F6DB
:1080F0001B4850F82400B7FBF0F100FB117000B1F1
:10810000761C184850F82400451E22E013480C380D
:1081100050F8240030F8150010B909F1010901E008
:108120004FF00009B14513D14FF0000809E00B48AA
:108130000C3850F8240005EB080220F8126008F112
:108140000108B045F3D3064850F824006843C8E757
:108150006D1E002DDADA4FF0FF30C2E76C00002010
:10816000CC400108C040010810B5014600230022A0
:1081700007E00B4850F8210030F8120000B15B1CFA
:10818000521C084850F821009042F2D8642058430D
:10819000044C54F82140B0FBF4F0C0B210BD000014
:1081A00060000020C040010830B5034601E003F83C
:1081B000011B141EA2F10102F9D130BD70B50546B4
:1081C0000C4604B970BD054850F82500261A314602
:1081D0002846FFF71DFF00BFF4E700005400002011
:1081E00070B504460E4631462046FFF769FF054646
:1081F000681C08B9002070BD024850F824002844CB
:10820000F9E70000540000202DE9F04704460E462F
:1082100017469846DDE9095ADDF8209000BF3DB9C0
:1082200000BF17A38F221FA124A0FAF7D1FE00BF21
:1082300000BF00206060A060E06084F82900C4F8FE
:108240001C902948007884F82C0027480078401CAE
:1082500025490870C4F810A043463A4631462046E6
:1082600000F047F82046A84710B10020BDE8F0878D
:108270001E48006820601D4804602046F6E70000A4
:108280004C5749505C6C7769702D312E342E315C1F
:108290007372635C636F72655C6E657469662E638E
:1082A000000000004E6F20696E69742066756E6371
:1082B00074696F6E20676976656E0000417373653F
:1082C0007274696F6E2022257322206661696C6565
:1082D00064206174206C696E6520256420696E20BD
:1082E00025730D0A000000000C010020040100208D
:1082F00070472DE9F04106460F4614461D463946A3
:10830000304600F017F82146304600F04FF8294675
:10831000304600F009F8BDE8F0810000014908602E
:10832000704700000801002009B9002200E00A6837
:10833000C26070472DE9F04107460C4654B32068EF
:108340007968884201D1012000E0002010BB154867
:1083500006680BE030687968884206D1D6F80C8050
:10836000304601F0DBFA464600E0F668002EF1D117
:108370000D4805680CE055B1286840B12868796857
:10838000884204D10CB9002000E020682860ED6824
:10839000002DF0D10CB9002000E020687860BDE825
:1083A000F0810000240100202001002009B90022F2
:1083B00000E00A688260704710B5044694F829000E
:1083C00000F0010090B914F8290F40F0010020706E
:1083D00014F8290900F0100040B194F8290000F0C9
:1083E000200018B1211D2046FBF7ACFD10BD000098
:1083F0002DE9F05F83460F469146BBF1000F09D08F
:10840000BBF1010F08D0BBF1020F07D0BBF1030F86
:1084100008D105E0362612E0222610E00E260EE0F6
:1084200000260CE000BF00BF91A3E82298A19FA006
:10843000FAF7CEFD00BF00BF0020BDE8F09F00BFEF
:10844000B9F1000F7ED0B9F1010F7CD0B9F1020F64
:108450007AD0B9F1030F78D10920FFF763FD044604
:108460000CB90020E9E784F80C900020206006F1A8
:1084700010002044C01C20F00300606000BF207981
:1084800000F0030038B100BF79A3FA2292A187A0BF
:10849000FAF79EFD00BF00BF2781F01C20F003000B
:1084A000C0F50070B84201DD384604E0F01C20F051
:1084B0000300C0F50070608100BF618960680144FD
:1084C00004F50470814208D900BF69A34FF480729B
:1084D0008DA176A0FAF77CFD00BF00BF00BFF01CA5
:1084E00020F00300C0F50070002808DC00BF60A386
:1084F00040F2031291A16DA0FAF76AFD00BF00BF20
:108500000120E081A2466089A7EB00085BE009201A
:10851000FFF708FD054625B9204600F05DFC002068
:108520008BE785F80C90002068732860CAF800502B
:1085300000BF4FF6FF7080450DDB00BF4CA34FF42A
:108540008F7203E043E06EE06EE07CE088A157A00C
:10855000FAF73EFD00BF00BFA5F808801FFA88F0BB
:10856000B0F5007F02DA1FFA88F001E04FF40070E6
:10857000688105F11000686000BF287900F00300F1
:1085800040B100BF3AA340F223127EA147A0FAF700
:108590001FFD00BF00BF00BF61896068014404F592
:1085A0000470814208D900BF31A340F2251256A1C0
:1085B0003EA0FAF70DFD00BF00BF0120E8816889E9
:1085C000A8EB0008AA46B8F1000FA0DC48E006F1CD
:1085D000130121F00302F91C21F00301114488B2B8
:1085E000FFF7FCF904460CB9002026E704F110005F
:1085F0003044C01C20F003006060278167810020A8
:10860000206084F80C9000BF207900F0030040B196
:1086100000BF17A34FF49F7266A124A0FAF7D8FCFD
:1086200000BF00BF1CE000BF0820FFF77BFC044632
:108630000CB9002001E7002060602781678120607D
:1086400084F80C900CE000BF00BF09A34FF4AA729D
:1086500063A116A0FAF7BCFC00BF00BF0020ECE647
:1086600000BF0120E081002060732046E5E60000A5
:108670004C5749505C6C7769702D312E342E315C2B
:108680007372635C636F72655C706275662E630003
:10869000706275665F616C6C6F633A206261642022
:1086A00070627566206C6179657200004173736554
:1086B0007274696F6E2022257322206661696C6571
:1086C00064206174206C696E6520256420696E20C9
:1086D00025730D0A00000000706275665F616C6CA6
:1086E0006F633A207062756620702D3E7061796C00
:1086F0006F61642070726F7065726C7920616C6953
:10870000676E656400000000636865636B20702D10
:108710003E7061796C6F6164202B20702D3E6C651A
:108720006E20646F6573206E6F74206F766572665D
:108730006C6F7720706275660000000050425546ED
:108740005F504F4F4C5F42554653495A45206D7517
:10875000737420626520626967676572207468615E
:108760006E204D454D5F414C49474E4D454E54009E
:1087700072656D5F6C656E203C206D61785F753150
:10878000365F7400706275665F616C6C6F633A206F
:108790007062756620712D3E7061796C6F61642026
:1087A00070726F7065726C7920616C69676E656458
:1087B00000000000706275665F616C6C6F633A2048
:1087C000706275662D3E7061796C6F6164207072A5
:1087D0006F7065726C7920616C69676E656400000A
:1087E000706275665F616C6C6F633A206572726F60
:1087F0006E656F7573207479706500002DE9F04720
:1088000007460E4690461C46DDE9089A37B1012F0F
:1088100006D0022F06D0032F08D105E0362513E03D
:10882000222511E00E250FE000250DE000BF00BF5E
:1088300015A340F287121CA124A0FAF7C9FB00BFC0
:1088400000BF0020BDE8F08700BFE81C20F0030057
:108850003044504501DD0020F4E700202060B9F1EC
:10886000000F05D0E81C20F003004844606001E0E0
:1088700000206060022060732681668184F80C808D
:108880000120E0812046DDE74C5749505C6C776958
:10889000702D312E342E315C7372635C636F7265A0
:1088A0005C706275662E6300706275665F616C6CE9
:1088B0006F6365645F637573746F6D3A20626164A2
:1088C0002070627566206C61796572004173736512
:1088D0007274696F6E2022257322206661696C654F
:1088E00064206174206C696E6520256420696E20A7
:1088F00025730D0A0000000070B506460D4600BF46
:108900000EB1002D09D100BF1BA340F2ED2222A120
:108910002FA0FAF75DFB00BF70BD00BF344604E036
:108920002089298908442081246820680028F7D1FB
:1089300000BF20896189884208D000BF0EA340F2A1
:10894000F6222EA122A0FAF743FB00BF00BF00BF12
:10895000206840B100BF08A340F2F72233A11CA059
:10896000FAF736FB00BF00BF20892989084420811F
:10897000256000BFD0E700004C5749505C6C776918
:10898000702D312E342E315C7372635C636F7265AF
:108990005C706275662E6300286820213D204E556C
:1089A0004C4C2920262620287420213D204E554C51
:1089B0004C29202870726F6772616D6D6572207628
:1089C000696F6C6174657320415049290000000093
:1089D000417373657274696F6E202225732220665D
:1089E00061696C6564206174206C696E6520256422
:1089F00020696E2025730D0A00000000702D3E7462
:108A00006F745F6C656E203D3D20702D3E6C656E11
:108A100020286F66206C617374207062756620690F
:108A20006E20636861696E2900000000702D3E6E43
:108A3000657874203D3D204E554C4C0070B5054680
:108A40000C4621462846FFF757FF204600F018FC49
:108A500070BD0146002002E0421CD0B20968002926
:108A6000FAD170472DE9F04105460C460026002753
:108A700000BF25B11CB12889218988420CDA00BFCA
:108A800048A34FF457724FA15AA0FAF7A1FA00BFBA
:108A90006FF00D00BDE8F08100BF00BF6889801B4A
:108AA0006189C91B884204DB6089C01B1FFA80F8FA
:108AB00003E06889801B1FFA80F86268D1196A6830
:108AC00090194246F7F77CFB06EB080086B207EBED
:108AD000080087B200BF6889B04208DA00BF31A33E
:108AE00040F26D324EA143A0FAF772FA00BF00BF08
:108AF00000BF6089B84208DA00BF2AA340F26E3294
:108B00004DA13CA0FAF764FA00BF00BF6089B842EB
:108B100001DC002724686889B04211D100262D6845
:108B200000BF65B95CB100BF1EA34FF45E7249A1DE
:108B300030A0FAF74DFA00BF6FF00D00AAE700BFB2
:108B4000002C13D06089218988420FD100BF206892
:108B500058B100BF13A340F27D3242A125A0FAF71D
:108B600037FA00BF6FF0050094E700BF002D13D067
:108B70006889298988420FD100BF286858B100BF91
:108B800008A340F2823237A11AA0FAF721FA00BFF7
:108B90006FF005007EE700BF002C7FF47FAF002060
:108BA00078E700004C5749505C6C7769702D312E86
:108BB000342E315C7372635C636F72655C706275D6
:108BC000662E6300706275665F636F70793A207419
:108BD0006172676574206E6F742062696720656ECC
:108BE0006F75676820746F20686F6C6420736F7591
:108BF00072636500417373657274696F6E2022251C
:108C00007322206661696C6564206174206C696EF2
:108C10006520256420696E2025730D0A0000000080
:108C20006F66667365745F746F203C3D20705F747F
:108C30006F2D3E6C656E00006F66667365745F66CF
:108C4000726F6D203C3D20705F66726F6D2D3E6CC3
:108C5000656E0000705F746F20213D204E554C4CB6
:108C600000000000706275665F636F7079282920CC
:108C7000646F6573206E6F7420616C6C6F77207009
:108C800061636B657420717565756573210A0000F9
:108C90002DE9F05F8046894616461D464FF0000BD1
:108CA00000BFB8F1000F0BD100BF27A340F29D32E7
:108CB0002DA135A0FAF78CF900BF0020BDE8F09F88
:108CC00000BF00BFB9F1000F0AD100BF1EA340F2E0
:108CD0009E3238A12CA0FAF77BF900BF0020EDE707
:108CE00000BF4FF0000AB8F1000F02D0B9F1000F39
:108CF00001D10020E2E7444620E035B16089A84276
:108D000003DC6089281A85B217E06089401B87B2AE
:108D1000B74200DD37466268511909EB0A003A464E
:108D2000F7F74EFA0BEB07001FFA80FB0AEB070080
:108D30001FFA80FAF01B86B2002524680EB1002CC1
:108D4000DBD15846BAE700004C5749505C6C776954
:108D5000702D312E342E315C7372635C636F7265DB
:108D60005C706275662E6300706275665F636F701B
:108D7000795F7061727469616C3A20696E76616CBA
:108D80006964206275660000417373657274696F6F
:108D90006E2022257322206661696C6564206174EF
:108DA000206C696E6520256420696E2025730D0A8C
:108DB00000000000706275665F636F70795F7061BC
:108DC000727469616C3A20696E76616C69642064C2
:108DD00061746170747200002DE9F047044674B943
:108DE00000BF44B900BF39A340F271223FA142A0A5
:108DF000FAF7EEF800BF00BF0020BDE8F08700BF23
:108E0000207B88B1207B01280ED0207B02280BD04C
:108E1000207B032808D000BF2CA340F27B2241A175
:108E200035A0FAF7D5F800BF00BF00264AE000BF22
:108E3000E089002808DC00BF24A340F28A223FA179
:108E40002DA0FAF7C5F800BF00BFE089401E1FFA49
:108E500080F8A4F80E80B8F1000F31D12768257B87
:108E6000607B00F00200002813D0A14600BFD9F8B3
:108E7000100040B900BF15A34FF4267235A11EA003
:108E8000FAF7A6F800BF00BF2046D9F810108847AF
:108E900012E0032D04D121460920FEF7B5FF0BE0B7
:108EA000012D01D0022D04D121460820FEF7ACFF90
:108EB00002E02046FEF7C4FC701CC6B23C4600E04F
:108EC000002400BF002CB2D1304696E74C574950E1
:108ED0005C6C7769702D312E342E315C7372635C5B
:108EE000636F72655C706275662E63007020213D51
:108EF000204E554C4C000000417373657274696FCD
:108F00006E2022257322206661696C65642061747D
:108F1000206C696E6520256420696E2025730D0A1A
:108F200000000000706275665F667265653A2073C6
:108F3000616E65207479706500000000706275666E
:108F40005F667265653A20702D3E726566203E2030
:108F50003000000070632D3E637573746F6D5F6643
:108F60007265655F66756E6374696F6E20213D2062
:108F70004E554C4C000000002DE9F04104460D46D2
:108F800000BF44B900BF2CA340F2052232A135A096
:108F9000FAF71EF800BF00BF05B114B90020BDE804
:108FA000F081002D11DA684287B200BF6089B842B3
:108FB0000ADA00BF20A340F20D2235A129A0FAF75A
:108FC00007F800BF0120EAE700E0AFB2267BD4F843
:108FD00004800EB1032E0BD16068401B606004F169
:108FE0001000616881421FD2C4F804800120D6E7D6
:108FF000022E01D0012E0AD1002D06DA6089B84276
:1090000003DB6068401B60600EE00120C7E700BF23
:1090100000BF09A340F23B2225A112A0F9F7D8FF17
:1090200000BF00BF0120BAE7608928446081208921
:10903000284420810020B2E74C5749505C6C776986
:10904000702D312E342E315C7372635C636F7265E8
:109050005C706275662E63007020213D204E554C79
:109060004C000000417373657274696F6E20222595
:109070007322206661696C6564206174206C696E7E
:109080006520256420696E2025730D0A000000000C
:10909000696E6372656D656E745F6D61676E69742C
:1090A000756465203C3D20702D3E6C656E000000AF
:1090B00062616420706275662074797065000000DA
:1090C0002DE9F04105460F4600BF45B900BF3AA360
:1090D0004FF4DA7240A146A0F9F77AFF00BF00BF53
:1090E00000BF287B032810D0287B01280DD0287BC7
:1090F00058B1287B022808D000BF2FA340F2B51238
:1091000046A13BA0F9F764FF00BF00BF2889B84221
:1091100001DCBDE8F0812889A7EB00083E462C461B
:1091200021E06089301A86B200BF4FF6FF7080459B
:1091300008DB00BF20A34FF4E6723FA12CA0F9F793
:1091400047FF00BF00BF208940442081246800BF42
:1091500044B900BF18A34FF4E8723CA124A0F9F76A
:1091600037FF00BF00BF6089B042DADB207B0028F8
:1091700016D16089B04213D0A088001B304481B260
:109180002046FEF75FFD044600BF44B900BF0AA3B6
:109190004FF4ED7233A116A0F9F71AFF00BF00BF1C
:1091A000668160892081206810B12068FFF714FE75
:1091B0000020206000BFACE74C5749505C6C7769D9
:1091C000702D312E342E315C7372635C636F726567
:1091D0005C706275662E6300706275665F726561B1
:1091E0006C6C6F633A207020213D204E554C4C0032
:1091F000417373657274696F6E2022257322206635
:1092000061696C6564206174206C696E65202564F9
:1092100020696E2025730D0A0000000070627566DB
:109220005F7265616C6C6F633A2073616E6520706C
:109230002D3E74797065000067726F77203C206D59
:1092400061785F7531365F7400000000706275668A
:109250005F7265616C6C6F633A207120213D204E16
:10926000554C4C006D656D5F7472696D207265744C
:1092700075726E65642071203D3D204E554C4C004A
:1092800010B1C189491CC181704700002DE9F04728
:1092900005460F46904646464FF0000A00BF5DB9AE
:1092A00000BF2BA340F2CD3231A137A0F9F790FED9
:1092B00000BF0020BDE8F08700BF00BF57B900BF66
:1092C00023A340F2CE323BA12FA0F9F781FE00BFCD
:1092D0000020EFE700BF1DB117B12889404502DA31
:1092E0006FF00D00E6E72C461FE000BF44B900BF59
:1092F00017A340F2D63236A123A0F9F769FE00BFCA
:1093000000BFB1466089484501DAB4F80A9007EB1E
:109310000A014A466068F6F753FFA6EB090086B2D9
:109320000AEB09001FFA80FA2468002EDDD100BF85
:109330000EB9C24508D000BF05A340F2E1322AA110
:1093400011A0F9F745FE00BF00BF0020B2E7000002
:109350004C5749505C6C7769702D312E342E315C3E
:109360007372635C636F72655C706275662E630016
:10937000706275665F74616B653A20696E76616CC8
:109380006964206275660000417373657274696F69
:109390006E2022257322206661696C6564206174E9
:1093A000206C696E6520256420696E2025730D0A86
:1093B00000000000706275665F74616B653A206939
:1093C0006E76616C6964206461746170747200000F
:1093D000706275665F74616B653A20696E76616C68
:1093E0006964207062756600646964206E6F742021
:1093F000636F707920616C6C20646174610000009F
:1094000070B5044600BF35480068844207D200BFEB
:1094100033A3F2223AA140A0F9F7DAFD00BF00BF62
:1094200000BF48480068844207D300BF2CA3F32242
:1094300045A139A0F9F7CCFD00BF00BF00BF2079DE
:1094400038B100BF26A3F42246A133A0F9F7C0FD2E
:1094500000BF00BF00BF2088B0F57A5F07DD00BF06
:109460001FA3F72246A12CA0F9F7B2FD00BF00BF51
:1094700020881A4909684518AC4215D0287998B94E
:109480003048006885420FD048480068A84201D1A2
:10949000464804602888208010480088201A2988BF
:1094A0000E4A12681144488060880C4909684618C1
:1094B000A64211D0307978B93C480068A04201D169
:1094C0003A4806602088308004480088301A218895
:1094D000024A12681144488070BD0000F400002068
:1094E0004C5749505C6C7769702D312E342E315CAD
:1094F0007372635C636F72655C6D656D2E630000F3
:10950000706C75675F686F6C65733A206D656D2070
:109510003E3D2072616D0000417373657274696F26
:109520006E2022257322206661696C656420617457
:10953000206C696E6520256420696E2025730D0AF4
:1095400000000000F8000020706C75675F686F6CA9
:1095500065733A206D656D203C2072616D5F656EAC
:1095600064000000706C75675F686F6C65733A200B
:109570006D656D2D3E75736564203D3D20300000A6
:10958000706C75675F686F6C65733A206D656D2DE3
:109590003E6E657874203C3D204D454D5F53495AE1
:1095A000455F414C49474E4544000000FC00002007
:1095B0002DE9F04705468A460027D5F8048098F83B
:1095C00009900026144804681FE0207C48451AD101
:1095D00034B1206820B1114920680968884212D14D
:1095E000606980B10E4B2A462146D4E905C0E047A8
:1095F00048B10025012736B1E068F06006480068F0
:10960000E060054804602646E4680FB9002CDCD110
:109610003846BDE8F087000010010020E00000207F
:10962000DC0000202DE9F04105460E46904630460C
:10963000F6F706FE074617B92846BDE8F0812C4626
:109640000CE020783178884207D13A4631462046EE
:10965000F6F718FE08B92046EFE7641C207820B121
:10966000E01905EB08018842EBD90020E5E700008E
:109670000148006870470000780000202DE9F041A3
:1096800006460F4690460720FEF74CFC0446002C89
:109690000DD100BF08D100BF24A340F211122CA1AC
:1096A0003BA0F9F795FC00BF00BFBDE8F0810020AA
:1096B0002060A760C4F80C8066604048006810B95C
:1096C0003E480460F1E73D4800684068B0420CD96C
:1096D0003A4800684068801B384909684860374844
:1096E00000682060354804601DE03448056817E0D4
:1096F00060686968401A6060286820B1286840681E
:10970000616888420BD9286828B128684068616878
:10971000401A29684860286820602C6002E02D68A3
:10972000002DE5D100BF00BFBFE700004C574950F6
:109730005C6C7769702D312E342E315C7372635CF2
:10974000636F72655C74696D6572732E63000000EF
:109750007379735F74696D656F75743A2074696DA0
:10976000656F757420213D204E554C4C2C20706F38
:109770006F6C204D454D505F5359535F54494D45D3
:109780004F555420697320656D7074790000000096
:10979000417373657274696F6E202225732220668F
:1097A00061696C6564206174206C696E6520256454
:1097B00020696E2025730D0A00000000580100206A
:1097C00010B5002207494FF47A70FFF757FF0022C7
:1097D000054941F28830FFF751FFFFF749FF034980
:1097E000086010BD296D0008053300085C010020E9
:1097F0002DE9FC4704460E4600BF207E012808D113
:1098000000BF23A34FF4B77229A136A0F9F7E0FBFC
:1098100000BF00BF207E0A2808D121463C4802F044
:1098200097FA21460220FEF7EFFA2FE0276DD4F8D1
:109830002880D4F88850D4F8109000BF21463548CD
:1098400002F086FA01203449087000BF206F10B181
:10985000206F03F060FDE06E10B1E06E03F05BFD81
:109860004EB1A08B618B231D2246CDE900104146ED
:10987000384603F0B9FC21460220FEF7C5FA00BFC6
:109880001DB16FF009014846A84700BFBDE8FC873D
:109890004C5749505C6C7769702D312E342E315CF9
:1098A0007372635C636F72655C7463702E63000037
:1098B000646F6E27742063616C6C207463705F61E9
:1098C000626F72742F7463705F6162616E646F6E39
:1098D00020666F72206C697374656E2D706362739D
:1098E00000000000417373657274696F6E20222559
:1098F0007322206661696C6564206174206C696EF6
:109900006520256420696E2025730D0A0000000083
:1099100028010020240100203001002010B5044659
:1099200001212046FFF764FF10BD416170470346E7
:109930006FF009007047000070B506460220FEF780
:10994000F1FA04467CB901F02FFD0220FEF7EAFA95
:1099500004463CB9304601F0FDFC0220FEF7E2FA75
:10996000044600BF00BF002C3AD094212046F6F7F1
:1099700040FC1034667241F2D060A4F8560000201A
:10998000A4F8580040F66830A083E083002004F873
:10999000070CFF2004F8060C4FF40670E084062044
:1099A000A0860020208606206086C01FA08401209B
:1099B000A08701F097FE0546A5642564A563E564CC
:1099C0000848006860610848007860740020E0730F
:1099D0000648E0660648E067002084F88200103CF4
:1099E000204670BD1801002032010020A1CF0008E0
:1099F00000DD6D00016170472DE9F04705460C461A
:109A000017464FF0040900BF287E00280CD000BF85
:109A100022A340F2B71229A132A0F9F7D9FA00BF68
:109A20006FF00500BDE8F08700BF37B901F026FEF2
:109A3000074617B96FF00100F4E74FF0000819E08E
:109A4000334850F82800066810E0708BB8420CD1FB
:109A500046B1306830B12CB1206818B13068216847
:109A6000884202D16FF00700DCE7F668002EECD1E7
:109A700008F10108C845E3DB1CB1206808B1206883
:109A800028606F8300BF23480068E86021480560B4
:109A900004F05CFB00BF0020C4E700004C574950B5
:109AA0005C6C7769702D312E342E315C7372635C7F
:109AB000636F72655C7463702E6300007463705F23
:109AC00062696E643A2063616E206F6E6C79206209
:109AD000696E6420696E20737461746520434C4F15
:109AE00053454400417373657274696F6E2022257B
:109AF0007322206661696C6564206174206C696EF4
:109B00006520256420696E2025730D0A0000000081
:109B1000583202081C0100202DE9F04107460D468D
:109B200016460024002E2CD10C20FDF757FF0446CA
:109B300004B30120207065600020A0602146284603
:109B4000FFF758FF1249284603F0DCF9114928466F
:109B500001F002F81049284603F036FC01220F49B3
:109B6000284602F093F90E48007840F020000C4996
:109B700008700AE02146284600F014F84FF0FF363E
:109B800003E00021284600F00DF83046BDE8F081E2
:109B90008D9C0008F59B0008279E0008F99B000893
:109BA0008000002070B505460C462846FFF7B6FE3B
:109BB00000212846FFF71EFF0021284603F0A2F9E6
:109BC0000021284603F000FC0021284600F0C4FFD5
:109BD00000221146284602F059F914B12046FDF73B
:109BE0002FFE0348007820F020000149087070BD66
:109BF00080000020704700002DE9F04105460F4627
:109C00002C46ACB31F48007800F0800038B31E48E3
:109C10000068F6F715FB1FFA80F803224146002082
:109C2000FEF7E6FBA06018480068F6F709FB1FFA8C
:109C300080F842461449A0680968FFF727FB2146CF
:109C4000384600F0C5F80F48007820F080000D4934
:109C50000870A06850B1A068FFF7BEF806E0207851
:109C6000022803D121463846FFF79CFF002605E075
:109C7000FFE73846FFF752FE6FF009063046BDE8B1
:109C8000F0810000800000207C0000202DE9F05FC2
:109C900081468B4614469A46002600BFB9F1000F54
:109CA00007D100BF2EA3BC2239A13CA0F9F790F93F
:109CB00000BF00BF4F462CB902203870BC604FF087
:109CC00000084AE0BAF1000F05D014B12046FFF7B2
:109CD00083F8D04641E03878012833D1002C3CD0BD
:109CE000C8213948F6F785FA254618E06889C6F193
:109CF000C801884207D9C6F1C802334B9819696870
:109D0000F6F75EFA05E06A892F4B98196968F6F74D
:109D100057FA68890644C82E00D902E02D68002D44
:109D2000E4D100BF2948007840F04000274908707E
:109D30002189584603F04CF92046FFF74DF84FF0C3
:109D400000080AE02189584603F042F90020B86073
:109D50002046FFF741F84FF000084046BDE8F09F6D
:109D60004C5749505C6C7769705F6170705C7463CC
:109D7000705F636C69656E745F64656D6F5C74635E
:109D8000705F636C69656E745F64656D6F2E6300F0
:109D900061726720213D204E554C4C004173736524
:109DA0007274696F6E2022257322206661696C656A
:109DB00064206174206C696E6520256420696E20C2
:109DC00025730D0A00000000C8AB012080000020B0
:109DD0002DE9F04107460C46002619E0A5686A897E
:109DE00001233846696804F09DFA064656B928688A
:109DF000A060A06810B1A068FFF742FA2846FEF7FD
:109E0000EBFF02E0701C00B9A560384601F078FC59
:109E10003EB9A06828B1A0684089B7F866108842AA
:109E2000DCDDBDE8F0812DE9F04104460D46174622
:109E30002646B06818B131462846FFF7C9FF002012
:109E4000BDE8F0817CB54FF6FF70F7F7BDFC4FF42D
:109E500078404B4908804BA010210B46C822CDE921
:109E600000101E210846F7F7FFFD4BA010210B46FE
:109E7000C822CDE9001032211E20F7F7F5FD4AA0D7
:109E800010210B46C822CDE9001046211E20F7F70D
:109E9000EBFD49A010210B46C822CDE900105A2144
:109EA0001E20F7F7E1FD48A010210B46C822CDE99E
:109EB00000106E211E20F7F7D7FD64210020FEF769
:109EC0008FF9054605B97CBD4248807A41498871C1
:109ED0000846C17AC171017B0172007A00903D4849
:109EE000C37982793CA12846F9F782F8102003460D
:109EF000D2229621CDE900051E20F7F7B5FD1F20DF
:109F00001F4908802846F6F79BF91E2101EBC00087
:109F100086B200201021CDE900102E48427A03239A
:109F200096213046F7F7D3FD22E00020F7F768FBD3
:109F30000446012C00D11CE0D4B1022C05D12548E7
:109F4000407A401CC1B223484172042C05D12148FB
:109F5000407A401EC1B21F48417280201021CDE9D5
:109F600000101C48427A032396213046F7F7AFFDD4
:109F7000DBE700BF29460020FEF720F900BFA2E77B
:109F8000260000205052454348494E2D53544D332E
:109F9000324634303700000054435020436C69652A
:109FA0006E7420546573740052656D6F746520493A
:109FB00050205365740000004B4559303A2B202047
:109FC0004B4559323A2D00004B45595F55503A4F99
:109FD0004B00000080AB012052656D6F7465204915
:109FE000503A25642E25642E25642E002DE9FE436B
:109FF0004FF00009C8460027FFF724FF4FF6FF7017
:10A00000F7F7E2FB4FF47840AF490880AFA010218A
:10A010000B46C822CDE900101E210846F7F724FDA3
:10A02000AFA010210B46C822CDE9001032211E201E
:10A03000F7F71AFDAEA010210B46C822CDE900109B
:10A0400046211E20F7F710FDADA010210B46C822B7
:10A05000CDE900105A211E20F7F706FDACA0102113
:10A060000B46C822CDE900106E211E20F7F7FCFC3C
:10A07000C8210020FEF7B4F804460CB9BDE8FE8301
:10A08000A648407BA549097BCDE90010A348C37AC7
:10A09000827AA3A12046F8F7ABFF10200346D22214
:10A0A0008221CDE900041E20F7F7DEFC9B48407AB0
:10A0B0009A49097ACDE900109848C37982799EA11E
:10A0C0002046F8F795FF10200346D2229621CDE9CD
:10A0D00000041E20F7F7C8FC41F697729CA12046A9
:10A0E000F8F786FF10200346D222AA21CDE900040A
:10A0F0001E20F7F7B9FC1F207349088098A0102193
:10A100000B46D222CDE90010BE211E20F7F7ACFC91
:10A1100001F0AEFA0546B5B18048407A01067F48A5
:10A12000007A41EA00417D48C07941EA00207B493C
:10A130008979084302908F4B41F6977202A928460D
:10A1400000F066FA01E04FF00109AEE00020F7F7F9
:10A1500057FA0646012E00D1ABE0022E05D1864803
:10A16000007840F08000844908708348007800F04F
:10A17000400020B34FF6FF70009080484088401E9A
:10A1800083B27E480088401E82B2E6211E20F7F787
:10A1900071FB7B481021CDE9001078484088E638F3
:10A1A00083B2764800881E3882B2E6211E20F7F777
:10A1B0005BFC7148007820F040006F4908706E48E1
:10A1C000007800F0200050B3002F43D16DA0102183
:10A1D000CDE9001069484088BE3883B267480088DE
:10A1E0001E3882B2BE211E20F7F73EFC4FF47840A5
:10A1F0003549088068A01021CDE900105F484088EB
:10A20000BE3883B25D4800881E3882B2D2211E203B
:10A21000F7F72AFC1F202C49088001271AE0CFB14C
:10A220004FA010210B46BE22CDE9001011461E2082
:10A23000F7F71AFC4FF6FF70009050484088401E18
:10A2400083B24E480088401E82B2D2211E20F7F70A
:10A2500011FB0027FDF748F80220F9F761F808F133
:10A26000010000F0FF08B8F1C80F1ED19FB94248A5
:10A27000007800F0200070B900212846FFF792FC1A
:10A2800001F0F6F9054635B13A4B41F6977202A94D
:10A29000284600F0BDF94FF000084348006808B9AF
:10A2A000012000E0002040490860B9F1000F3FF4B0
:10A2B0004DAF00BF00212846FFF774FC2146002067
:10A2C000FDF77CFF00BFD9E6260000205052454331
:10A2D00048494E2D53544D33324634303700000038
:10A2E00054435020436C69656E7420546573740048
:10A2F0007777772E7072656368696E2E6E6574006D
:10A300004B4559303A53656E6420646174610000B6
:10A310004B45595F55503A517569740080AB012027
:10A320004C6F63616C2049503A25642E25642E25BC
:10A33000642E25640000000052656D6F746520492D
:10A34000503A25642E25642E25642E2564000000D5
:10A3500052656D6F746520506F72743A2564000009
:10A360005354415455533A446973636F6E6E656339
:10A3700074656400199B0008800000202A000020FA
:10A38000C8AB01205354415455533A436F6E6E6528
:10A3900063746564202020005265636569766520DA
:10A3A000446174613A000000A482424210B5044640
:10A3B000207E012803D0A07F40F01000A07701216B
:10A3C000204600F001F810BD7CB504460E46002E74
:10A3D00067D0207E042802D0207E072861D1606FDC
:10A3E00020B9A08D40F6683188425AD000BFA07FC6
:10A3F00000F0100038B900BF65A3B2226CA173A0B1
:10A40000F8F7E6FD00BF00BFA08B618BCDE900101F
:10A41000231D2246A16A206D02F0E6FE204601F0CF
:10A4200077FC00BF00BF74480068A04205D17248A5
:10A430000068C0687049086018E06F4800686F499C
:10A4400008600EE06D480068C068A04204D16B4906
:10A45000E0680968C86008E068480068C068674943
:10A460000860664800680028ECD100BF0020E0606A
:10A4700000BF01206249087000BF207E04280AD175
:10A480000A20207600BF5F480068E0605D480460F5
:10A4900003F05CFE03E021460220FDF7B5FC00203E
:10A4A0007CBD207E082868D2DFE800F004343F4FEE
:10A4B0005767675F0025608B30B300BF5248006864
:10A4C000A04205D150480068C0684F49086018E0B4
:10A4D0004D480068494908600EE048480068C06877
:10A4E000A04204D14549E0680968C86008E04348D3
:10A4F0000068C06841490860404800680028ECD105
:10A5000000BF0020E06000BF21460220FDF77CFC78
:10A51000002435E0002521463C4801F019FC214685
:10A520000320FDF771FC00242AE0002500BF21462E
:10A53000314801F00DFC01203149087000BF21466F
:10A540000220FDF761FC00241AE0204602F016FF0D
:10A5500005460DB90520207612E0204602F00EFFD8
:10A5600005460DB9052020760AE0204602F006FFD8
:10A5700005460DB90920207602E00025002400BF21
:10A5800000BF1CB115B9204601F0BAF8284687E78C
:10A590004C5749505C6C7769702D312E342E315CEC
:10A5A0007372635C636F72655C7463702E6300002A
:10A5B0007063622D3E666C61677320262054465F8F
:10A5C0005258434C4F53454400000000417373659B
:10A5D0007274696F6E2022257322206661696C6532
:10A5E00064206174206C696E6520256420696E208A
:10A5F00025730D0A00000000240100202C0100201A
:10A6000030010020280100201C0100202001002032
:10A610002DE9F05F04460E469046994600BF207E25
:10A6200000280CD000BF50A340F2B32256A162A074
:10A63000F8F7CEFC00BF6FF00800BDE8F09F00BF48
:10A6400016B13068606002E06FF00500F5E7A4F82D
:10A650001C800CB1206868B9201DFCF78DFB834677
:10A66000BBF1000F02D16FF00300E6E7DBF8040056
:10A67000206000BFB4F81AA0608B38B900F0FEFF6C
:10A680006083608B10B96FF00100D6E701F02AF803
:10A690000546002044F8280FA562681E206260630A
:10A6A00040F66830A080E0802068A06040F6683006
:10A6B00020874FF40670E081E089314600F0F0F821
:10A6C000E0810120A084E08900EB80004FF6FF715B
:10A6D00001EA4000E084C4F85890283C022120465A
:10A6E00000F0F6F80746002F3CD102202076BAF1A0
:10A6F000000F26D000BF3B480068A04205D1394872
:10A700000068C0683749086018E036480068364974
:10A7100008600EE034480068C068A04204D13249A5
:10A72000E0680968C86008E02F480068C0682E49E2
:10A7300008602D4800680028ECD100BF0020E060D0
:10A7400000BF00BF00BF29480068E06027480460E0
:10A7500003F0FCFC00BF01202549087000BF204623
:10A7600000F0CEFF384668E74C5749505C6C77697B
:10A77000702D312E342E315C7372635C636F7265A1
:10A780005C7463702E6300007463705F636F6E6E41
:10A790006563743A2063616E206F6E6C7920636F1D
:10A7A0006E6E6563742066726F6D2073746174657C
:10A7B00020434C4F53454400417373657274696F75
:10A7C0006E2022257322206661696C6564206174A5
:10A7D000206C696E6520256420696E2025730D0A42
:10A7E000000000001C0100202C010020240100209A
:10A7F000300100202DE9F05F07460E4691469A464B
:10A80000DDF8288008F0010008B1042000E00020F5
:10A8100008F0020109B10C2100E0002145180420D4
:10A82000FDF780FB041E05D13046FEF7D5FA002067
:10A83000BDE8F09F84F80A800020206066603089BF
:10A84000401B208114213046FEF796FB20B12046A4
:10A8500002F054FD0020EBE760684068E060788B10
:10A86000FCF721FDE1680880B88BFCF71CFDE1686E
:10A8700048805046FCF70AFDE1684860AB46E9179E
:10A8800005EB91718910491D49EA013188B2FCF745
:10A890000AFDE16888810020E16848822046C7E718
:10A8A0002DE9F04105460E463046FCF765FA0446B0
:10A8B00054B1208C40B1208C283887B2BD4201DAD7
:10A8C000284600E0384605462846BDE8F0810000ED
:10A8D0002DE9F84304460D464FF00008C14600BF7D
:10A8E00005F0030040B900BF5CA340F2DB226449DD
:10A8F00064A0F8F76DFB00BF00BFB4F8680008283B
:10A9000005DAB4F868004FF6FC71884207D9A07FD9
:10A9100040F08000A0774FF0FF30BDE8F88305F0ED
:10A92000020008B14FF0010808F0010008B104204E
:10A9300000E0002008F0020109B10C2100E0002134
:10A9400000EB0109B4F8660010B94FF0FF30E4E7FE
:10A95000002249461046FDF74BFD071E05D1A07F9A
:10A9600040F08000A077781ED7E700BF788948457F
:10A9700008DA00BF39A340F201324DA141A0F8F737
:10A9800027FB00BF00BFCDF800802A46394620468D
:10A99000E36DFFF72FFF061E05D1A07F40F080007A
:10A9A000A077701EB9E700BF307B00F0030040B114
:10A9B00000BF2AA340F20A324CA132A0F8F708FBEC
:10A9C00000BF00BF00BF308940B100BF23A340F2E9
:10A9D0000B324CA12BA0F8F7FBFA00BF00BFE06ED2
:10A9E00008B9E66607E0E06E00E00068016800294B
:10A9F000FBD1066000BF0020A4F86A0005F0020049
:10AA000010B905F0010038B1E06D401CE065B4F804
:10AA10006600401EA4F8660005F0010018B1A07F92
:10AA200040F02000A0777068FEF713F834F8681F34
:10AA30000844208034F8680970B100BF206F50B915
:10AA4000E06E40B900BF05A340F22E3238A10DA040
:10AA5000F8F7BEFA00BF00BF00205EE74C57495030
:10AA60005C6C7769702D312E342E315C7372635CAF
:10AA7000636F72655C7463705F6F75742E63000042
:10AA800020340208417373657274696F6E20222549
:10AA90007322206661696C6564206174206C696E44
:10AAA0006520256420696E2025730D0A00000000D2
:10AAB0007463705F656E71756575655F666C6167FF
:10AAC000733A20636865636B2074686174206669FB
:10AAD00072737420706275662063616E20686F6C9B
:10AAE00064206F70746C656E000000007365672DE4
:10AAF0003E746370686472206E6F7420616C696765
:10AB00006E6564007463705F656E71756575655F11
:10AB1000666C6167733A20696E76616C6964207354
:10AB200065676D656E74206C656E67746800000003
:10AB30007463705F656E71756575655F666C61677E
:10AB4000733A20696E76616C69642071756575650C
:10AB5000206C656E6774680070B504460D4600BFD2
:10AB6000207E012808D100BF05A340F28F520CA11E
:10AB700015A0F8F72DFA00BF00BFC4F8885070BDCB
:10AB80004C5749505C6C7769702D312E342E315CF6
:10AB90007372635C636F72655C7463702E63000034
:10ABA000696E76616C696420736F636B6574207382
:10ABB0007461746520666F72206572722063616CC7
:10ABC0006C6261636B000000417373657274696F3E
:10ABD0006E2022257322206661696C656420617491
:10ABE000206C696E6520256420696E2025730D0A2E
:10ABF0000000000070B51B480078401C194908701F
:10AC000000BF1948046829E094F821001549097823
:10AC1000884223D01348007884F82100A07F00F0F8
:10AC2000010060B100BFA07F40F00200A07700BF2C
:10AC3000204600F065FDA07F20F00300A077E568C6
:10AC4000606F48B1002009490870204601F0A4FC5B
:10AC50000648007800B1D4E72C4600BF002CD3D1C1
:10AC600070BD0000320100202401002030010020CE
:10AC7000704700002DE9FC4706468A46F94970688E
:10AC80000860F84871680068007800F00F0001EB78
:10AC90008000F5490860F348006800780007800EDE
:10ACA00041423046FEF768F910B93089142800D2C5
:10ACB00015E3EE4908685146FBF7DCF828B9EB4884
:10ACC000007800F0F000E02800D108E3E6490968C8
:10ACD0008889FCF702FB4FEA20394FEA890041429C
:10ACE0003046FEF749F900B1F9E2DF490968088802
:10ACF000FCF7F3FADC4909680880DB4909684888F1
:10AD0000FCF7EBFAD84909684880D74909684868D0
:10AD1000FCF7DDFAD44909684860D5490860D24992
:10AD200009688868FCF7D3FACF4909688860D14977
:10AD30000860CD490968C889FCF7CFFACA49096893
:10AD4000C881C94909688889FCF7C7FA00F03F0043
:10AD5000C94908703089097801F0030109B101215E
:10AD600000E000210844C54908800027C448046861
:10AD700060E000BF207E38B900BFC2A3AB22CAA1E9
:10AD8000D3A0F8F725F900BF00BF00BF207E0A2836
:10AD900007D100BFBBA3AC22D8A1CDA0F8F718F90A
:10ADA00000BF00BF00BF207E012807D100BFB5A3B0
:10ADB000AD22DDA1C6A0F8F70BF900BF00BFA08B44
:10ADC000A94909680988884232D1608BA649096877
:10ADD000498888422CD1DE4960680968884227D1B9
:10ADE000A24920680968884222D100BFE068A042D9
:10ADF00007D100BFA3A3B622D6A1B5A0F8F7E8F803
:10AE000000BF00BF37B1E068F8609D480068E060AF
:10AE10009B48046000BFE068A04207D100BF99A32F
:10AE2000BC22D7A1AAA0F8F7D3F800BF00BF03E067
:10AE30002746E468002C9CD100BF002C58D1DB4889
:10AE400004682BE000BF207E0A2807D000BF8DA336
:10AE5000C622D7A19EA0F8F7BBF800BF00BFA08B09
:10AE6000814909680988884217D1608B7E49096841
:10AE70004988884211D1B6496068096888420CD176
:10AE80007A4920680968884207D1204603F07AF998
:10AE90003046FDF7A1FFBDE8FC87E468002CD1D166
:10AEA0000027CF48056810E0688B6F49096849881A
:10AEB000884208D16D4928680968884202D00DB1DE
:10AEC000286800B903E02F46ED68002DECD100BFE3
:10AED00075B137B1E868F860C1480068E860C048FB
:10AEE0000560284600F07EFA3046FDF775FFD2E790
:10AEF000002C76D00020BB490860308908810846C4
:10AF0000466059480068C8600020B7490860B749E2
:10AF100008705948007800F0080018B1707B40F0C4
:10AF200001007073606F58B1204601F035FB0A30A4
:10AF300028B1606F20B151480088002800DD9DE1F4
:10AF4000AB480460204600F0EFFF804608F10A009D
:10AF5000002817D0A548007800F0080098B100BF7D
:10AF6000D4F8880028B16FF00A01D4F8882020694D
:10AF7000904700BF2146424800F0EAFE21460220E9
:10AF8000FCF742FF79E19948007800F01000B8B171
:10AF9000A07F00F0100050B900BFD4F8880028B19D
:10AFA0006FF00B01D4F888202069904700BF21463C
:10AFB000334800F0CDFE21460220FCF725FF5CE17E
:10AFC0004FF00008B4F86400002812DD00BFA06F45
:10AFD00040B1B4F864202146A36F206998478046A9
:10AFE00002E05BE14FF0000800BF08F10A0000B981
:10AFF00044E17D48006890B300BF606F40B100BF7E
:10B0000020A34FF4AA727BA131A0F7F7E1FF00BFA4
:10B0100000BFA07F00F0100038B173480068FDF752
:10B02000DBFE2046FEF77AFC28E100BFE06F48B166
:10B0300000236D49D4F87CC020690A682146E047A6
:10B04000804607E00023684821460268184601F060
:10B05000A7FF804600BF08F10A0008B90EE1DDE055
:10B06000D6E000003C01002038010020E000002074
:10B070004001002044010020480100204A01002036
:10B08000240100204C5749505C6C7769702D312E9B
:10B09000342E315C7372635C636F72655C746370D1
:10B0A0005F696E2E630000007463705F696E707577
:10B0B000743A20616374697665207063622D3E7313
:10B0C0007461746520213D20434C4F53454400007A
:10B0D000417373657274696F6E2022257322206636
:10B0E00061696C6564206174206C696E65202564FB
:10B0F00020696E2025730D0A000000007463705FE4
:10B10000696E7075743A2061637469766520706346
:10B11000622D3E737461746520213D2054494D4574
:10B120002D574149540000007463705F696E70755B
:10B13000743A20616374697665207063622D3E7392
:10B140007461746520213D204C495354454E0000E4
:10B15000DC0000207463705F696E7075743A207053
:10B1600063622D3E6E65787420213D2070636220FD
:10B17000286265666F7265206361636865290000F7
:10B180007463705F696E7075743A207063622D3EEF
:10B190006E65787420213D2070636220286166749A
:10B1A0006572206361636865290000002801002042
:10B1B0007463705F696E7075743A2054494D452D03
:10B1C00057414954207063622D3E73746174652049
:10B1D0003D3D2054494D452D574149540000000044
:10B1E0002001002000B40120500100204C0100206B
:10B1F000540100207063622D3E726566757365644C
:10B200005F64617461203D3D204E554C4C00000050
:10B21000B8F1000F02D03448006860673348007806
:10B2200000F0200018B3606F30B1606F407B40F0D9
:10B230002000616F48731AE0A08D40F668318842A3
:10B2400002D0A08D401CA08500BFE06F40B100235C
:10B250001A462146D4F87CC02069E047804601E0C8
:10B260004FF0000800BF08F10A0000B906E0002016
:10B270001F490860204600F043FA00BF00201C4927
:10B280000860194908601B48406828B31949486894
:10B29000FDF7A2FD0020174948601DE01649096826
:10B2A0008889FCF71AF800F0040090B91248006889
:10B2B0000088114909684988CDE900100F480068E5
:10B2C0000F4A128881180F4B0F4A1048006801F08E
:10B2D0008BFF3046FDF780FD00BF00BFDBE5304649
:10B2E000FDF77AFD00BFD6E5500100204C0100209B
:10B2F0005401002000B4012038010020400100204A
:10B300004A010020DC000020E00000204401002071
:10B310002DE9FC410446216D481EFBF7B7FF0746A7
:10B320003B4600221146204600F02AFB05460DB997
:10B33000BDE8FC816E6806200021CDE90010A37AEB
:10B34000221D21462846FAF7E9FF2846FDF744FD6D
:10B3500000BFEDE72DE9F04106464FF07F080027DA
:10B3600000250F48046813E0607EB0420FDC607E69
:10B3700040450CDC0B49606A0968081AB84206D3DC
:10B380000849606A09680F1A254694F81980E4682C
:10B39000002CE9D115B12846FEF7C0FABDE8F081CE
:10B3A000240100201801002070B5002600250B485C
:10B3B00004680BE00A49606A0968081AB04204D3BD
:10B3C0000749606A09680E1A2546E468002CF1D125
:10B3D00015B12846FEF7A2FA70BD00002801002032
:10B3E000180100207CB505464148007800F00400B3
:10B3F00008B100207CBD3E48007800F0100098B1F4
:10B400003C48006800883B4909684988CDE900103C
:10B4100039480068394A12888118394B394A3A4804
:10B42000006801F0E1FE61E03148007800F00200C0
:10B4300000285BD0687EFEF77FFA044614B94FF00F
:10B44000FF30D7E72F4800682060688B60832C4866
:10B4500000686060274800680088A0830320207689
:10B4600025480068401CA062A06A2063214800684B
:10B47000C089A4F860001F480068C089A4F8620071
:10B48000B4F86000A4F84E001B480068401E6065D8
:10B490002869206168696061287A00F08C00207258
:10B4A00000BF00BF19480068E0601848046002F05F
:10B4B0004DFE00BF01201649087000BF204600F075
:10B4C00051FBE08E211DFFF7EBF9E08612212046AB
:10B4D000FFF7FEF906462EB100212046FEF788F957
:10B4E000304687E7204600F00BF983E7002081E72C
:10B4F0004801002038010020400100204A010020BE
:10B50000DC000020E0000020440100202401002095
:10B510003001002070B504460E4600BF207E002892
:10B520000AD000BF32A34FF4037239A141A0F7F74C
:10B530004FFD00BF002070BD00BF207E012801D15B
:10B540002046F8E70320FCF7EDFC05460DB9002086
:10B55000F1E720692861608B688301202876607E8E
:10B560006876207A2872287A40F002002872A07A41
:10B57000A872607A687220682860608B30B300BF60
:10B5800037480068A04205D135480068C068344992
:10B59000086018E032480068324908600EE031481F
:10B5A0000068C068A04204D12E49E0680968C860FC
:10B5B00008E02C480068C0682A49086029480068EB
:10B5C0000028ECD100BF0020E06000BF214602202F
:10B5D000FCF71AFC2448686100BF24480068E86052
:10B5E0002248056002F0B2FD00BF2846A3E7000034
:10B5F0004C5749505C6C7769702D312E342E315C7C
:10B600007372635C636F72655C7463702E630000B9
:10B610007463705F6C697374656E3A207063622046
:10B62000616C726561647920636F6E6E65637465C9
:10B6300064000000417373657274696F6E20222587
:10B640007322206661696C6564206174206C696E88
:10B650006520256420696E2025730D0A0000000016
:10B660001C0100202C0100202F990008200100203F
:10B6700010B54020FEF760F910BD000030B5002382
:10B6800000BF164804880088401C144D28804FF6DF
:10B69000FF70844203D14FF440402C4620800021AB
:10B6A00017E00F4850F8210002680EE0508B0B4C59
:10B6B0002488A04208D1581C80B20346B0F5804FC0
:10B6C00001DB002030BDDCE7D268002AEED1481C47
:10B6D000C1B20429E5DB01480088F3E7140100202A
:10B6E00058320208044800680449096808440249BD
:10B6F00008600846006870473401002018010020E7
:10B700002DE9F047044600BF207E012808D100BF84
:10B7100076A340F28B327EA187A0F7F759FC00BFD9
:10B7200000BF90480068A04202D10020BDE8F08729
:10B73000B4F86000B4F84C10884202DAB4F8600043
:10B7400001E0B4F84C008146E56EA07F00F00200F5
:10B7500070B14DB1E9684868FBF7B9FDA16C401ABA
:10B7600029890844484503D9204601F0E0FDDDE77A
:10B77000266F26B100E0366830680028FBD19DE0D6
:10B7800000BFE9688889FBF7A8FD00F0040040B11C
:10B7900000BF56A34FF4717273A167A0F7F718FCAE
:10B7A00000BF00BF206FA0B1A07F00F0440080B9AF
:10B7B000E06E38B1E06E006858B9E06E0089E18E45
:10B7C000884206DAB4F8660018B1B4F868000828B0
:10B7D00001DB012000E0002020B9A07F00F0A000E4
:10B7E00000B977E02868E066207E02280BD01020A0
:10B7F000FBF759FDE96889890843E9688881A07FDA
:10B8000020F00300A0772146284600F043F9E968BC
:10B810004868FBF75CFD0746E9688889FBF75DFD32
:10B8200000F0030008B1012000E00020298908444D
:10B8300007EB0008206DB0EB080001D5C4F850807C
:10B84000E9688889FBF749FD00F0030008B1012091
:10B8500000E000202989084400282BDD0020286012
:10B86000206F10B925672E4627E0E9684868FBF786
:10B870002EFD0746F1684868FBF729FD381A16D5F2
:10B8800004F1700700E03F68386860B13968C96842
:10B890004868FBF71CFD8246E9684868FBF717FD1E
:10B8A000BAEB0000EFD4386828603D6005E03560F1
:10B8B000366802E0284601F021FDE56E55B1E968E1
:10B8C0004868FBF704FDA16C401A298908444845E3
:10B8D0007FF656AF00BFE06E10B90020A4F86A00F2
:10B8E000A07F20F08000A07700201FE74C57495030
:10B8F0005C6C7769702D312E342E315C7372635C11
:10B90000636F72655C7463705F6F75742E630000A3
:10B91000646F6E27742063616C6C207463705F6F5A
:10B92000757470757420666F72206C697374656EBF
:10B930002D70636273000000417373657274696FE8
:10B940006E2022257322206661696C656420617413
:10B95000206C696E6520256420696E2025730D0AB0
:10B960000000000054010020525354206E6F7420D8
:10B970006578706563746564206865726521000090
:10B980002DE9F04705460E469046994606F114000B
:10B99000404481B200220120FCF72AFD0746002F17
:10B9A00035D000BF798906F11400814207DA00BF63
:10B9B00018A3642220A12CA0F7F70AFB00BF00BF48
:10B9C0007C68688BFBF76FFC2080A88BFBF76BFC17
:10B9D0006080C4F80490A86AFBF758FCA060B246E7
:10B9E000F11706EB91718910491D102242EA0131CD
:10B9F00088B2FBF758FCA081E88DFBF754FCE0818E
:10BA0000002020826082E98DA86A084428633846B5
:10BA1000BDE8F0874C5749505C6C7769702D312E2A
:10BA2000342E315C7372635C636F72655C74637037
:10BA30005F6F75742E630000636865636B207468C4
:10BA40006174206669727374207062756620636128
:10BA50006E20686F6C6420737472756374207463F5
:10BA6000705F686472000000417373657274696F7F
:10BA70006E2022257322206661696C6564206174E2
:10BA8000206C696E6520256420696E2025730D0A7F
:10BA9000000000002DE9FC4705460C46A06AFBF7B4
:10BAA000F5FBE9688860E08DFBF7FDFBE968C8817C
:10BAB000E18DA06A08442063E86800F11408A87AC0
:10BAC00000F0010070B1211D40F2B450FEF7E8FE15
:10BAD000814649F00170FBF7D9FBC8F8000008F176
:10BAE000040800BFB4F93400401C08B90020A08647
:10BAF0000CB1206840B9201DFBF73EF906460EB98F
:10BB0000BDE8FC8770682060A06B38B914480068F5
:10BB1000A063E9684868FBF7DAFBE063A889696815
:10BB20008988401A87B268684089C01B6968488163
:10BB300068680089C01B696808816968E8684860AE
:10BB40000020E96808820621607ACDE90001A37A25
:10BB5000221D21466868FAF7E1FB00BFD0E700002C
:10BB6000180100202DE9F04780462B48006800F1BD
:10BB70001405294909688889FBF7AFFB0521B1EB5A
:10BB8000203F46DA244909688889FBF7A6FB05218E
:10BB9000C1EB20304FF6FF7101EA8006002436E049
:10BBA00015F80490B9F1000F06D0B9F1010F05D0D6
:10BBB000B9F1020F21D104E0BDE8F087601C84B226
:10BBC00024E0601C285C042802D1201DB04200DD66
:10BBD000F2E7E01C295CA01C285C41EA002740F247
:10BBE000B450874200DC17B940F2B45000E0384648
:10BBF000A8F83600201D84B208E0601C285C00B95B
:10BC0000DAE7601C285C204484B200BF00BFB44265
:10BC1000C6DB00BFD0E70000380100202DE9FF5F40
:10BC20000C4616469846DDE90FAB0E9FA146B4427E
:10BC30001BDA0AF0020050B9B87F00F04000A0B94A
:10BC4000BBF1000F03D0F86E08B9386F68B104F289
:10BC5000B75020F00300B04201DD304603E004F2AB
:10BC6000B75020F003001FFA80F9002249460098DF
:10BC7000FCF7BEFB05461DB9002004B0BDE8F09FEF
:10BC800000BF286840B100BF08A340F2031210A112
:10BC900014A0F7F79DF900BF00BF6889001BA8F842
:10BCA00000002C816C812846E7E700004C57495082
:10BCB0005C6C7769702D312E342E315C7372635C4D
:10BCC000636F72655C7463705F6F75742E630000E0
:10BCD0006E65656420756E636861696E6564207069
:10BCE00062756600417373657274696F6E202225F8
:10BCF0007322206661696C6564206174206C696ED2
:10BD00006520256420696E2025730D0A000000005F
:10BD100010B50446207ED0B1207E0A2817D0207EA0
:10BD2000012814D0606F20B1606FFDF755F8002036
:10BD300060674FF0FF30A086E06E01F0ECFA206FF4
:10BD400001F0E9FA0020E0662067A4F86A0010BD5F
:10BD500070B505460C4600BF2868A04203D128688C
:10BD6000C068286017E02849286808600EE0264867
:10BD70000068C068A04204D12349E0680968C8602F
:10BD800008E021480068C0681F4908601E48006834
:10BD90000028ECD100BF0020E06000BF2046FFF784
:10BDA000B7FF207E0A280DD0207E01280AD0A07F70
:10BDB00000F0010030B1A07F40F00200A0772046E3
:10BDC000FFF79EFC207E012819D000BFE06E40B135
:10BDD00000BF0EA340F2116214A11AA0F7F7F8F801
:10BDE00000BF00BF00BF206F40B100BF07A340F2FB
:10BDF00012621FA113A0F7F7EBF800BF00BF0020ED
:10BE0000207600BF00BF70BD2C0100204C57495068
:10BE10005C6C7769702D312E342E315C7372635CEB
:10BE2000636F72655C7463702E630000756E73657A
:10BE30006E74207365676D656E7473206C65616BDD
:10BE4000696E6700417373657274696F6E20222595
:10BE50007322206661696C6564206174206C696E70
:10BE60006520256420696E2025730D0A00000000FE
:10BE7000756E61636B6564207365676D656E747361
:10BE8000206C65616B696E670000000070B5044648
:10BE90000E46154600BF207E012808D100BF07A32B
:10BEA00040F2AE520DA115A0F7F792F800BF00BF07
:10BEB000C4F8846084F8205070BD00004C5749508D
:10BEC0005C6C7769702D312E342E315C7372635C3B
:10BED000636F72655C7463702E630000696E7661D7
:10BEE0006C696420736F636B65742073746174652F
:10BEF00020666F7220706F6C6C0000004173736578
:10BF00007274696F6E2022257322206661696C65E8
:10BF100064206174206C696E6520256420696E2040
:10BF200025730D0A000000002DE9FC4104464FF086
:10BF300000080026F648007800F00400002839D0F8
:10BF4000207E022807D1F349206D0968884211D16B
:10BF50004FF001080EE0F049A06A0968081A09D4F8
:10BF6000A18DA06A0844EC490968081A002801DC80
:10BF70004FF00108B8F1000F1AD000BF207E40B981
:10BF800000BFE6A340F25722EDA1F5A0F7F720F895
:10BF900000BF00BFFD48007840F00800FB49087072
:10BFA000A07F20F00100A0776FF00A00BDE8FC81BF
:10BFB0000020FBE7D648007800F0020068B1207E40
:10BFC00002280AD0207E032807D000BFA07F40F0BF
:10BFD0000200A07700BF0020E8E7A07F00F010007B
:10BFE00010B9EB4800686062002084F89200204697
:10BFF000FFF7B8FD207E801E082870D2DFE800F031
:10C0000004A8F7F6F5F4F3F2C148007800F0100048
:10C01000002875D0BE48007800F0020000287ED0CD
:10C02000216FC9684868FBF752F9401CB949096893
:10C03000884274D12834E08F401CE087B6480068FD
:10C04000401C20602068A060B24800682062D1488F
:10C050000068C0892087CF480068C0896087AE48E3
:10C060000068401EE062042004F8100CE089283CBF
:10C07000211DFEF715FCE086E08E00EB80004FF6F8
:10C08000FF7101EA4000A4F84E00B4F84C0001280A
:10C0900002D1E08E400000E0E08EA4F84C0000BF2A
:10C0A000B4F86800002808DC00BF9CA34FF423729A
:10C0B000B9A1ABA0F6F78CFF00BF00BFB4F86800D1
:10C0C000401EA4F86800256F28682067284601F004
:10C0D00015F9206F20B94FF0FF30A08604E048E248
:10C0E0000020A08684F8460000BFD4F8800040B14C
:10C0F00000222146D4F8803020699847064601E0A6
:10C100000DE0002600BF06F10A0010B96FF009002B
:10C110004CE700BFA07F40F00200A07717E07C480A
:10C12000007800F0100090B19A48006800889949A2
:10C1300009684988CDE90010774800689C4A128850
:10C1400081189C4B9C4A7348006801F04DF811E23D
:10C150006F48007800F0100000286FD0A06C401CE1
:10C160006C490968081A54D46A49206D0968081A8C
:10C1700000284EDC0420207600BF606940B900BF73
:10C1800066A340F2B3228DA175A0F6F721FF00BF90
:10C1900000BF00BF606930B100222146D4E904032A
:10C1A0009847064601E06FF00D0600BF46B106F164
:10C1B0000A0010B12046FDF7B1FB6FF00900F5E66B
:10C1C000B4F84C70204600F02DFAB4F8640020B1A9
:10C1D000B4F86400401EA4F86400012F08D1E08E7A
:10C1E000400006E0B1E166E137E019E147E035E003
:10C1F000E08EA4F84C006548007800F0200038B1CB
:10C2000000BFA07F40F00200A07700BF072020768B
:10C2100022E06048006800885E4909684988CDE9E5
:10C2200000103D480068624A12888118614B624ADA
:10C230003848006800F0D8FF0EE0FFE73448007887
:10C2400000F0020040B1A06A401E334909688842EC
:10C2500002D1204600F046FF8CE100BF204600F0EE
:10C26000E1F94A48007800F0200038B100BFA07F13
:10C2700040F00200A07700BF072020767AE1204638
:10C2800000F0D0F94148007800F02000F0B32048D9
:10C29000007800F01000D0B31E49206D0968884274
:10C2A00035D100BFA07F40F00200A07700BF20463C
:10C2B000FFF72EFD00BF00BF45480068A04205D132
:10C2C00043480068C0684249086018E04048006878
:10C2D000404908600EE03F480068C068A04204D1B1
:10C2E0003C49E0680968C86008E03A480068C068EE
:10C2F00038490860374800680028ECD100BF0020AA
:10C30000E06000BF01203449087067E07BE071E025
:10C310004801002044010020400100204C574950B2
:10C320005C6C7769702D312E342E315C7372635CD6
:10C33000636F72655C7463705F696E2E63000000EA
:10C340007463705F696E7075743A207063622D3E1D
:10C35000737461746520213D20434C4F5345440064
:10C36000417373657274696F6E2022257322206693
:10C3700061696C6564206174206C696E6520256458
:10C3800020696E2025730D0A000000004C0100207A
:10C3900018010020380100207063622D3E736E6426
:10C3A0005F71756575656C656E203E20300000001C
:10C3B0004A010020DC000020E00000207063622DB4
:10C3C0003E61636365707420213D204E554C4C00E6
:10C3D000240100202C0100203001002000BF0A2091
:10C3E000207600BF65480068E0606448046001F0A2
:10C3F000ADFE14E000BFA07F40F00200A07700BFB8
:10C40000082020760BE05E48007800F0100030B184
:10C410005C49206D0968884201D106202076A9E098
:10C42000204600F0FFF85848007800F02000E8B3FC
:10C4300000BFA07F40F00200A07700BF2046FFF7BA
:10C4400067FC00BF00BF51480068A04205D14F48BB
:10C450000068C0684D49086018E04C4800684C49C5
:10C4600008600EE04A480068C068A04204D148490C
:10C47000E0680968C86008E045480068C068444949
:10C480000860434800680028ECD100BF0020E0604D
:10C4900000BF01203F49087000BF0A20207600BF7E
:10C4A00036480068E0603548046000E002E001F0D2
:10C4B0004DFE00BF5EE0204600F0B4F83048007842
:10C4C00000F01000F0B32F49206D096888423BD17D
:10C4D0002046FFF71DFC00BF00BF2C480068A042AB
:10C4E00005D12A480068C0682849086018E0274834
:10C4F0000068274908600EE025480068C068A0422F
:10C5000004D12349E0680968C86008E02048006851
:10C51000C0681F4908601E4800680028ECD100BFB1
:10C520000020E06000BF01201A49087000BF0A2007
:10C53000207600BF11480068E0601048046001F0F8
:10C5400005FE00E000E000BF14E0204600F06AF8BD
:10C550000B48007800F0100050B10A49206D0968BE
:10C56000884205D10848007840F01000064908705C
:10C5700000E000BF00BF002018E5000028010020F7
:10C5800048010020440100204C010020240100202B
:10C590002C010020300100202DE9F0410446606F9D
:10C5A000477B666F0020606700BFE06F40B10023EB
:10C5B00032462146D4F87CC02069E047054606E0B3
:10C5C000002332462146184600F0EAFC054600BF2B
:10C5D000FDB907F0200018B3A08D40F668318842FD
:10C5E00002D0A08D401CA08500BFE06F40B10023A9
:10C5F0001A462146D4F87CC02069E047054600E091
:10C60000002500BF05F10A0050B96FF00900BDE830
:10C61000F08105F10A0010B96FF00900F7E76667CD
:10C620000020F4E72DE9F84F04460020009000BFF9
:10C63000207E042808DA00BFE5A34FF45872EDA16C
:10C64000F3A0F6F7C5FC00BF00BFFC48007800F07F
:10C65000100000287ED0B4F86000A16D00EB010945
:10C66000F749606D0968401A15D4F549606D09688D
:10C67000884204D1F349A06D0968401A0BD4F149EE
:10C68000A06D0968884231D1EF480068C089B4F8CC
:10C69000601088422ADDEC480068C089A4F8600078
:10C6A000B4F86200E8490968C989884204DAE648B2
:10C6B0000068C089A4F86200E14800686065E1484C
:10C6C0000068A065B4F8600048B994F8910068B9B2
:10C6D000002084F89000012084F8910006E094F88E
:10C6E0009100002802DD002084F89100D549A06C5B
:10C6F0000968081A002847DC0020A4F86400D34821
:10C70000008840BBB4F86010A06D0844484535D19E
:10C71000B4F93400002831DBCA49A06C09688842AA
:10C720002CD10120009094F84700401CC0B294F82E
:10C730004710884204DD94F84700401C84F8470005
:10C7400094F84700032812DDB4F84C00E18E084449
:10C7500080B201E0E5E109E0B4F84C1088420DDD5B
:10C76000B4F84C00E18E0844A4F84C0006E094F8BC
:10C770004700032802D1204600F0E1FC0098002881
:10C7800001D184F84700C7E0A06C401CAD4909689E
:10C79000081A7DD4AB49206D0968081A002877DC97
:10C7A000A07F00F0040038B1A07F20F00400A07743
:10C7B000B4F84E00A4F84C0000202834A077608B19
:10C7C000B4F9181000EBE10000B2A083208C9D4961
:10C7D0000988081AA087E08FA18F0844E08700200D
:10C7E000E07798480068206214F8100C283C042870
:10C7F00024DBB4F84C00B4F84E1088420FDAB4F8D9
:10C800004C00E18E084480B2B4F84C10884215DD2B
:10C81000B4F84C00E18E0844A4F84C000EE034F863
:10C82000361F4943E28A91FBF2F1114488B2E18A52
:10C83000363C814201DAA4F84C0000BF42E0266F8A
:10C84000206F0068206700BF7068FCF702F9B4F839
:10C850006810884208DD00BF5DA34FF47F727CA1A1
:10C860006BA0F6F7B5FB00BF00BFB4F8640058B189
:10C87000F1688889FAF731FD00F0010020B1B4F8C1
:10C880006400401EA4F864007068FCF7E2F800E061
:10C890003FE034F8681F081A2080304600F02EFD73
:10C8A00034F8680970B100BF206F50B9E06E40B92C
:10C8B00000BF47A340F207426FA155A0F6F788FBDF
:10C8C00000BF00BF206FC8B1216FC9684868FAF780
:10C8D000FEFC8346216FC9688889FAF7FEFC00F0E8
:10C8E000030008B1012000E00020216F09890844FD
:10C8F000584454490968401A0028A0DD206F18B92F
:10C900004FF0FF30A08601E00020A0860020E077F5
:10C9100002E00020A4F8640045E0E66EE06E0068E6
:10C92000E066E06E10B90020A4F86A0000BF7068ED
:10C93000FCF78FF8B4F86810884208DD00BF24A324
:10C9400040F22E4242A132A0F6F742FB00BF00BFE8
:10C95000B4F8640058B1F1688889FAF7BEFC00F0B9
:10C96000010020B1B4F86400401EA4F864007068AF
:10C97000FCF76FF834F8681F081A2080304600F082
:10C98000BDFC34F8680970B100BF206F50B9E06E8B
:10C9900040B900BF0EA340F2374237A11CA0F6F702
:10C9A00017FB00BF00BFE06E78B1E16EC968486850
:10C9B000FAF78DFC8346E16EC9688889FAF78DFC29
:10C9C00000F0030010B1012067E075E064E00000B2
:10C9D0004C5749505C6C7769702D312E342E315C88
:10C9E0007372635C636F72655C7463705F696E2EF3
:10C9F000630000007463705F726563656976653A11
:10CA00002077726F6E672073746174650000000098
:10CA1000417373657274696F6E20222573222066DC
:10CA200061696C6564206174206C696E65202564A1
:10CA300020696E2025730D0A0000000048010020C7
:10CA40004001002044010020380100204A0100205C
:10CA50007063622D3E736E645F71756575656C659C
:10CA60006E203E3D20706275665F636C656E286E59
:10CA70006578742D3E7029007463705F726563651C
:10CA80006976653A2076616C6964207175657565B3
:10CA9000206C656E677468000020E16E09890844A7
:10CAA0005844EA490968081A06D4E849206D09681B
:10CAB000081A00287FF731AFA06B90B3E349E06B11
:10CAC0000968401A2DD534F8380FE1490988081A49
:10CAD0000FFA80F8B4F90800A8EBE0000FFA80F82C
:10CAE0002089404400B22081383CB8F1000F03DABD
:10CAF000C8F100000FFA80F83834B4F90A00A8EB46
:10CB0000A0000FFA80F86089404400B2608160891B
:10CB1000B4F9081000EBE10000B2A081002044F855
:10CB20003809CC480088002873DD207E072870DA99
:10CB3000C948A16A0068401C081A6BD4C648A16A9B
:10CB40000068C44A12881044401E081A002861DC9C
:10CB5000C149A06A0968451AC048476800BF4068D3
:10CB600050B900BFAFF2981340F29642BCA1AFF2A9
:10CB70006010F6F72DFA00BF00BF00BF47F6FF7048
:10CB800085420ADB00BFAFF2B81340F29742B8A16A
:10CB9000AFF28410F6F71CFA00BF00BFAF48406840
:10CBA0004089A84237DA00BFAC4840680089A842F3
:10CBB0000ADA00BFAFF2E81340F29942B0A1AFF237
:10CBC000B010F6F705FA00BF00BFA448406800891E
:10CBD000401B1FFA80FA06E078892D1AA7F808A0F2
:10CBE000002078813F687889A842F5DB684201B26D
:10CBF0003846FCF7C1F910B300BF00BFAFF23023D5
:10CC000040F2A642A2A1AFF2F810F6F7E1F900BF98
:10CC100015E005E123E091494868694209B2FCF753
:10CC2000ABF960B100BF00BFAFF25C2340F2AB4292
:10CC300097A1AFF22420F6F7CBF900BF00BF8748D9
:10CC40000089218D844A1288891A401A83490881F3
:10CC50008149A06A08608149C96848600AE07E4944
:10CC6000A06A0968081A05D500BFA07F40F002003D
:10CC7000A07700BF7849A06A0968081A7ED4A18D00
:10CC8000A06A0844401E74490968081A002875DC27
:10CC90007149A06A0968884271D17049C968888958
:10CCA000FAF71BFB00F0030008B1012000E00020B0
:10CCB0006A490989084467490880A08D0988884223
:10CCC00056DA6649C9688889FAF707FB00F001005F
:10CCD00098B16249C9688889FAF7FFFA00F03E0BFB
:10CCE0005846FAF7E0FA5D49C96889894CF2FF02B3
:10CCF000114008435949C9688881A08D5749088166
:10CD0000C9688889FAF7E9FA00F0020020B15348AF
:10CD10000089401E51490881504A11895068FCF72A
:10CD2000CFF94E49C9688889FAF7D7FA00F00300AD
:10CD300008B1012000E0002048490989084445491C
:10CD4000088000BFA18DA06A084443490968414A90
:10CD50001288114488420AD000BFAFF28C3340F2EF
:10CD6000D74250A1AFF25830F6F732F900BF00BFFA
:10CD70003948006837490988084401E04CE047E039
:10CD8000A06200BFA08D3349098888420ADA00BF3B
:10CD9000AFF2C43340F2125250A1AFF28C30F6F72A
:10CDA00017F900BF00BFA08D2A490988401AA08545
:10CDB000204601F04FFA294840680089002806DD26
:10CDC000264840684D4908600020244948602349AE
:10CDD000C9688889FAF781FA00F0010028B148484B
:10CDE000007840F020004649087000BFA07F00F0A6
:10CDF000010040B1A07F20F00100A077A07F40F0AB
:10CE00000200A07703E0A07F40F00100A0771BE0C4
:10CE1000204600F08CFA17E0204600F088FA13E074
:10CE20000D49A06A0968081A08D4A18DA06A0844AF
:10CE3000401E09490968081A002805DD00BFA07FC7
:10CE400040F00200A07700BFBDE8F88F4401002049
:10CE5000180100204A0100204001002000B40120F8
:10CE6000696E7365672E7020213D204E554C4C0035
:10CE7000696E73616E65206F66667365742100006C
:10CE80007062756620746F6F2073686F7274210012
:10CE9000706275665F686561646572206661696C61
:10CEA000656400007463705F726563656976653AF6
:10CEB000207365676D656E74206E6F74207472697F
:10CEC0006D6D656420636F72726563746C79207434
:10CED0006F207263765F776E640A00007463705F20
:10CEE000726563656976653A207463706C656E205F
:10CEF0003E207263765F776E640A00005001002066
:10CF00004C01002070B504460D4600BF207E01286C
:10CF100008D100BF05A340F272520CA115A0F6F78C
:10CF200057F800BF00BFE56770BD00004C5749507F
:10CF30005C6C7769702D312E342E315C7372635CBA
:10CF4000636F72655C7463702E630000696E766156
:10CF50006C696420736F636B6574207374617465AE
:10CF600020666F7220726563762063616C6C62610B
:10CF7000636B0000417373657274696F6E202225C4
:10CF80007322206661696C6564206174206C696E2F
:10CF90006520256420696E2025730D0A00000000BD
:10CFA0002DE9F04107460D4614461E463CB1218945
:10CFB000284600F00DF82046FBF70EFF05E026B9E5
:10CFC0002846FDF7F3F9BDE8F0810020FBE70000FB
:10CFD00070B504460D4600BF207E012808D100BF71
:10CFE0001AA34FF41A7221A12AA0F5F7F1FF00BF8E
:10CFF00000BF00BFA08D4FF6FF71081AA84208DAE3
:10D0000000BF12A340F26A222DA122A0F5F7E0FF93
:10D0100000BF00BFA08D2844A085A08D40F66831D8
:10D02000884201DD0846A085204601F013F9064636
:10D0300040F2DA20864208DB00BFA07F40F0020009
:10D04000A07700BF2046FEF75BFB70BD4C574950F0
:10D050005C6C7769702D312E342E315C7372635C99
:10D06000636F72655C7463702E630000646F6E277B
:10D07000742063616C6C207463705F7265637665A5
:10D080006420666F72206C697374656E2D706362C4
:10D0900073000000417373657274696F6E202225FE
:10D0A0007322206661696C6564206174206C696E0E
:10D0B0006520256420696E2025730D0A000000009C
:10D0C0007463705F7265637665643A206C656E2088
:10D0D000776F756C642077726170207263765F770A
:10D0E0006E640A002DE9F0410446206F08B9BDE8DE
:10D0F000F081256F2868206704F16C0600E036682F
:10D10000306858B13168C9684868FAF7E0F80746EE
:10D11000E9684868FAF7DBF8381AF0D43068286014
:10D120003560286810B90020A4F86A0094F8460019
:10D13000401C84F846000020A06300BFD7E710B56C
:10D140000446206F90B3A07F00F0040070BB20461F
:10D15000FFF7C8FFB4F84C00B4F86010884207DD50
:10D16000B4F8600000EBD0714910A4F84E1006E04E
:10D17000B4F84C0000EBD0714910A4F84E10B4F88C
:10D180004E00E18E4900884204DAE08E4004000C33
:10D19000A4F84E00B4F84E00E18E032202FB010019
:10D1A000A4F84C00A07F40F00400A07710BD70B53B
:10D1B0000446206F00B970BD256F00E02D68286817
:10D1C0000028FBD1E06E2860206FE0660020206719
:10D1D00094F84600401C84F846000020A0632046D6
:10D1E000FEF78EFA00BFE6E72DE9FC5F81460E46AA
:10D1F00017469846DDE90CAB002214210120FBF70D
:10D20000F7F805460DB9BDE8FC9F00BF68891428F2
:10D2100008D200BF19A340F2B64221A12CA0F5F715
:10D22000D7FE00BF00BF6C685046FAF73CF820807C
:10D230005846FAF738F860804846FAF727F86060F1
:10D240003046FAF723F8A06045F21400FAF72BF8FD
:10D25000A08146F60B00E08100202082608206203B
:10D260000021FF234246CDE9001039462846F9F750
:10D2700055F82846FBF7B0FD00BFC4E74C574950AE
:10D280005C6C7769702D312E342E315C7372635C67
:10D29000636F72655C7463705F6F75742E630000FA
:10D2A000636865636B207468617420666972737467
:10D2B00020706275662063616E20686F6C642073F5
:10D2C0007472756374207463705F68647200000028
:10D2D000417373657274696F6E2022257322206614
:10D2E00061696C6564206174206C696E65202564D9
:10D2F00020696E2025730D0A0000000010B5044659
:10D3000044B1606810B16068FBF766FD21460420F7
:10D31000FAF77AFD10BD70B5044605E02568204691
:10D32000FFF7ECFF2C4600BF002CF7D170BD2DE9B4
:10D33000FC4104460027206DF9F7A8FF80464346CC
:10D34000002239462046FEF71BFB054615B9B81EDC
:10D35000BDE8FC816E68A07F20F00300A077062165
:10D36000607ACDE90001A37A221D21462846F8F70C
:10D37000D5FF2846FBF730FD0020E9E770B50446ED
:10D38000E06ED8B1E56E00E02D6828680028FBD17A
:10D39000E9688889F9F7A1FF00F0070068B9012062
:10D3A000F9F781FFE96889890843E9688881A07FE6
:10D3B00040F02000A077002070BD00BF0121204672
:10D3C000FDF786FAF8E7000070B504460D4600BF89
:10D3D000207E012808D100BF05A34FF4B0620CA144
:10D3E00015A0F5F7F5FD00BF00BFA56770BD0000F3
:10D3F0004C5749505C6C7769702D312E342E315C5E
:10D400007372635C636F72655C7463702E6300009B
:10D41000696E76616C696420736F636B65742073E9
:10D420007461746520666F722073656E7420636129
:10D430006C6C6261636B0000417373657274696F39
:10D440006E2022257322206661696C6564206174F8
:10D45000206C696E6520256420696E2025730D0A95
:10D46000000000002DE9F04107460C4690460121DE
:10D47000204600F08DFB0C20FAF7B0FA0546002D8F
:10D4800030D0012028706C600020A860294620461A
:10D49000FCF7B0FA16492046FFF734FD154920463F
:10D4A000FDF75AFB012214492046FEF7EFFC134911
:10D4B0002046FFF789FF1248007840F0200010490D
:10D4C000087020790F498871A088010A0D48C17140
:10D4D0006068010C0B4801726068000E09494872CF
:10D4E000002601E04FF0FF363046BDE8F081000035
:10D4F00015D6000859D5000881D500082BD800089A
:10D500008800002080AB012070B505460C462846F7
:10D51000FCF74CFF00212846FCF76CFA0021284656
:10D52000FFF752FF00212846FFF7ECFC00212846B8
:10D53000FDF712FB002211462846FEF7A7FC14B1A6
:10D540002046FAF77DF90348007820F020000149D1
:10D55000087070BD8800002070B504460D46214655
:10D5600003A0F5F735FD14B12046FAF769F970BD4F
:10D57000746370206572726F723A25780D0A00002C
:10D580002DE9F04105460F462C46ACB31F48007804
:10D5900000F0800038B31E480068F2F751FE1FFA11
:10D5A00080F8032241460020FAF722FFA0601848C5
:10D5B0000068F2F745FE1FFA80F842461449A06859
:10D5C0000968FBF763FE2146384600F0FDF80F4876
:10D5D000007820F080000D490870A06850B1A06864
:10D5E000FBF7FAFB06E02078022803D121463846F3
:10D5F000FFF78AFF002605E0FFE73846FCF78EF9C3
:10D600006FF009063046BDE8F08100008800002078
:10D61000840000202DE9F05F82460E4614469B46AA
:10D62000002700BFBAF1000F07D100BF38A3912235
:10D6300043A146A0F5F7CCFC00BF00BFD1463CB9E2
:10D64000022089F80000C9F808404FF000085BE0AC
:10D65000BBF1000F05D014B12046FBF7BDFBD84647
:10D6600052E099F80000012842D1002C4CD0C8218A
:10D670004148F2F7BEFD254618E06889C7F1C801A8
:10D68000884207D9C7F1C8023B4BD8196968F2F73D
:10D6900097FD05E06A89384BD8196968F2F790FD63
:10D6A00068890744C82F00D902E02D68002DE4D115
:10D6B00000BF3248007840F04000304908703079AF
:10D6C0002F498871B088010A2D48C1717068010C1A
:10D6D0002B4801727068000E294948722189304632
:10D6E000FFF776FC2046FBF777FB4FF000080BE0D6
:10D6F00021893046FFF76CFC0020C9F8080020465D
:10D70000FBF76AFB4FF000084046BDE8F09F0000C1
:10D710004C5749505C6C7769705F6170705C7463E2
:10D72000705F7365727665725F64656D6F5C74635C
:10D73000705F7365727665725F64656D6F2E6300EE
:10D7400061726720213D204E554C4C00417373653A
:10D750007274696F6E2022257322206661696C6580
:10D7600064206174206C696E6520256420696E20D8
:10D7700025730D0A0000000090AC012088000020F5
:10D7800080AB012070B504E0F9F7AEFD0A20F5F793
:10D79000C7FD0B4800680028F6D10A4804680BE072
:10D7A0002046FEF7B5FA0749E06808602546E468B8
:10D7B00029460220FAF728FB002CF1D170BD0000A9
:10D7C00024010020280100202DE9F04107460C46E5
:10D7D00000261FE0A5686A8901233846696800F0C1
:10D7E000A1FD064686B9B5F80A802868A060A06841
:10D7F00010B1A068FBF744FD2846FBF7EDFA41465F
:10D800003846FFF7E5FB02E0701C00B9A56038461A
:10D81000FDF776FF3EB9A06828B1A0684089B7F847
:10D8200066108842D6DDBDE8F0812DE9F04104465E
:10D830000D4617462646B06818B131462846FFF710
:10D84000C3FF0020BDE8F0812DE9FC5F4FF0000A26
:10D85000D046C1464FF6FF70F3F7B6FF4FF478405D
:10D860009C4908809CA010210B46C822CDE90010DD
:10D870001E210846F4F7F8F89BA010210B46C82299
:10D88000CDE9001032211E20F4F7EEF89AA0102105
:10D890000B46C822CDE9001046211E20F4F7E4F81B
:10D8A00099A010210B46C822CDE900105A211E2054
:10D8B000F4F7DAF898A010210B46C822CDE9001041
:10D8C0006E211E20F4F7D0F8C8210020FAF788FC5A
:10D8D00004460CB9BDE8FC9F9248407B9149097B06
:10D8E000CDE900108F48C37A827A8FA12046F5F7E0
:10D8F0007FFB10200346D2228221CDE900041E20A6
:10D90000F4F7B2F841F698728DA12046F5F770FB56
:10D9100010200346D2229621CDE900041E20F4F700
:10D92000A3F8FDF7A5FE0746A7B141F6987288490E
:10D930003846FCF761F806464EB9FF213846FDF738
:10D94000E9FD834683495846FBF7EFFF04E04FF0BB
:10D95000010A01E04FF0010A1F205E4908809BE0A8
:10D960000020F3F74DFE0546012D00D198E0022D71
:10D9700005D17948007840F08000774908707648F2
:10D98000007800F0400020B34FF6FF70009073481D
:10D990004088401E83B271480088401E82B2D22166
:10D9A0001E20F3F767FF6E481021CDE900106B4889
:10D9B0004088D23883B2694800881E3882B2D221AA
:10D9C0001E20F4F751F86448007820F040006249C6
:10D9D00008706148007800F02000002832D0B9F1CA
:10D9E000000F43D14F48407A4E49097ACDE90010E3
:10D9F0004C48C37982795BA12046F5F7F9FA1020EB
:10DA00000346E622AA21CDE900041E20F4F72CF8F3
:10DA10004FF478402F49088058A01021CDE900101C
:10DA20004E484088BE3883B24C4800881E3882B2C7
:10DA3000BE211E20F4F718F81F20264908804FF059
:10DA4000010913E0B9F1000F10D04FF6FF700090FC
:10DA500042484088401E83B240480088401E82B23F
:10DA6000AA211E20F3F706FF4FF00009F9F73CFC4E
:10DA70000220F5F755FC08F1010000F0FF08B8F1AD
:10DA8000C80F09D14FF000084048006808B90120CC
:10DA900000E000203D490860BAF1000F3FF460AF9C
:10DAA00000BF00213846FFF72FFD00215846FFF741
:10DAB0002BFDFFF767FE94213846F2F79AFB94217D
:10DAC0005846F2F796FB21460020FAF777FB00BF95
:10DAD00000E70000260000205052454348494E20F0
:10DAE00053544D33324634005443502053657276BC
:10DAF00065722054657374007777772E7072656352
:10DB000068696E2E6E6574004B4559303A53656EE8
:10DB100064206461746100004B45595F55503A516F
:10DB20007569740080AB0120536572766572204977
:10DB3000503A25642E25642E25642E2564000000AD
:10DB400053657276657220506F72743A25640000D6
:10DB5000E831020865D40008880000202A0000206F
:10DB600090AC0120436C69656E742049503A25647D
:10DB70002E25642E25642E25640000005265636501
:10DB800069766520446174613A000000A4824242D3
:10DB9000417670472DE9FE4F00200290E64800686C
:10DBA000401CE5490860E5480078401CE3490870DE
:10DBB00000BF0025E248046885E100BF207E002800
:10DBC00008D100BFDFA340F22A32E6A1F0A0F5F7AA
:10DBD000FFF900BF00BF00BF207E012808D100BFB1
:10DBE000D8A340F22B32F5A1E9A0F5F7F1F900BF77
:10DBF00000BF00BF207E0A2808D100BFD1A34FF488
:10DC00004B72F9A1E2A0F5F7E3F900BF00BF94F869
:10DC10002100CA490978884201D1E46853E1C74824
:10DC2000007884F821000026B146207E022806D123
:10DC300094F84600062802D1701CC6B26BE094F836
:10DC400046000C2802D1701CC6B264E094F8910022
:10DC500000281BDD14F8900F401C2070217860789C
:10DC6000903C401EEC4A105C814254DB002084F85A
:10DC7000900094F89100072804D294F89100401C79
:10DC800084F89100204600F021FF44E0B4F934000C
:10DC9000002803DBA08E401C00B2A086206FD0B30A
:10DCA000B4F93400B4F94410884234DB207E0228F1
:10DCB0000CD040346088B4F9001000EBE100A17989
:10DCC000D64A515C884000B2A080403C0020A0862B
:10DCD000B4F84C00B4F86010884202DAB4F84C0092
:10DCE00001E0B4F8600082464FEA6A00A4F84E00F2
:10DCF000B4F84E00E18EB0EB410F06DAE08E4FF63D
:10DD0000FF7101EA4000A4F84E00E08EA4F84C0038
:10DD10002046FFF74CFA207E06280BD1A07F00F0AA
:10DD2000100038B18449606A0968081A282801D9A6
:10DD3000701CC6B2207A00F00800B0B3207E042820
:10DD400002D0207E072830D1B549D4F88C00084491
:10DD50004FF4FA71B0FBF1F0774A616A1268511A18
:10DD6000884206D2701CC6B209F1010000F0FF091A
:10DD70001BE094F8921042F29F4211FB02F1D4F89A
:10DD80008C0000EBC1004FF4FA71B0FBF1F06A4A6D
:10DD9000616A1268511A884207D22046FDF7B8FA24
:10DDA00094F89200401C84F89200207E032807D14A
:10DDB0006149606A0968081A282801D9701CC6B22E
:10DDC000207E092807D15C49606A0968081AF02892
:10DDD00001D9701CC6B2002E4FD02046FDF798FF27
:10DDE0008DB100BF56480068844208D100BF55A3DA
:10DDF00040F2BA328BA166A0F5F7EAF800BF00BF87
:10DE0000E068E86011E000BF4D480068A04208D01B
:10DE100000BF4CA340F2BE328DA15DA0F5F7D8F84B
:10DE200000BF00BF4649E0680860B9F1000F09D0A3
:10DE3000A08B618BCDE90010231D2246A16A206DC5
:10DE4000FFF7D2F9D4F88880D4F810B02746E468F8
:10DE500039460220F9F7D8FF00208849087000BF32
:10DE6000B8F1000F03D06FF009015846C04700BF5A
:10DE70008248007800B19CE624E02546E468E87F0B
:10DE8000401CE877E87F95F8201088421ADB0020D4
:10DE9000E8777A49087000BFD5F8840030B1294688
:10DEA000D5F8842028699047029001E00020029074
:10DEB00000BF7248007800B17BE6029810B928468E
:10DEC000FDF71EFC00BF002C7FF477AE00256C48E8
:10DED000046820E100BF207E0A2808D000BF19A3F3
:10DEE00040F2EE3267A12AA0F5F772F800BF00BF3A
:10DEF00000261149606A0968081AF02801D9701CC7
:10DF0000C6B2002E16D02046FDF702FF8DB100BF2D
:10DF10005B480068844208D100BF0AA340F2FE3289
:10DF200064A11BA0F5F754F800BF00BFE068E860EB
:10DF3000E8E0D3E0EDE0000018010020320100200D
:10DF4000240100204C5749505C6C7769702D312EAC
:10DF5000342E315C7372635C636F72655C746370E2
:10DF60002E6300007463705F736C6F77746D723A28
:10DF700020616374697665207063622D3E737461FD
:10DF8000746520213D20434C4F5345440A00000056
:10DF9000417373657274696F6E2022257322206647
:10DFA00061696C6564206174206C696E652025640C
:10DFB00020696E2025730D0A000000007463705FF5
:10DFC000736C6F77746D723A206163746976652043
:10DFD0007063622D3E737461746520213D204C494D
:10DFE0005354454E0A0000007463705F736C6F7782
:10DFF000746D723A20616374697665207063622D76
:10E000003E737461746520213D2054494D452D5760
:10E010004149540A0000000051320208443202080B
:10E02000B84C0A007463705F736C6F77746D723AEA
:10E03000206D6964646C652074637020213D2074D8
:10E0400063705F6163746976655F7063627300001B
:10E050007463705F736C6F77746D723A2066697267
:10E06000737420706362203D3D207463705F616350
:10E07000746976655F706362730000003001002090
:10E08000280100207463705F736C6F77746D723A4F
:10E090002054494D452D57414954207063622D3E0F
:10E0A0007374617465203D3D2054494D452D5741A1
:10E0B000495400007463705F736C6F77746D723ACB
:10E0C000206D6964646C652074637020213D207448
:10E0D00063705F74775F70636273000000BF104805
:10E0E0000068A0420AD000BFAFF2A81340F202427B
:10E0F0000CA1AFF26410F4F76BFF00BF00BF08493A
:10E10000E06808602746E46839460220F9F77CFE9B
:10E1100001E02546E468002C7FF4DCAEBDE8FE8F0C
:10E12000280100207463705F736C6F77746D723AAE
:10E1300020666972737420706362203D3D207463B1
:10E14000705F74775F7063627300000010B50948F8
:10E15000006868B90848006810B90848006838B114
:10E1600001200449086000220549FA20FBF786FADD
:10E1700010BD0000600100202401002028010020C3
:10E1800071EB00081CB504462148007800F004003B
:10E1900008B100201CBD1E48007800F0020008B342
:10E1A0001C49A06A0968081A24D4A18DA06A0844F1
:10E1B00018490968081A00281CDC174800680088FC
:10E1C000154909684988CDE9001012480068134ACA
:10E1D00012888118124B134A13480068FFF704F89D
:10E1E0000020D7E70A48007800F0010010B10F487E
:10E1F0000068606209480088002807DDA07F40F0C1
:10E200000200A0772046FDF77BFAC3E70020C1E7B4
:10E210004801002040010020380100204A01002070
:10E22000DC000020E0000020440100201801002054
:10E2300010B5FCF7DFFC06480078401CC0B204496A
:10E24000087000F0010008B1FFF7A4FC10BD000049
:10E250003101002070B50446A18DA06A4518E08EFA
:10E2600040F2B452216B904201DD104600E0E08E96
:10E270000844281A04D4A08DE085206B281A70BDAC
:10E28000216BA06A401A002802DD0020E08512E020
:10E29000A16A206B461A00BFB6F5803F08D300BFC5
:10E2A00006A340F253220DA113A0F4F791FE00BF84
:10E2B00000BFE68500BF0020E1E700004C57495051
:10E2C0005C6C7769702D312E342E315C7372635C17
:10E2D000636F72655C7463702E6300006E65775FB8
:10E2E0007263765F616E6E5F776E64203C3D2030B6
:10E2F0007866666666000000417373657274696FC4
:10E300006E2022257322206661696C656420617429
:10E31000206C696E6520256420696E2025730D0AC6
:10E32000000000002DE9FF4F8FB0044617464FF064
:10E33000000A0025AB4600200E900D9000260B90A1
:10E340000A9009908046B4F8621001EBD172521025
:10E35000E38E9A4201DDE28E04E0B4F8620000EB45
:10E36000D072521092B2079200BF109800280DD1BF
:10E3700000BFD6A34FF4BF72DDA1EAA0F4F728FED8
:10E3800000BF6FF00D0013B0BDE8F08F00BF39463D
:10E39000204600F0E3FA0890089808B10898F2E7E0
:10E3A000B4F868000C90E06E00287BD0E56E00E0C9
:10E3B0002D6828680028FBD1A87A00F0010008B178
:10E3C000042000E00020A97A01F0020109B10C212B
:10E3D00000E0002108440690298906980144079826
:10E3E000401A1FFA80F9B4F86A000990BDF82400B9
:10E3F000002823DD00BFC84508DD00BFB3A340F2FD
:10E40000C112D3A1C7A0F4F7E3FD00BF00BFAB4624
:10E41000BDF82400B84202DABDF8240000E0384616
:10E42000804606EB080086B2BDF82400A0EB080089
:10E4300080B20990A9EB08001FFA80F900BFBDF86F
:10E44000240050B1BE4208D000BFA0A340F2C912C0
:10E45000C7A1B4A0F4F7BCFD00BF00BFBE4242DAC2
:10E46000B9F1000F3FDD288900283CDDB81B484585
:10E4700001DD484600E0B81B80B20590AB4612981B
:10E4800000F00100B8B10121129809AB4A46CDE96C
:10E490000040029103200599FDF7C0FBB0F1000A8E
:10E4A00001D108E220E0109A9119DAF80400059AE7
:10E4B000F1F786FE0CE0012203200599F9F798FF99
:10E4C000B0F1000A00D1F6E110983044CAF8040017
:10E4D0000598304486B25046FAF7BBFA0C990844C6
:10E4E00080B20C9000BF0DE000BFB4F86A0040B1EC
:10E4F00000BF76A340F2FF12A5A18AA0F4F768FD41
:10E5000000BF00BFAAE0B81B80B206900B99079825
:10E51000401A80B20590DDE90510884201DD0598BA
:10E5200000E006980490129800F0010000282FD017
:10E530000D9808B9012100E000211298CDE90040B2
:10E5400002910B9A0498104481B209AB0020079AFB
:10E55000FDF764FBB0F1000900D1ACE100BFB9F8F0
:10E560000A100498814208DA00BF58A340F21B2227
:10E5700093A16CA0F4F72CFD00BF00BF109A911975
:10E58000D9F804300B9A9818049AF1F719FE2AE08A
:10E5900000BFBDF8240040B100BF4CA340F22622CA
:10E5A00097A160A0F4F714FD00BF00BF0122002076
:10E5B0000499F9F71DFF039000B97CE110988119C7
:10E5C00003984160002210460B99F9F711FFB0F152
:10E5D000000903D10398FAF7FFFB6CE14846039961
:10E5E000FAF78AF900BF4846FAF733FA0C9908445B
:10E5F00080B20C900C98082804DC4FF6FC710C9843
:10E60000884203D94846FAF7E7FB54E10A9800909C
:10E61000E06D8319002249462046FCF7EBF8B0F183
:10E62000000B00D147E10D9810B9CDF834B00FE0E0
:10E6300000BF0E9840B900BF24A340F25B2274A132
:10E6400038A0F4F7C5FC00BF00BF0E98C0F800B0BA
:10E65000CDF838B00498304486B200BFBE42FFF611
:10E6600052AFB8F1000F21DDD5F8049017E0B9F8EA
:10E6700008004044A9F80800D9F8000068B9B9F8C2
:10E680000A20D9F80410881842461099F1F798FD2D
:10E69000B9F80A004044A9F80A00D9F80090B9F185
:10E6A000000FE4D128894044288100BFBDF8240030
:10E6B000A4F86A00BAF1000F07D000BF25B900BF67
:10E6C00002A340F28A22ADE0B2E0BBE04C574950D1
:10E6D0005C6C7769702D312E342E315C7372635C03
:10E6E000636F72655C7463705F6F75742E63000096
:10E6F0007463705F77726974653A20617267203D58
:10E700003D204E554C4C202870726F6772616D6DC4
:10E7100065722076696F6C61746573204150492978
:10E7200000000000417373657274696F6E202225CA
:10E730007322206661696C6564206174206C696E67
:10E740006520256420696E2025730D0A00000000F5
:10E75000696E636F6E73697374656E74206F76652E
:10E760007273697A652076732E2073706163650019
:10E77000696E636F6E73697374656E64206F76651E
:10E780007273697A652076732E206C656E000000C6
:10E79000756E73656E745F6F76657273697A6520E6
:10E7A0006D69736D6174636820287063622D3E75B6
:10E7B0006E73656E74206973204E554C4C290000B1
:10E7C0007463705F77726974653A20636865636B20
:10E7D0002074686174206669727374207062756653
:10E7E0002063616E20686F6C642074686520636FBD
:10E7F0006D706C657465207365676C656E000000F4
:10E800006F76657273697A65203D3D2030000000A7
:10E81000707265765F73656720213D204E554C4CC4
:10E820000000000037A1AFF20410F4F7D1FB00BFE5
:10E8300000BF51466868FAF75FF82889BAF80810EF
:10E840000844288115B90D98E06601E00D9828600C
:10E8500054F85C0F384420606089C01B60810C98BC
:10E86000A081A0895C3C80B100BF206F60B9E06EE0
:10E8700050B900BFAFF2AC1340F2AB222FA1AFF200
:10E880005C10F4F7A5FB00BF00BFBBF1000F10D078
:10E89000DBF80C0068B1129800F0020048B90820BB
:10E8A000F8F701FDDBF80C1089890843DBF80C1040
:10E8B0008881002067E5A07F40F08000A077BAF152
:10E8C000000F02D05046FAF787FA0D9810B10D9854
:10E8D000FEF721FDB4F8680080B100BF206F60B979
:10E8E000E06E50B900BFAFF21C234FF4307213A199
:10E8F000AFF2D010F4F76CFB00BF00BF4FF0FF3059
:10E9000041E500007463705F77726974653A206353
:10E91000616E6E6F7420636F6E636174656E617497
:10E9200065207768656E207063622D3E756E736535
:10E930006E7420697320656D707479007463705F04
:10E9400077726974653A2076616C696420717565C7
:10E950007565206C656E67746800000070B50446CC
:10E960000D46207E04280BD0207E072808D0207E6C
:10E97000022805D0207E032802D06FF00C0070BD65
:10E980000DB90020FBE7B4F86600A84206DAA07FC4
:10E9900040F08000A0774FF0FF30F0E7B4F8680057
:10E9A000082805DAB4F868004FF6FC71884206D9E9
:10E9B000A07F40F08000A0774FF0FF30DFE7B4F891
:10E9C0006800002810D000BF206F00280BD1E06E37
:10E9D000002808D100BF0DA34FF4A47214A123A0F6
:10E9E000F4F7F6FA00BF0EE000BF206F08B9E06E42
:10E9F00040B100BF05A340F24B1227A11BA0F4F7C2
:10EA0000E7FA00BF00BF0020B9E700004C574950AB
:10EA10005C6C7769702D312E342E315C7372635CBF
:10EA2000636F72655C7463705F6F75742E63000052
:10EA30007463705F77726974653A2070627566738B
:10EA4000206F6E207175657565203D3E20617420D4
:10EA50006C65617374206F6E6520717565756520D6
:10EA60006E6F6E2D656D7074790000004173736573
:10EA70007274696F6E2022257322206661696C654D
:10EA800064206174206C696E6520256420696E20A5
:10EA900025730D0A000000007463705F777269745B
:10EAA000653A206E6F207062756673206F6E2071FC
:10EAB00075657565203D3E20626F746820717565CF
:10EAC00075657320656D7074790000002DE9FC4751
:10EAD00005462C6F04B9EC6E0CB9BDE8FC87E16803
:10EAE0008889F8F7FAFB00F0010018B1208908B90D
:10EAF000012000E000208046B8F1000F01D1012084
:10EB000000E000208146E06843684A46002128462C
:10EB1000FCF736FF064606B9DFE77768B8F1000F65
:10EB200009D01120F8F7BFFBB9894CF2FF02114060
:10EB30000843B8810DE0706800F1140A6168098922
:10EB40002289891A8BB2012251466068FAF7A0F82F
:10EB500000BF06200021CDE90010AB7A2A1D29460E
:10EB60003046F7F7DBFB3046FAF736F900BFB4E77B
:10EB700010B50446FFF75CFB0748006810B907486A
:10EB8000006828B100220649FA20FAF777FD02E072
:10EB900000200449086010BD240100202801002045
:10EBA00071EB0008600100202DE9F04105460E469A
:10EBB00017464FF000082148046824E0A54210D110
:10EBC00000BFB8F1000F08D000BF1DA340F20D3206
:10EBD00023A126A0F4F7FCF900BF00BF4FF0010805
:10EBE00010E0608AB8420DD144B1206830B12EB136
:10EBF000306818B120683168884203D16FF007008F
:10EC0000BDE8F081E468002CD8D10EB9002000E006
:10EC10003068286037B900F0A3FC074617B96FF0D9
:10EC20000700EDE76F82B8F1000F04D103480068D8
:10EC3000E860024805600020E2E70000680100206B
:10EC40004C5749505C6C7769702D312E342E315CF5
:10EC50007372635C636F72655C7564702E63000031
:10EC6000726562696E64203D3D20300041737365BA
:10EC70007274696F6E2022257322206661696C654B
:10EC800064206174206C696E6520256420696E20A3
:10EC900025730D0A000000002DE9F04104460E46E0
:10ECA0001746608A60B9628A21462046FFF77CFFDA
:10ECB0008046B8F1000F02D04046BDE8F08100BFA9
:10ECC0000EB9002000E030686060A782207C40F030
:10ECD000040020740848056804E0AC4201D100201B
:10ECE000EBE7ED68002DF8D103480068E0600248CA
:10ECF00004600020E1E700006801002010B5044630
:10ED0000204600F0FBFA204600F05AFC10BD00003F
:10ED10002DE9F04782460C4617469846DDF82090CC
:10ED20000026002F3FD0C8212148F1F762FA3D4666
:10ED300018E06889C6F1C801884207D9C6F1C8023F
:10ED40001B4B98196968F1F73BFA05E06A89184B83
:10ED500098196968F1F734FA68890644C82E00D911
:10ED600002E02D68002DE4D100BFD8F800006060FB
:10ED7000A4F8149020790F498871A088010A0D48E1
:10ED8000C1716068010C0B4801726068000E09498E
:10ED900048720948007840F040000749087038463A
:10EDA000FAF71AF802E0204600F0A8FABDE8F0876A
:10EDB00058AD012080AB01209000002070B50546C1
:10EDC0000B480068F1F73CFA86B203223146002076
:10EDD000F9F70EFB04464CB1054800686060214617
:10EDE000284600F00DFC2046F9F7F6FF70BD000044
:10EDF0008C0000207CB54FF6FF70F2F7E5FC4FF475
:10EE000078404B4908804BA010210B46C822CDE921
:10EE100000101E210846F2F727FE4BA010210B46DA
:10EE2000C822CDE9001032211E20F2F71DFE49A0B4
:10EE300010210B46C822CDE9001046211E20F2F712
:10EE400013FE48A010210B46C822CDE900105A211C
:10EE50001E20F2F709FE47A010210B46C822CDE97B
:10EE600000106E211E20F2F7FFFD64210020F9F74B
:10EE7000B7F9054605B97CBD4148807A404988719B
:10EE80000846C17AC171017B0172007A00903C484A
:10EE9000C37982793BA12846F4F7AAF810200346EB
:10EEA000D2229621CDE900051E20F2F7DDFD1F20BC
:10EEB0001F4908802846F1F7C3F91E2101EBC00065
:10EEC00086B200201021CDE900102D48427A03239C
:10EED00096213046F2F7FBFD22E00020F2F790FB8E
:10EEE0000446012C00D11CE0D4B1022C05D12448E9
:10EEF000407A401CC1B222484172042C05D12048FE
:10EF0000407A401EC1B21E48417280201021CDE9D6
:10EF100000101B48427A032396213046F2F7D7FDB2
:10EF2000DBE700BF29460020F9F748F900BFA2E758
:10EF3000260000205052454348494E2D53544D332E
:10EF40003246343037000000554450205465737405
:10EF50000000000052656D6F7465204950205365B4
:10EF6000740000004B4559303A2B20204B45593254
:10EF70003A2D00004B45595F55503A4F4B00000069
:10EF800080AB012052656D6F74652049503A25644D
:10EF90002E25642E25642E002DE9FE434FF0000936
:10EFA000C846FFF727FF4FF6FF70F2F70DFC4FF44E
:10EFB00078409949088099A010210B46C822CDE9D4
:10EFC00000101E210846F2F74FFD99A010210B46B4
:10EFD000C822CDE9001032211E20F2F745FD97A08E
:10EFE00010210B46C822CDE9001046211E20F2F761
:10EFF0003BFD96A010210B46C822CDE900105A21F6
:10F000001E20F2F731FD95A010210B46C822CDE954
:10F0100000106E211E20F2F727FDC8210020F9F70D
:10F02000DFF804460CB9BDE8FE838F48407B8E496B
:10F03000097BCDE900108C48C37A827A8BA12046E7
:10F04000F3F7D6FF10200346D2228221CDE9000437
:10F050001E20F2F709FD8448407A8349097ACDE9F8
:10F0600000108148C379827986A12046F3F7C0FF5A
:10F0700010200346D2229621CDE900041E20F2F78B
:10F08000F3FC41F6997285A12046F3F7B1FF1020F9
:10F090000346D222AA21CDE900041E20F2F7E4FCA7
:10F0A0001F205D49088081A010210B46D222CDE9A6
:10F0B0000010BE211E20F2F7D7FC00F043FA0746ED
:10F0C000002F4CD06848407A01066748007A41EA30
:10F0D00000416548C07941EA0020634989790843C5
:10F0E000029041F6997202A93846FFF7D5FD054610
:10F0F000002D31D141F6997271493846FFF754FD20
:10F10000054635BB00226F49384600F055FA6EA01F
:10F1100010210B46D222CDE90010BE211E20F2F7AD
:10F12000A3FC4FF478403C4908806CA01021CDE945
:10F1300000106E484088BE3883B26C4800881E3884
:10F1400082B2D2211E20F2F78FFC1F2032490880A4
:10F1500007E04FF0010904E04FF0010901E04FF032
:10F1600001094BE00020F2F74BFA0646012E00D1D0
:10F1700047E0022E02D13846FFF720FE5C480078B7
:10F1800000F0400020B34FF6FF70009057484088D1
:10F19000401E83B255480088401E82B2E6211E20E0
:10F1A000F2F768FB53481021CDE900104F48408822
:10F1B000E63883B24D4800881E3882B2E6211E2010
:10F1C000F2F752FC4A48007820F0400048490870A5
:10F1D000F8F78AF80220F4F7A3F808F1010000F02C
:10F1E000FF08B8F1C80F09D14FF000084248006885
:10F1F00008B9012000E000203F490860B9F1000F84
:10F20000B0D000BF3846FFF779FD21460020F8F75F
:10F21000D5FF00BF07E700002600002050524543FD
:10F2200048494E2D53544D33324634303700000098
:10F230005544502054657374000000007777772E92
:10F240007072656368696E2E6E6574004B45593047
:10F250003A53656E64206461746100004B45595FE8
:10F2600055503A517569740080AB01204C6F636151
:10F270006C2049503A25642E25642E25642E256481
:10F280000000000052656D6F74652049503A256496
:10F290002E25642E25642E256400000052656D6FB6
:10F2A000746520506F72743A2564000053544154C1
:10F2B00055533A446973636F6E6E65637465640099
:10F2C000E831020811ED00085354415455533A43B4
:10F2D0006F6E6E65637465642020200052656365FF
:10F2E00069766520446174613A0000002A000020BC
:10F2F0009000002058AD0120A482424200214160CC
:10F300008182017C21F00401017470477047000084
:10F310002DE9FF5F05460E46D5F80480298998F847
:10F32000000000F00F00082202EB8000814208DBA1
:10F3300098F800000007800E41422846F9F71CFEAD
:10F3400018B12846F9F748FDB9E0D5F804A05D49A1
:10F3500008683146F6F78EFD8146BAF80000F7F7E7
:10F36000BCFF0390BAF80200F7F7B7FF029000273E
:10F370000020019083465448046843E00020019037
:10F38000618A0298814223D1B9F1000F02D1ACB158
:10F39000206898B14B492068096888420ED0B9F1BD
:10F3A000000F15D054B1206840B12068B168084002
:10F3B00044490968B2681140884209D1012001908E
:10F3C000BBF1000F04D1207C00F0040000B9A3467B
:10F3D0000198A8B1A18A0398814211D1201D30B1B2
:10F3E000606820B1394960680968884208D137B13E
:10F3F000E068F86034480068E0603348046003E087
:10F400002746E468002CB9D100BF04B95C4624B992
:10F410002C497068096888424DD16FF00701284671
:10F42000F9F7AAFD70B100BF00BF29A34FF4AC7279
:10F430002FA134A0F3F7CCFD00BF00BF2846F9F799
:10F44000CBFC3CE074B1A06940B1039800901F4B25
:10F450002A462146D4E906C0E0472FE02846F9F7BE
:10F46000BBFC2CE0B9F1000F21D11648007800F068
:10F47000F000E0281BD098F8000000F00F000822F0
:10F4800002EB80012846F9F777FD00BF6868404528
:10F4900008D000BF0EA340F2A31225A119A0F3F7D4
:10F4A00097FD00BF00BF03212846F6F791FA2846D2
:10F4B000F9F792FC02E02846F9F78EFC00BFBDE8A0
:10F4C000FF9F0000E000002068010020DC00002019
:10F4D0004C5749505C6C7769702D312E342E315C5D
:10F4E0007372635C636F72655C7564702E63000099
:10F4F000706275665F686561646572206661696CDB
:10F5000065640A00417373657274696F6E20222509
:10F510007322206661696C6564206174206C696E79
:10F520006520256420696E2025730D0A0000000007
:10F53000702D3E7061796C6F6164203D3D20697073
:10F540006864720010B50120F8F7ECFC04462CB199
:10F5500020212046F0F74DFEFF20A072204610BD6E
:10F5600010B5002200BF124803880088401C104CD0
:10F5700020804FF6FF70834203D14FF44040234672
:10F5800018800C4801680EE0488A094B1B88984295
:10F5900008D1501C80B20246B0F5804F01DB00203C
:10F5A00010BDE0E7C9680029EED101480088F7E7FF
:10F5B00064010020680100208161C2617047000081
:10F5C00070B505460D480068A84205D10B48006893
:10F5D000C0680A4908600CE00848046807E0E06871
:10F5E00020B1E068A84201D1E868E060E468002C3E
:10F5F000F5D129460120F8F707FC70BD680100200D
:10F6000070B504460D46A38A221D2946204600F007
:10F6100001F870BD2DE9F84306460F46144698469A
:10F620002046F7F7A9FB05461DB96FF00300BDE8BA
:10F63000F8834346224639463046009500F002F8EA
:10F64000F5E700002DE9FF4F83B004460E469B46C8
:10F65000DDF84080608A60B9628A21462046FFF763
:10F66000A3FA8246BAF1000F03D0504607B0BDE8B6
:10F67000F08F08213046F9F77FFC80B10022082185
:10F680000120F8F7B5FE054615B94FF0FF30EDE75C
:10F69000308928B131462846F9F7D0F900E03546DF
:10F6A00000BF6889082808D200BF20A340F2612269
:10F6B00026A132A0F3F78CFC00BF00BF6F68608A00
:10F6C000F7F7F1FD38805846F7F7EDFD7880002018
:10F6D000F8800CB1206810B908F104090EE0206828
:10F6E000D8F80410884208D0B54203D02846F9F76C
:10F6F00073FB00256FF00500B8E7A1462889F7F7EE
:10F70000D2FDB8801121607A8DE80301A37A4946C1
:10F710002846059AF6F758FE8246B54203D0284699
:10F72000F9F75AFB00255046A0E700004C57495016
:10F730005C6C7769702D312E342E315C7372635C92
:10F74000636F72655C7564702E6300006368656347
:10F750006B207468617420666972737420706275BE
:10F76000662063616E20686F6C64207374727563C9
:10F7700074207564705F6864720000004173736583
:10F780007274696F6E2022257322206661696C6530
:10F7900064206174206C696E6520256420696E2088
:10F7A00025730D0A000000000000000000000000AA
:10F7B00000000000000000003F40000000000000CA
:10F7C00000003000400030004000000009000BC085
:10F7D0003D000BC03D00090018C024407FE02240DE
:10F7E00031800000180024C01B000D8032400180D1
:10F7F00003801C4027401C80074000401000600030
:10F8000000000000000000000000000000001F8059
:10F81000204040200000402020401F8000000000C9
:10F82000090006001F800600090000000400040013
:10F830003F80040004000000001000600000000091
:10F8400000000000040004000400040004000000A4
:10F85000000000400000000000000000002001C087
:10F8600006003800400000001F802040204020405B
:10F870001F800000000010403FC00040000000005A
:10F8800018C0214022402440184000001080204031
:10F89000244024401B80000002000D0011003FC0E6
:10F8A000014000003C80244024402440238000008C
:10F8B0001F8024402440344003800000300020009A
:10F8C00027C03800200000001B8024402440244032
:10F8D0001B8000001C0022C0224022401F8000002C
:10F8E00000000000084000000000000000000000D0
:10F8F0000460000000000000000004000A00110085
:10F9000020804040090009000900090009000000AA
:10F9100000004040208011000A0004001800200070
:10F9200023402400180000001F8020402740294069
:10F930001F400000004007C039000F0001C0004018
:10F9400020403FC0244024401B8000001F802040F6
:10F95000204020403080000020403FC02040204018
:10F960001F80000020403FC024402E4030C00000D7
:10F9700020403FC024402E00300000000F001080C7
:10F98000204022403380020020403FC00400040099
:10F990003FC02040204020403FC020402040000089
:10F9A0000060202020203FC02000200020403FC0D9
:10F9B00024400B0030C0204020403FC02040004089
:10F9C000004000C03FC03C0003C03C003FC00000FE
:10F9D00020403FC00C4023003FC020001F8020403B
:10F9E000204020401F80000020403FC024402400D1
:10F9F000180000001F802140214020E01FA00000CF
:10FA000020403FC02440260019C0004018C02440B8
:10FA10002440224031800000300020403FC0204080
:10FA20003000000020003F80004000403F80200068
:10FA300020003E0001C0070038002000380007C049
:10FA40003C0007C038000000204039C0060039C023
:10FA5000204000002000384007C03840200000004F
:10FA6000304021C02640384020C000000000000087
:10FA70007FE0402040200000000070000C00038068
:10FA8000004000000000402040207FE00000000017
:10FA900000002000400020000000000000100010C6
:10FAA00000100010001000100000000040000000D6
:10FAB00000000000000002800540054003C0004037
:10FAC00020003FC004400440038000000000038089
:10FAD000044004400640000000000380044024402D
:10FAE0003FC0004000000380054005400340000087
:10FAF000000004401FC0244024402000000002E019
:10FB0000055005500650042020403FC0044004002A
:10FB100003C000400000044027C000400000000077
:10FB200000100010041027E00000000020403FC03B
:10FB30000140070004C00440204020403FC0004076
:10FB40000040000007C0040007C0040003C000001C
:10FB5000044007C00440040003C0004000000380CC
:10FB60000440044003800000041007F004500440E7
:10FB700003800000000003800440045007F00010E0
:10FB8000044007C0024004000400000000000640DA
:10FB90000540054004C00000000004001F80044030
:10FBA00000400000040007800040044007C00040FF
:10FBB0000400070004C0018006000400060001C024
:10FBC000070001C006000000044006C0010006C096
:10FBD000044000000410071004E001800600040047
:10FBE0000000044005C00640044000000000000082
:10FBF00004007BE040200000000000000000FFF057
:10FC000000000000000040207BE004000000000035
:10FC10004000800040002000200040000000000064
:10FC200000000000000000000000000000000000D4
:10FC300000001FCC000C00000000000000000800C5
:10FC4000300060000800300060000000022003FC6B
:10FC50001E20022003FC1E200220000000000E18BF
:10FC600011043FFF10840C78000000000F00108486
:10FC70000F3800C0077818840078000000780F84DF
:10FC800010C411240E9800E40084000808006800E5
:10FC900070000000000000000000000000000000F4
:10FCA000000007E018182004400200000000400295
:10FCB0002004181807E00000000000000240024085
:10FCC00001800FF0018002400240000000800080AF
:10FCD00000800FF800800080008000000001000D0F
:10FCE000000E000000000000000000000000008086
:10FCF0000080008000800080008000800000000CF8
:10FD0000000C0000000000000000000000000006E1
:10FD1000001800600180060018002000000007F0B5
:10FD2000080810041004080807F000000000080488
:10FD300008041FFC000400040000000000000E0C7A
:10FD400010141024104411840E0C000000000C1834
:10FD500010041104110412880C700000000000E06F
:10FD60000320042408241FFC0024000000001F9826
:10FD7000108411041104108810700000000007F0B6
:10FD800008881104110418880070000000001C008D
:10FD9000100010FC13001C001000000000000E38C2
:10FDA00011441084108411440E3800000000070034
:10FDB000088C10441044088807F000000000000080
:10FDC0000000030C030C0000000000000000000015
:10FDD000000101060000000000000000000000809B
:10FDE0000140022004100808100400000220022034
:10FDF0000220022002200220022000000000100445
:10FE000008080410022001400080000000000E00DD
:10FE10001200100C106C10800F00000003E00C1892
:10FE200013E4142417C4082807D000000004003C81
:10FE300003C41C40074000E4001C000410041FFC25
:10FE40001104110411040E880070000003E00C1866
:10FE500010041004100410081C10000010041FFCF3
:10FE6000100410041004080807F0000010041FFC20
:10FE70001104110417C410040818000010041FFC1A
:10FE80001104110017C010000800000003E00C1856
:10FE90001004100410441C780040000010041FFCE3
:10FEA00010840080008010841FFC100400001004E7
:10FEB00010041FFC100410040000000000030001E7
:10FEC000100110011FFE10001000000010041FFCA4
:10FED000110403801464181C1004000010041FFC9B
:10FEE0001004000400040004000C000010041FFCB7
:10FEF0001F0000FC1F001FFC1004000010041FFC6A
:10FF00000C04030000E010181FFC100007F00808A4
:10FF1000100410041004080807F0000010041FFC6F
:10FF200010841080108010800F00000007F0081867
:10FF300010241024101C080A07F2000010041FFCF3
:10FF40001104110011C011300E0C000400000E1C31
:10FF500011041084108410441C3800001800100094
:10FF600010041FFC100410001800000010001FF8FF
:10FF700010040004000410041FF8100010001E00FC
:10FF800011E0001C007013801C0010001FC0103C0A
:10FF900000E01F0000E0103C1FC000001004180C1F
:10FFA000163401C001C01634180C100410001C00D7
:10FFB000130400FC13041C00100000000804101CB3
:10FFC0001064108413041C041018000000000000CA
:10FFD00000007FFE400240024002000000003000AE
:10FFE0000C0003800060001C0003000000004002C1
:10FFF000400240027FFE0000000000000000000000
:020000040801F1
:1000000020004000400040002000000000010001EE
:10001000000100010001000100010001000040009A
:1000200040002000000000000000000000000098D8
:10003000012401440144014400FC000410001FFCA1
:1000400000880104010400880070000000000070B6
:100050000088010401040104008800000000007011
:1000600000880104010411081FFC0004000000F8CE
:10007000014401440144014400C80000000001049F
:1000800001040FFC1104110411001800000000D637
:1000900001290129012901C90106000010041FFCE2
:1000A000008401000100010400FC000400000104C0
:1000B000190419FC00040004000000000000000303
:1000C00000010101190119FE0000000010041FFCCD
:1000D0000024004001B4010C0104000000001004E1
:1000E00010041FFC0004000400000000010401FCD7
:1000F0000104010001FC0104010000FC010401FCF9
:10010000008401000100010400FC0004000000F86C
:10011000010401040104010400F80000010101FFD1
:1001200000850104010400880070000000000070D8
:10013000008801040104010501FF0001010401041C
:1001400001FC00840104010001800000000000CCDB
:100150000124012401240124019800000000010071
:10016000010007F80104010400000000010001F88B
:10017000000400040004010801FC000401000180E7
:100180000170000C001001600180010001F0010C01
:10019000003001C00030010C01F00100000001043A
:1001A000018C00740170018C0104000001010181C7
:1001B0000171000E0018016001800100000001843F
:1001C000010C013401440184010C00000000000016
:1001D0000000000001003EFC400240020000000060
:1001E00000000000FFFF00000000000000004002CF
:1001F00040023EFC01000000000000000000600022
:10020000800080004000400020002000000000002E
:1002100000000000000000000000000000000000DE
:1002200000000000000000000000000000000000CE
:100230000000000000000000000000000000000FAF
:1002400080380FFE380F80380000000000000000EA
:100250000000000000000000000001000006000097
:100260000C00003800003100000600000C000038CF
:100270000000300000000000000000006180006706
:10028000F807F98000618000618000618000618072
:100290000067F807F980006180000000000000009E
:1002A000000001C0E003E0F00630080418081FFF5A
:1002B000FE040E080787F00381E000000000000044
:1002C00001F000060C00040408060C7001F9C000DF
:1002D0000E00003BE000EC18070808040C180003AF
:1002E000E00000000001E00007F003F818041C081B
:1002F00004170807E1D003C0E00023B0003C080069
:100300002008000010000000000000010000310083
:10031000003200001C00000000000000000000008F
:1003200000000000000000000000000000000000CD
:100330000000000000000000000000007F0001FF3E
:10034000C00780F00C00181000042000020000001C
:100350000000002000021000040C00180780F001CB
:10036000FFC0007F0000000000000000000000004F
:10037000000000000000000042000066000066006F
:10038000003C0000180003FFC0001800003C000003
:10039000660000660000420000000000080000083F
:1003A0000000080000080000080001FFC00008006D
:1003B000000800000800000800000800000000001D
:1003C000000100003100003200001C0000000000AD
:1003D000000000000000000000000000000000001D
:1003E00000000000080000080000080000080000ED
:1003F00008000008000008000008000008000008CD
:10040000000000000000000000000000380000387C
:1004100000003800000000000000000000000000A4
:1004200000000000000000000000000000060000C6
:100430001C000070000180000E0000380000C000A9
:100440000700001C00003000000000000000000059
:100450007F8001FFE003807006001804000804009C
:100460000806001803807001FFE0007F8000000094
:10047000000000000000010008010008010008035E
:10048000FFF807FFF800000800000800000800005F
:100490000000000000000001C03802C058040098AD
:1004A000040118040218040418061C1803F81801A3
:1004B000E0F800000000000000000001C0E003C000
:1004C000F004000804080804080806180803F418D3
:1004D00001E7F00001E00000000000000000000063
:1004E0000300000D000011000061000081080301FD
:1004F0000807FFF80FFFF8000108000108000000DE
:100500000000000000E007FCD006080806100806FE
:100510001008061008061838060FF00607C000007D
:1005200000000000000000003F8001FFE003843075
:100530000208180410080410080410080718100313
:100540000FF00007C000000000000000000003C022
:10055000000700000600000600F80607F80618006D
:1005600006E0000700000600000000000000000197
:10057000E1E003F7F0063410041808041808040C2E
:1005800008040C0806161803F3F001C1E00000008F
:1005900000000000F80003FC3003063804020804E1
:1005A00002080402080404100308F001FFC0007FE1
:1005B000000000000000000000000000000000003B
:1005C0000000000070380070380070380000000033
:1005D000000000000000000000000000000000001B
:1005E0000000000000000000301A00301C00000075
:1005F00000000000000000000000000000000000FB
:1006000000000008000014000022000041000080EB
:1006100080010040020020040010080008000000D3
:100620000000000021000021000021000021000046
:1006300021000021000021000021000021000021F4
:100640000000000000000000000008000804001086
:1006500002002001004000808000410000220000D4
:10066000140000080000000000000003C00004C0E7
:1006700000040000080038080F3808083808100087
:100680000C300007E00003C0000000000000000084
:100690003F8000FFE0038070020F1006708804C0E6
:1006A00088048308047F8802C09003012000FE4074
:1006B0000000080000180001F8003E0801C2000711
:1006C000020007E20000FE00001FC80001F8000061
:1006D0003800000804000807FFF807FFF8040808BE
:1006E00004080804080804080806180803F4180198
:1006F000E7F00001E0000000000000003F8001FF83
:10070000E0038070020018040008040008040008D8
:100710000400100600200780C00000000400080745
:10072000FFF807FFF80400080400080400080400AC
:100730001802001003807001FFE0007F80000000BD
:1007400004000807FFF807FFF80408080408080475
:100750000808040808043E08040008060018010000
:100760006000000004000807FFF807FFF80408080D
:10077000040800040800040800043E000600000607
:100780000000018000000000000000003F8001FF29
:10079000E003807006001804000804020804020840
:1007A0000203F00783F000020000020004000807C3
:1007B000FFF807FFF8040808000800000800000818
:1007C0000000080004080807FFF807FFF804000805
:1007D00000000000000004000804000804000807EE
:1007E000FFF807FFF80400080400080400080000F0
:1007F00000000000000000000006000007000001EB
:1008000004000104000104000307FFFE07FFFC04CD
:10081000000004000004000004000807FFF807FFC0
:10082000F8040C08001800003E0004C7800503C847
:100830000600F80400380400180000080400080747
:10084000FFF807FFF8040008000008000008000097
:100850000800000800000800001800006000000008
:1008600004000807FFF807800807FC00007FC000AD
:1008700003F80007C000780007800807FFF807FFAB
:10088000F804000804000807FFF807000803C00088
:1008900000E000003800001E000007000001C00456
:1008A00000F007FFF8040000000000007F8001FF57
:1008B000E003807006001804000804000806001811
:1008C00003003001FFE0007F800000000400080703
:1008D000FFF807FFF80404080404000404000404FB
:1008E00000040400060C0003F80001F00000000002
:1008F000000000007F8001FFE00380700600880494
:1009000000880400C806003C03003E01FFE6007FAB
:100910008400000004000807FFF807FFF804080837
:10092000040800040C00040F00040BC00610F003C0
:10093000F03801E00800000800000001E0F803F0D2
:1009400030063010041808041808040C08040C08B9
:100950000206180207F00781E0000000018000068F
:10096000000004000004000004000807FFF807FF6F
:10097000F8040008040000040000060000018000E4
:1009800004000007FFE007FFF00400180000080063
:10099000000800000800000800000804001007FF1D
:1009A000E004000004000006000007E00007FE006D
:1009B000041FE00001F80000380001E0043E0007D9
:1009C000C00006000004000004000007E00007FF6C
:1009D000C0041FF80007C007F80007FF80043FF8B5
:1009E0000007C004F8000700000400000000000435
:1009F000000806001807C07805F1C8003E00001F77
:100A0000800463E80780F80600180400080000006E
:100A100004000006000007800007E008047C0800CE
:100A20001FF80007F800180804E008070000060097
:100A3000000400000000000100080600380400F86F
:100A40000403E8040F08047C0805F00807C0080741
:100A5000001804006000000000000000000000001A
:100A6000000000000000003FFFFE20000220000206
:100A70002000022000022000020000000000000010
:100A8000000008000007000000C000003800000659
:100A9000000001C000003000000E00000100000056
:100AA00000000000000020000220000220000220C0
:100AB00000022000023FFFFE0000000000000000D6
:100AC000000000000000000000000000000800001E
:100AD000100000300000200000300000100000086E
:100AE0000000000000000000000001000001000004
:100AF00001000001000001000001000001000001F0
:100B000000000100000100000100000100000000E1
:100B10000000000000200000200000100000100075
:100B200000000000000000000000000000000000C5
:100B30000000000000F00019F8001B180022080057
:100B40002608002408002410003FF8001FF80000C9
:100B50000800001800000004000007FFF80FFFF075
:100B600000181800100800200800200800301800A5
:100B70001FF0000FC00000000000000007C0001FB1
:100B8000F0001830002008002008002008003C0871
:100B9000001C1000006000000000000000000000C9
:100BA00007C0001FF00038180020080020080020AF
:100BB0000804101007FFF80FFFF0000010000000FD
:100BC0000000000000000007C0001FF0001230000D
:100BD0002218002208002208003208001E10000E11
:100BE0002000000000000000200000200800200875
:100BF00001FFF803FFF80620080420080420080776
:100C0000200003000000000000000000000E000EA5
:100C10006E001FF30031B10020B10020B10031910E
:100C2000001F13002E1E00200E00300000000004E4
:100C3000000807FFF80FFFF8001008002000002050
:100C400000002008003FF8001FF800000800000026
:100C50000000000000000020080020080020080616
:100C60003FF8063FF80000080000080000080000F8
:100C7000000000000000000000000000030000036E
:100C8000002001002001002003063FFE063FFC007B
:100C9000000000000000000000000004000807FF42
:100CA000F80FFFF8000188000300002FC00038F89B
:100CB00000203800200800000800000000000000AC
:100CC000000004000804000804000807FFF80FFFF4
:100CD000F800000800000800000800000000000004
:100CE000002008003FF8003FF80010080020000036
:100CF0003FF8003FF8001008002000003FF8003FD8
:100D0000F8000008000000002008003FF8003FF84D
:100D1000001008001000002000002008003FF8002C
:100D20001FF80000080000000000000007C0000FCE
:100D3000F0001830003008002008002008003008BB
:100D4000001830000FF00007C00000000000000095
:100D50002001003FFF003FFF00101100200900208C
:100D600008002008003038001FF0000FC00000000D
:100D70000000000007C0001FF00038180020080025
:100D80002008002009001011001FFF003FFF000095
:100D900001000000002008002008002008003FF8A3
:100DA000003FF8000808001008002008002000009C
:100DB0003000003000000000000000000000000CC7
:100DC00078001E180033080023080021080021883D
:100DD0000021980030F000386000000000000000A2
:100DE000200000200000200000FFF003FFF800209A
:100DF000080020080020080000300000000000006B
:100E0000000000002000003FF0007FF80000180004
:100E10000008000008002010003FF8007FF00000EC
:100E200010000000000000002000003000003C0026
:100E3000003F800023F00000780000700023800055
:100E40003C00003000002000002000003C00003F7B
:100E5000E00023F80000E0002700003E00003FE033
:100E60000021F80001E0003E00002000000000002A
:100E70002008002008003838003E68002780000362
:100E8000C8002CF8003838002018002008000000A6
:100E9000000000002000003003003C01003F830000
:100EA00023EC000070002380003C000020000020A4
:100EB000000000000000000000000038080020389A
:100EC0000020F80023E8002F88003E0800380800C2
:100ED000201800007000000000000000000000006A
:100EE000000000000000000008000014001FF7FCD4
:100EF000300006200002000000000000000000009A
:100F00000000000000000000000000000000FFFFE3
:100F1000FF000000000000000000000000000000D2
:100F20000000000000002000023000061FF7FC0057
:100F30001400000800000000000000000000000095
:100F400000000000000000180000600000400000E9
:100F50004000002000001000000800000400000411
:100F600000000C0000100000000000000000000065
:100F70000000000000000000000000000000000071
:100F80000000000000000000000000000000000061
:100F90000000000000000000000000000000000051
:100FA0000000000000000000000000000000000041
:100FB0000000000000000000000000000000000031
:100FC0000000000000000000000000000000000021
:100FD0000000000000000000000000000000000011
:100FE0000000000000000000000000000000000001
:100FF00000000000000000000000000000000000F1
:1010000007F000C007FFE1E007F001E0000000C0CA
:1010100000000000000000000000000000000000D0
:1010200000000000000000000000000000000000C0
:1010300000000000000000000000000000000000B0
:1010400000000000000000000000000000000000A0
:101050000000000000000000000000000000000090
:101060000000000000000000000000000000000080
:101070000020000001C00000078000001F000000E9
:101080001E0000001C20000001C0000007800000BE
:101090001F0000001E0000001C00000000000000F7
:1010A0000000000000000000000000000000000040
:1010B0000000000000000000000000000000000030
:1010C0000000000000000000000000000000000020
:1010D0000000000000000000000000000000000010
:1010E00000000000000000000000000000180C00DC
:1010F00000180C0000180FE0001FFC0003F80C00A3
:1011000000180C0000180C0000180C0000180C004F
:1011100000180FE0001FFC0003F80C0000180C0082
:1011200000180C000000000000000000000000009B
:1011300000000000000000000000000000000000AF
:10114000000000000000000000000000000000009F
:10115000000000000000000000000000000000008F
:10116000000000000000000000000000000000007F
:1011700000000780007807C000FC0640010E002038
:1011800003070020020380200FFFFFFC0201C020A4
:101190000200E0600130704001F03F8000F01F006D
:1011A000000000000000000000000000000000003F
:1011B000000000000000000000000000000000002F
:1011C000000000000000000000000000000000001F
:1011D000000000000000000000000000000000000F
:1011E000000000000000000000FE000001FF000001
:1011F0000301800002008060030181C001FF07003D
:1012000000FE18000000E0000003BF00000CFFC05B
:101210000071806001C10020030180600000FFC0F8
:1012200000003F000000000000000000000000007F
:1012300000000000000000000000000000000000AE
:10124000000000000000000000000000000000009E
:10125000000000000000000000000000000000008E
:10126000000000000000000000001F0000007FC020
:1012700000FCC0C001FF80600303E0200202782070
:1012800002061E2003FC074001F00380000103C09A
:1012900000011C600001E02000010020000100406E
:1012A00000000180000000000000000000000000BD
:1012B000000000000000000000000000000000002E
:1012C000000000000000000000000000000000001E
:1012D000000000000000000000000000000000000E
:1012E00000000000000000000000000000200000DE
:1012F0001C6000001C4000001F8000000F00000068
:1013000000000000000000000000000000000000DD
:1013100000000000000000000000000000000000CD
:1013200000000000000000000000000000000000BD
:1013300000000000000000000000000000000000AD
:10134000000000000000000000000000000000009D
:10135000000000000000000000000000000000008D
:10136000000000000000000000000000000000007D
:10137000000000000000000000000000000000006D
:10138000000000000007F800003FFF00007807C0E1
:1013900001C000E003000030040000080800000461
:1013A000100000020000000000000000000000002B
:1013B000000000000000000000000000000000002D
:1013C000000000000000000000000000000000001D
:1013D000000000000000000000000000000000000D
:1013E00000000000000000000000000010000002EB
:1013F00008000004040000080300003001C000E001
:10140000007807C0003FFF000007F8000000000060
:1014100000000000000000000000000000000000CC
:1014200000000000000000000000000000000000BC
:1014300000000000000000000000000000000000AC
:10144000000000000000000000000000000000009C
:10145000000000000000000000000000000000008C
:10146000000000000000000000000000000000007C
:10147000000C1800000E3800000E38000006300086
:10148000000360000061438000FFFF8000614300B3
:101490000003600000063000000E3800000E380027
:1014A000000C180000000000000000000000000018
:1014B000000000000000000000000000000000002C
:1014C000000000000000000000000000000000001C
:1014D000000000000000000000000000000000000C
:1014E00000000000000000000000000000000000FC
:1014F00000008000000080000000800000008000EC
:101500000000800000008000007FFF0000008000DD
:1015100000008000000080000000800000008000CB
:10152000000080000000000000000000000000003B
:1015300000000000000000000000000000000000AB
:10154000000000000000000000000000000000009B
:10155000000000000000000000000000000000008B
:10156000000000000000000000000000000000017A
:10157000000000E3000000E2000000FC0000007832
:10158000000000000000000000000000000000005B
:10159000000000000000000000000000000000004B
:1015A000000000000000000000000000000000003B
:1015B000000000000000000000000000000000002B
:1015C000000000000000000000000000000000001B
:1015D000000000000000000000000000000000000B
:1015E000000000000000000000000000000080007B
:1015F00000008000000080000000800000008000EB
:1016000000008000000080000000800000008000DA
:1016100000008000000080000000800000008000CA
:10162000000080000000000000000000000000003A
:1016300000000000000000000000000000000000AA
:10164000000000000000000000000000000000009A
:10165000000000000000000000000000000000008A
:10166000000000000000000000000000000000007A
:10167000000000C0000001E0000001E0000000C028
:10168000000000000000000000000000000000005A
:10169000000000000000000000000000000000004A
:1016A000000000000000000000000000000000003A
:1016B000000000000000000000000000000000002A
:1016C000000000000000000000000000000000001A
:1016D000000000000000000000000000000000000A
:1016E0000000000000000000000000000000000CEE
:1016F00000000038000000E00000038000000E0041
:10170000000038000000E00000038000000E000030
:101710000038000000E00000038000000E00000020
:1017200018000000000000000000000000000000A1
:1017300000000000000000000000000000000000A9
:101740000000000000000000000000000000000099
:101750000000000000000000000000000000000089
:101760000000000000000000000000000000000079
:10177000000FF800007FFF0000F00780018000C02C
:101780000300006002000020020000200200002090
:1017900003000060018000C000E00380007FFF00C4
:1017A000000FF80000000000000000000000000032
:1017B0000000000000000000000000000000000029
:1017C0000000000000000000000000000000000019
:1017D0000000000000000000000000000000000009
:1017E00000000000000000000000000000000000F9
:1017F0000000000000800020008000200080002009
:101800000080006001FFFFE003FFFFE000000060D8
:101810000000002000000020000000200000000068
:1018200000000000000000000000000000000000B8
:1018300000000000000000000000000000000000A8
:101840000000000000000000000000000000000098
:101850000000000000000000000000000000000088
:101860000000000000000000000000000000000078
:10187000007800E00098016001000260020004604E
:101880000200086002001060020020600200406058
:10189000030080600183006001FE00E0007C07809F
:1018A0000000000000000000000000000000000038
:1018B0000000000000000000000000000000000028
:1018C0000000000000000000000000000000000018
:1018D0000000000000000000000000000000000008
:1018E00000000000000000000000000000000000F8
:1018F00000F0078001F007C0010000400200002056
:1019000002010020020100200201002003038020C8
:101910000186804001FCC0C000787F8000001E006E
:1019200000000000000000000000000000000000B7
:1019300000000000000000000000000000000000A7
:101940000000000000000000000000000000000097
:101950000000000000000000000000000000000087
:10196000000000000000000000000000000008006F
:101970000000380000004800000188000006080050
:10198000000C0810003008100040081001FFFFF0A4
:1019900003FFFFF003FFFFF0000008100000081035
:1019A000000008100000000000000000000000001F
:1019B0000000000000000000000000000000000027
:1019C0000000000000000000000000000000000017
:1019D0000000000000000000000000000000000007
:1019E00000000000000000000000000000000000F7
:1019F00000000780001F864003E100200302002052
:101A0000030400200304002003040020030400203A
:101A100003060040030301C00301FF8003007E00B2
:101A200000000000000000000000000000000000B6
:101A300000000000000000000000000000000000A6
:101A40000000000000000000000000000000000096
:101A50000000000000000000000000000000000086
:101A60000000000000000000000000000000000076
:101A70000007FC00003FFF000070C380008180C0B1
:101A80000101006003020020020200200202002087
:101A9000020200200203004001C180C000C0FF809C
:101AA00000007E00000000000000000000000000B8
:101AB0000000000000000000000000000000000026
:101AC0000000000000000000000000000000000016
:101AD0000000000000000000000000000000000006
:101AE00000000000000000000000000000000000F6
:101AF00000F0000003C000000380000003000000AD
:101B0000030007E003003FE00301C00003060000FC
:101B100003180000036000000380000003000000C1
:101B200000000000000000000000000000000000B5
:101B300000000000000000000000000000000000A5
:101B40000000000000000000000000000000000095
:101B50000000000000000000000000000000000085
:101B600000000000000000000000000000001F0056
:101B700000783F8000FC60C0018EC04003078020D9
:101B80000203002002018020020180200201C02007
:101B90000301E040018670C000FC3F8000781F0018
:101BA0000000000000000000000000000000000035
:101BB0000000000000000000000000000000000025
:101BC0000000000000000000000000000000000015
:101BD0000000000000000000000000000000000005
:101BE000000000000000000000000000003F0000B6
:101BF00000FF81C001C0C1C00100602002002020A0
:101C0000020020200200202002002060020040C0CC
:101C10000100C18000C18F00007FFE00001FF000A6
:101C200000000000000000000000000000000000B4
:101C300000000000000000000000000000000000A4
:101C40000000000000000000000000000000000094
:101C50000000000000000000000000000000000084
:101C60000000000000000000000000000000000074
:101C70000000000000000000000000000000000064
:101C8000000300C0000781E0000781E0000300C0FE
:101C90000000000000000000000000000000000044
:101CA0000000000000000000000000000000000034
:101CB0000000000000000000000000000000000024
:101CC0000000000000000000000000000000000014
:101CD0000000000000000000000000000000000004
:101CE00000000000000000000000000000000000F4
:101CF00000000000000000000000000000000000E4
:101D000000060066000600780000000000000000E9
:101D100000000000000000000000000000000000C3
:101D200000000000000000000000000000000000B3
:101D300000000000000000000000000000000000A3
:101D40000000000000000000000000000000000093
:101D50000000000000000000000000000000000083
:101D60000000000000000000000000000000000073
:101D7000000080000001C000000360000006300089
:101D8000000C180000180C00003006000060030072
:101D900000C001800100004002000020040000108B
:101DA0000000000000000000000000000000000033
:101DB0000000000000000000000000000000000023
:101DC0000000000000000000000000000000000013
:101DD0000000000000000000000000000000000003
:101DE00000000000000000000000000000041000DF
:101DF0000004100000041000000410000004100093
:101E00000004100000041000000410000004100082
:101E10000004100000041000000410000004100072
:101E2000000410000000000000000000000000009E
:101E300000000000000000000000000000000000A2
:101E40000000000000000000000000000000000092
:101E50000000000000000000000000000000000082
:101E60000000000000000000000000000000000072
:101E700004000010020000200100004000C00180AA
:101E8000006003000030060000180C00000C180071
:101E900000063000000360000001C0000000800068
:101EA0000000000000000000000000000000000032
:101EB0000000000000000000000000000000000022
:101EC0000000000000000000000000000000000012
:101ED0000000000000000000000000000000000002
:101EE00000000000000000000000000000000000F2
:101EF0000078000001F80000023800000200000035
:101F0000040000C0040079E0040081E0040100C086
:101F100004030000020200000306000001FC0000B0
:101F200000F80000000000000000000000000000B9
:101F300000000000000000000000000000000000A1
:101F40000000000000000000000000000000000091
:101F50000000000000000000000000000000000081
:101F6000000000000000000000000000000FF8006A
:101F7000003FFE000070078000C000C00101F84073
:101F80000307FC20021E042002300820022030201B
:101F9000023FFC20013F044001800CC000E0318082
:101FA000001FC20000000000000000000000000050
:101FB0000000000000000000000000000000000021
:101FC0000000000000000000000000000000000011
:101FD0000000000000000000000000000000000001
:101FE0000000000000000000000000200000006071
:101FF000000003E000003E200003E020003E20003F
:1020000003E020000380200007FC2000003FE000E8
:102010000003FE2000003FE0000001E0000000207F
:102020000000002000000000000000000000000090
:1020300000000000000000000000000000000000A0
:102040000000000000000000000000000000000090
:102050000000000000000000000000000000000080
:10206000000000000000000000000000020000204E
:102070000200002003FFFFE003FFFFE00201002059
:1020800002010020020100200201002002010020C4
:10209000030300200186806001FCC0C000F87F803F
:1020A00000001F0000000000000000000000000011
:1020B0000000000000000000000000000000000020
:1020C0000000000000000000000000000000000010
:1020D0000000000000000000000000000000000000
:1020E0000000000000000000000000000007F800F1
:1020F000003FFF000070078000C000C001000040EA
:102100000300002002000020020000200200002046
:102110000200002001000040018000C003C00180D7
:102120000030060000000000000000000000000079
:10213000000000000000000000000000000000009F
:10214000000000000000000000000000000000008F
:10215000000000000000000000000000000000007F
:10216000000000000000000000000000020000204D
:102170000200002003FFFFE003FFFFE00200002059
:102180000200002002000020020000200300006086
:1021900001000040018000C000F00780007FFE00C9
:1021A000000FF80000000000000000000000000028
:1021B000000000000000000000000000000000001F
:1021C000000000000000000000000000000000000F
:1021D00000000000000000000000000000000000FF
:1021E00000000000000000000000000002000020CD
:1021F0000200002003FFFFE003FFFFE002010020D8
:102200000201002002010020020100200201002042
:1022100002038020020FE0200300006003C000E002
:10222000006003000000000000000000000000004B
:10223000000000000000000000000000000000009E
:10224000000000000000000000000000000000008E
:10225000000000000000000000000000000000007E
:10226000000000000000000000000000020000204C
:102270000200002003FFFFE003FFFFE00201002057
:102280000201002002010000020100000201000022
:102290000201000002038000030FE00003000000C1
:1022A00003C000000060000000000000000000000B
:1022B000000000000000000000000000000000001E
:1022C000000000000000000000000000000000000E
:1022D00000000000000000000000000000000000FE
:1022E0000000000000000000000000000007F800EF
:1022F000003FFE000070078001C001C001000040E7
:102300000300002002000020020000200200002044
:10231000010020200100204003C03F8000303F80AA
:10232000000020000000200000000000000000006D
:10233000000000000000000000000000000000009D
:10234000000000000000000000000000000000008D
:10235000000000000000000000000000000000007D
:102360000000000000000000020000200200002029
:1023700003FFFFE003FFFFE0020080200200802057
:10238000000080000000800000008000020080202B
:102390000200802003FFFFE003FFFFE002000020B7
:1023A000020000200000000000000000000000000B
:1023B000000000000000000000000000000000001D
:1023C000000000000000000000000000000000000D
:1023D00000000000000000000000000000000000FD
:1023E00000000000000000000000000000000000ED
:1023F0000000000002000020020000200200002077
:102400000200002003FFFFE003FFFFE002000020C6
:102410000200002002000020020000200000000056
:1024200000000000000000000000000000000000AC
:10243000000000000000000000000000000000009C
:10244000000000000000000000000000000000008C
:10245000000000000000000000000000000000007C
:102460000000000000000000000000000000000E5E
:102470000000000F0000000F00000001020000013A
:1024800002000001020000030200000603FFFFFC3F
:1024900003FFFFF80200000002000000020000003D
:1024A000020000000000000000000000000000002A
:1024B000000000000000000000000000000000001C
:1024C000000000000000000000000000000000000C
:1024D00000000000000000000000000000000000FC
:1024E00000000000000000000000000002000020CA
:1024F0000200002003FFFFE003FFFFE00200C02016
:102500000201002000078000000FE0000030F8000A
:1025100002603E2003800F20030003E0020000E081
:102520000200002000000020000000000000000069
:10253000000000000000000000000000000000009B
:10254000000000000000000000000000000000008B
:10255000000000000000000000000000000000007B
:102560000000000000000000000000000200002049
:102570000200002003FFFFE003FFFFE00200002055
:1025800002000020000000200000002000000020C9
:10259000000000200000002000000060000000E0BB
:1025A0000000030000000000000000000000000028
:1025B000000000000000000000000000000000001B
:1025C000000000000000000000000000000000000B
:1025D00000000000000000000000000000000000FB
:1025E00000000000000000000200002002000020A7
:1025F00003FFFFE003E0002003FF0020001FF000C6
:102600000001FF8000000FE000001E000003E0005A
:10261000003E002003E0002003FFFFE003FFFFE097
:102620000200002002000020000000000000000066
:10263000000000000000000000000000000000009A
:10264000000000000000000000000000000000008A
:10265000000000000000000000000000000000007A
:102660000000000000000000020000200200002026
:1026700003FFFFE00380002003F0002000FC0000C7
:10268000001F00000007C0000001F00000007C00F7
:1026900002001F80020007E003FFFFE002000000CD
:1026A0000200000000000000000000000000000028
:1026B000000000000000000000000000000000001A
:1026C000000000000000000000000000000000000A
:1026D00000000000000000000000000000000000FA
:1026E000000000000000000000000000000FF800E3
:1026F000003FFE0000F00780018000C001000040A4
:102700000200002002000020020000200200002041
:1027100001000040018000C000F00380003FFE0087
:10272000000FF800000000000000000000000000A2
:102730000000000000000000000000000000000099
:102740000000000000000000000000000000000089
:102750000000000000000000000000000000000079
:102760000000000000000000000000000200002047
:102770000200002003FFFFE003FFFFE002008020D3
:102780000200802002008000020080000200800021
:1027900002008000030180000183000000FE0000B1
:1027A000007C0000000000000000000000000000AD
:1027B0000000000000000000000000000000000019
:1027C0000000000000000000000000000000000009
:1027D00000000000000000000000000000000000F9
:1027E000000000000000000000000000000FF800E2
:1027F000007FFF0000F00380018001C0010006405F
:10280000020004200200042002000620020003E06F
:10281000010000F80180005C00E0038C003FFF0C29
:10282000000FFC1800000000000000000000000085
:102830000000000000000000000000000000000098
:102840000000000000000000000000000000000088
:102850000000000000000000000000000000000078
:102860000000000000000000000000000200002046
:102870000200002003FFFFE003FFFFE00201002051
:1028800002010020020180000201E0000201FC00C0
:1028900003033F80018607E001FC00E000F8002010
:1028A0000000002000000000000000000000000008
:1028B0000000000000000000000000000000000018
:1028C0000000000000000000000000000000000008
:1028D00000000000000000000000000000000000F8
:1028E00000000000000000000000000000000000E8
:1028F0000078060000FE01E0018600C003030040EE
:102900000203002002018020020180200201C02079
:102910000200C0200100E060018070C003E03F8041
:1029200000001F0000000000000000000000000088
:102930000000000000000000000000000000000097
:102940000000000000000000000000000000000087
:102950000000000000000000000000000000000077
:102960000000000000000000000000000060000007
:1029700003800000030000000200000002000020AD
:102980000200002003FFFFE003FFFFE00200002041
:10299000020000200200000002000000038000008E
:1029A00000E0000000000000000000000000000047
:1029B0000000000000000000000000000000000017
:1029C0000000000000000000000000000000000007
:1029D00000000000000000000000000000000000F7
:1029E00000000000000000000200000002000000E3
:1029F00003FFFF0003FFFFC0020000400200006071
:102A00000000002000000020000000200000002046
:102A1000020000400200008003FFFF0002000000EF
:102A200002000000000000000000000000000000A4
:102A30000000000000000000000000000000000096
:102A40000000000000000000000000000000000086
:102A50000000000000000000000000000000000076
:102A60000000000000000000000000000200000064
:102A70000200000003C0000003FC0000023FC00091
:102A80000003F80000007F80000007E000000780DE
:102A9000000078000203C000023C000003C00000F8
:102AA0000200000002000000000000000000000022
:102AB0000000000000000000000000000000000016
:102AC0000000000000000000000000000000000006
:102AD00000000000000000000000000000000000F6
:102AE00000000000000000000200000003C0000021
:102AF00003FF8000023FFE0002007FE000000F00A5
:102B00000200F00003EF000003FF8000020FFE0050
:102B100000003FE000001F000207E00003F8000093
:102B200003000000020000000000000000000000A0
:102B30000000000000000000000000000000000095
:102B40000000000000000000000000000000000085
:102B50000000000000000000000000000000000075
:102B60000000000000000000000000000200002043
:102B700002000020038000E003F0032002FC0C2090
:102B8000021F30000007C0000007F00002187C00A0
:102B900002601F20038003E0020000E0020000202A
:102BA0000000002000000000000000000000000005
:102BB0000000000000000000000000000000000015
:102BC0000000000000000000000000000000000005
:102BD00000000000000000000000000000000000F5
:102BE00000000000000000000000000002000000E3
:102BF0000300000003C0000003F80000023E0020B4
:102C0000020FC0200001FFE000007FE000038020F1
:102C1000021C00200270000003800000020000007F
:102C200002000000000000000000000000000000A2
:102C30000000000000000000000000000000000094
:102C40000000000000000000000000000000000084
:102C50000000000000000000000000000000000074
:102C60000000000000000000000000000000002044
:102C7000006000E0038003E003000FA002003E209C
:102C80000200F8200203E020020F8020023E002014
:102C90000278002003E00060038000E002000300EF
:102CA0000000000000000000000000000000000024
:102CB0000000000000000000000000000000000014
:102CC0000000000000000000000000000000000004
:102CD00000000000000000000000000000000000F4
:102CE00000000000000000000000000000000000E4
:102CF00000000000000000000000000000000000D4
:102D00001FFFFFFC1000000410000004100000046E
:102D10001000000410000004100000041000000463
:102D200000000000000000000000000000000000A3
:102D30000000000000000000000000000000000093
:102D40000000000000000000000000000000000083
:102D50000000000000000000000000000000000073
:102D60000000000000000000000000000000000063
:102D7000000000000700000003C000000078000011
:102D8000001E00000003C0000000F00000001E0054
:102D900000000780000000F00000003C000000067A
:102DA0000000000000000000000000000000000023
:102DB0000000000000000000000000000000000013
:102DC0000000000000000000000000000000000003
:102DD00000000000000000000000000000000000F3
:102DE00000000000000000000000000000000000E3
:102DF0001000000410000004100000041000000483
:102E00001000000410000004100000041FFFFFFC6D
:102E100000000000000000000000000000000000B2
:102E200000000000000000000000000000000000A2
:102E30000000000000000000000000000000000092
:102E40000000000000000000000000000000000082
:102E50000000000000000000000000000000000072
:102E60000000000000000000000000000000000062
:102E7000000000000000000002000000040000004C
:102E800008000000180000001000000018000000FA
:102E90001800000004000000020000000000000014
:102EA0000000000000000000000000000000000022
:102EB0000000000000000000000000000000000012
:102EC0000000000000000000000000000000000002
:102ED00000000000000000000000000000000000F2
:102EE00000000000000000000000000100000001E0
:102EF00000000001000000010000000100000001CE
:102F000000000001000000010000000100000001BD
:102F100000000001000000010000000100000001AD
:102F2000000000010000000100000000000000009F
:102F30000000000000000000000000000000000091
:102F40000000000000000000000000000000000081
:102F50000000000000000000000000000000000071
:102F60000000000000000000000000000000000061
:102F70000000000010000000100000001000000021
:102F8000180000000800000004000000000000001D
:102F90000000000000000000000000000000000031
:102FA0000000000000000000000000000000000021
:102FB0000000000000000000000000000000000011
:102FC0000000000000000000000000000000000001
:102FD00000000000000000000000000000000000F1
:102FE000000000000000000000000000000003805E
:102FF00000018FC000038C60000618200004102020
:10300000000410200004202000042040000620407E
:103010000003FFC00001FFE00000002000000020CE
:10302000000000C0000000000000000000000000E0
:103030000000000000000000000000000000000090
:103040000000000000000000000000000000000080
:103050000000000000000000000000000000000070
:10306000000000000000000000000000020000005E
:103070000200000003FFFFE007FFFFC0000180C067
:103080000002006000020020000400200004002074
:103090000004002000060040000300C00001FF8083
:1030A0000000FE0000000000000000000000000022
:1030B0000000000000000000000000000000000010
:1030C0000000000000000000000000000000000000
:1030D00000000000000000000000000000000000F0
:1030E00000000000000000000000000000000000E0
:1030F00000007E000001FF80000381C0000200404C
:10310000000600200004002000040020000400202D
:10311000000600200003C0400001C0800000030042
:10312000000000000000000000000000000000009F
:10313000000000000000000000000000000000008F
:10314000000000000000000000000000000000007F
:10315000000000000000000000000000000000006F
:10316000000000000000000000000000000000005F
:1031700000007E000001FF80000380C000060060A8
:10318000000400200004002000040020020400408D
:103190000202008003FFFFE007FFFFC000000040C5
:1031A00000000040000000000000000000000000DF
:1031B000000000000000000000000000000000000F
:1031C00000000000000000000000000000000000FF
:1031D00000000000000000000000000000000000EF
:1031E00000000000000000000000000000000000DF
:1031F00000007E000001FF80000311C000021040AB
:1032000000041060000410200004102000041020AE
:1032100000061020000310400001F0C00000710003
:10322000000000000000000000000000000000009E
:10323000000000000000000000000000000000008E
:10324000000000000000000000000000000000007E
:10325000000000000000000000000000000000006E
:10326000000000000000000000000000000000005E
:1032700000040000000400200004002000040020DE
:10328000007FFFE001FFFFE00104002003040020B5
:1032900002040020020400200204000002000000DA
:1032A00001C0000001C0000000000000000000009C
:1032B000000000000000000000000000000000000E
:1032C00000000000000000000000000000000000FE
:1032D00000000000000000000000000000000000EE
:1032E00000000000000000000000000000000000DE
:1032F0000000001C0000E33E0003FFC200020CC3FC
:10330000000404C1000404C1000404C1000404C199
:1033100000060CC10003F8C30005F0620006007E41
:103320000006003C0000000000000000000000005B
:10333000000000000000000000000000000000008D
:10334000000000000000000000000000000000007D
:10335000000000000000000000000000000000006D
:10336000000000000000000000000000020000203B
:103370000200002003FFFFE007FFFFE00001002044
:10338000000200200006000000040000000400000D
:1033900000040020000600200003FFE00001FFE021
:1033A00000000020000000200000000000000000DD
:1033B000000000000000000000000000000000000D
:1033C00000000000000000000000000000000000FD
:1033D00000000000000000000000000000000000ED
:1033E00000000000000000000000000000000000DD
:1033F0000000000000040020000400200004002061
:10340000000400200387FFE0038FFFE0038000201B
:10341000000000200000002000000020000000004C
:10342000000000000000000000000000000000009C
:10343000000000000000000000000000000000008C
:10344000000000000000000000000000000000007C
:10345000000000000000000000000000000000006C
:10346000000000000000000000000000000000005C
:10347000000000000000000600000007000000013E
:10348000000000010004000100040001000400032A
:10349000000400060387FFFC038FFFF80380000091
:1034A000000000000000000000000000000000001C
:1034B000000000000000000000000000000000000C
:1034C00000000000000000000000000000000000FC
:1034D00000000000000000000000000000000000EC
:1034E00000000000000000000000000002000020BA
:1034F0000200002003FFFFE007FFFFE000000820BC
:1035000000001020000030000000FC0000058E00CC
:10351000000707A0000601E0000400E0000400200E
:10352000000000200000000000000000000000007B
:10353000000000000000000000000000000000008B
:10354000000000000000000000000000000000007B
:10355000000000000000000000000000000000006B
:10356000000000000000000000000000000000005B
:1035700000000000020000200200002002000020E5
:103580000200002003FFFFE007FFFFE00000002033
:1035900000000020000000200000002000000000CB
:1035A000000000000000000000000000000000001B
:1035B000000000000000000000000000000000000B
:1035C00000000000000000000000000000000000FB
:1035D00000000000000000000000000000000000EB
:1035E00000000000000000000000000000040020B7
:1035F0000007FFE0000FFFE00002002000040000D1
:10360000000400200007FFE00003FFE000020020AC
:1036100000040000000400200007FFE00003FFE0BA
:10362000000000200000000000000000000000007A
:10363000000000000000000000000000000000008A
:10364000000000000000000000000000000000007A
:10365000000000000000000000000000000000006A
:103660000000000000000000000000000004002036
:10367000000400200007FFE0000FFFE00001002031
:10368000000200200002000000040000000400000E
:1036900000040020000600200003FFE00001FFE01E
:1036A00000000020000000200000000000000000DA
:1036B000000000000000000000000000000000000A
:1036C00000000000000000000000000000000000FA
:1036D00000000000000000000000000000000000EA
:1036E00000000000000000000000000000000000DA
:1036F00000007E000000FF80000381C00002004047
:103700000006002000040020000400200004002027
:103710000006002000020040000381C00001FF807D
:1037200000007E000000000000000000000000001B
:103730000000000000000000000000000000000089
:103740000000000000000000000000000000000079
:103750000000000000000000000000000000000069
:103760000000000000000000000000000004000154
:10377000000400010007FFFF000FFFFF000100C170
:10378000000200410004002000040020000400208A
:103790000004002000060040000301C00001FF807B
:1037A00000007E000000000000000000000000009B
:1037B0000000000000000000000000000000000009
:1037C00000000000000000000000000000000000F9
:1037D00000000000000000000000000000000000E9
:1037E00000000000000000000000000000000000D9
:1037F00000007E000001FF80000380C00002006026
:103800000004002000040020000400200004002028
:1038100000020041000300C10003FFFF0007FFFF9B
:103820000000000100000001000000000000000096
:103830000000000000000000000000000000000088
:103840000000000000000000000000000000000078
:103850000000000000000000000000000000000068
:103860000000000000000000000000000004002034
:10387000000400200004002000040020000FFFE0EE
:10388000000FFFE00000C020000100200002002027
:1038900000060020000400000004000000070000F3
:1038A0000003000000000000000000000000000015
:1038B0000000000000000000000000000000000008
:1038C00000000000000000000000000000000000F8
:1038D00000000000000000000000000000000000E8
:1038E00000000000000000000000000000000000D8
:1038F000000003E00001C0E00003E04000063020CB
:1039000000043020000418200004182000041820AF
:1039100000040C2000020C60000307C00007838035
:103920000000000000000000000000000000000097
:103930000000000000000000000000000000000087
:103940000000000000000000000000000000000077
:103950000000000000000000000000000000000067
:103960000000000000000000000000000000000057
:10397000000400000004000000040000000C00002F
:10398000001FFF8000FFFFC0000400600004002053
:10399000000400200004002000040040000001801A
:1039A0000000000000000000000000000000000017
:1039B0000000000000000000000000000000000007
:1039C00000000000000000000000000000000000F7
:1039D00000000000000000000000000000000000E7
:1039E00000000000000000000000000000040000D3
:1039F000000400000007FF80000FFFC0000000600F
:103A00000000002000000020000000200000002036
:103A100000040040000400800007FFE0000FFFC02A
:103A20000000004000000040000000000000000016
:103A30000000000000000000000000000000000086
:103A40000000000000000000000000000000000076
:103A50000000000000000000000000000000000066
:103A60000000000000000000000000000004000052
:103A700000040000000780000007F0000004FE00C2
:103A800000041FC0000003E00000038000001C00D1
:103A90000004600000078000000600000004000031
:103AA0000000000000000000000000000000000016
:103AB0000000000000000000000000000000000006
:103AC00000000000000000000000000000000000F6
:103AD00000000000000000000000000000000000E6
:103AE00000000000000000000004000000060000CC
:103AF0000007C0000007FC0000043F80000003E056
:103B000000040F800006F0000007F0000007FF80AF
:103B100000040FE00000038000043C000007C00028
:103B2000000600000004000000000000000000008B
:103B30000000000000000000000000000000000085
:103B40000000000000000000000000000000000075
:103B50000000000000000000000000000000000065
:103B60000000000000000000000000000000002035
:103B70000004002000040060000700E0000783202C
:103B80000007E6000004F80000003C0000045E208E
:103B9000000587A0000601E000040060000400208A
:103BA00000000020000000000000000000000000F5
:103BB0000000000000000000000000000000000005
:103BC00000000000000000000000000000000000F5
:103BD00000000000000000000000000000000000E5
:103BE00000000000000000000000000000040000D1
:103BF00000040003000700030007E0010004F801CF
:103C000000041F02000007FC000000E000000700A5
:103C1000000438000007C000000600000004000097
:103C20000004000000000000000000000000000090
:103C30000000000000000000000000000000000084
:103C40000000000000000000000000000000000074
:103C50000000000000000000000000000000000064
:103C60000000000000000000000000000000000054
:103C700000078060000600E0000403E0000407A0E5
:103C800000040E2000043C20000470200005E02009
:103C90000007802000070060000400E000000380AF
:103CA0000000000000000000000000000000000014
:103CB0000000000000000000000000000000000004
:103CC00000000000000000000000000000000000F4
:103CD00000000000000000000000000000000000E4
:103CE00000000000000000000000000000000000D4
:103CF00000000000000000000000000000000000C4
:103D00000000000000008000000080000001400072
:103D100007FE3FF808000004100000021000000237
:103D20000000000000000000000000000000000093
:103D30000000000000000000000000000000000083
:103D40000000000000000000000000000000000073
:103D50000000000000000000000000000000000063
:103D60000000000000000000000000000000000053
:103D70000000000000000000000000000000000043
:103D80000000000000000000FFFFFFFF0000000037
:103D90000000000000000000000000000000000023
:103DA0000000000000000000000000000000000013
:103DB0000000000000000000000000000000000003
:103DC00000000000000000000000000000000000F3
:103DD00000000000000000000000000000000000E3
:103DE00000000000000000000000000000000000D3
:103DF00010000002100000020800000407FE3FF857
:103E00000001400000008000000080000000000071
:103E100000000000000000000000000000000000A2
:103E20000000000000000000000000000000000092
:103E30000000000000000000000000000000000082
:103E40000000000000000000000000000000000072
:103E50000000000000000000000000000000000062
:103E6000000000000000000000000000180000003A
:103E70003000000040000000400000004000000052
:103E800020000000300000000800000004000000D6
:103E90000200000002000000020000000C00000010
:103EA00018000000000000000000000000000000FA
:103EB0000000000000000000000000000000000002
:103EC00000000000000000000000000000000000F2
:103ED00000000000000000000000000000000000E2
:103EE0000000000000000000C6D50000000000E057
:103EF000380000783C00003C7800003C70C0001C9A
:103F0000E1E01FFFFFF0001CE3000E1CE7C0079C70
:103F1000E78003DCEF0003DCEE0001DCFC60009CCA
:103F2000F9F07FFFFFF80000000001C00E0001FF64
:103F3000FF0001C00E0001C00E0001C00E0001FF15
:103F4000FE0001C00E0001C00E0001C00E0001FF06
:103F5000FE0001C00E0001C00E0000000000D6D01F
:103F600000000000000700000007800000070000BC
:103F70000007000000070000000701801FFFFFE0AE
:103F80001FFFFFE01E0701C01E0701C01E0701C082
:103F90001E0701C01E0701C01E0701C01FFFFFC092
:103FA0001FFFFFC01E0701C01C07018000070000A3
:103FB00000070000000700000007000000070000E5
:103FC00000070000000700000007000000070000D5
:103FD00000000000BFC60000000000000780003C99
:103FE00007C001FC07803FE0078039C1C78001C0DE
:103FF000E78001C0F78001C0778001DE77807FFE17
:10400000078001C0078003C3C78003E1E78003F88E
:10401000F78007FCE7F00FDE67F80FDC07F81FC03A
:10402000FF801DDFE78039CC078071C0078061C049
:10403000078001C0078001C0078001E0078001E020
:10404000078001C0070000000000BCBC00000000A9
:104050000380300003C03C0003C03C0003C03800B4
:1040600003C0380003C0386003F838F07FFFFFF06A
:1040700003C0380003C0380003C0380003DC39C077
:1040800003FFFFE007E383C03FC183C07FC1C3805C
:104090003BC1C78003C0EF0003C0EF0003C07E0038
:1040A00003C07C0003C07C0003C0FE003BC3EF8064
:1040B0003F8787F80FBF03F8077800E00000000093
:1040C000800C000000780000800700002000000045
:1040D00020000000200000000090010000000F0000
:1040E00000F000002F53544D3332463478375F666A
:1040F000696C65732F6C6F676F2E6A7067000000C4
:10410000485454502F312E3020323030204F4B0D38
:104110000A5365727665723A206C7749502F312EBA
:10412000332E312028687474703A2F2F73617661B2
:104130006E6E61682E6E6F6E676E752E6F72672F72
:1041400070726F6A656374732F6C776970290D0ADA
:10415000436F6E74656E742D747970653A20696D65
:104160006167652F6A7065670D0A0D0AFFD8FFE069
:1041700000104A46494600010101012C012C0000B3
:10418000FFE1006845786966000049492A00080097
:10419000000004001A010500010000003E000000BC
:1041A0001B0105000100000046000000280103007B
:1041B00001000000020000003101020011000000B7
:1041C0004E000000000000002C0100000100000073
:1041D0002C010000010000005061696E742E4E45F4
:1041E000542076332E352E3400AFFFDB004300031E
:1041F0000202030202030303030403030405080588
:10420000050404050A070706080C0A0C0C0B0A0B28
:104210000B0D0E12100D0E110E0B0B1016101113AC
:10422000141515150C0F171816141812141514FF61
:10423000DB00430103040405040509050509140D09
:104240000B0D14141414141414141414141414143E
:10425000141414141414141414141414141414141E
:10426000141414141414141414141414141414140E
:1042700014141414FFC00011080039006003012257
:1042800000021101031101FFC4001F00000105011C
:104290000101010101000000000000000001020313
:1042A0000405060708090A0BFFC400B51000020147
:1042B0000303020403050504040000017D01020359
:1042C00000041105122131410613516107227114B6
:1042D000328191A1082342B1C11552D1F024336239
:1042E0007282090A161718191A25262728292A342E
:1042F00035363738393A434445464748494A535496
:1043000055565758595A636465666768696A737485
:1043100075767778797A838485868788898A929377
:104320009495969798999AA2A3A4A5A6A7A8A9AA96
:10433000B2B3B4B5B6B7B8B9BAC2C3C4C5C6C7C8B4
:10434000C9CAD2D3D4D5D6D7D8D9DAE1E2E3E4E5E5
:10435000E6E7E8E9EAF1F2F3F4F5F6F7F8F9FAFF3F
:10436000C4001F010003010101010101010101005D
:1043700000000000000102030405060708090A0BFB
:10438000FFC400B511000201020404030407050480
:104390000400010277000102031104052131061215
:1043A00041510761711322328108144291A1B1C1B8
:1043B00009233352F0156272D10A162434E125F133
:1043C0001718191A262728292A35363738393A4333
:1043D0004445464748494A535455565758595A63D5
:1043E0006465666768696A737475767778797A82C6
:1043F000838485868788898A9293949596979899DD
:104400009AA2A3A4A5A6A7A8A9AAB2B3B4B5B6B701
:10441000B8B9BAC2C3C4C5C6C7C8C9CAD2D3D4D52D
:10442000D6D7D8D9DAE2E3E4E5E6E7E8E9EAF2F359
:10443000F4F5F6F7F8F9FAFFDA000C0301000211BF
:104440000311003F00FD53A28A28012BE45F89DF9E
:10445000B5678934AF1D6AD63E1D7B2FECAB497E14
:10446000CF1BCB06F2ECBC3B673D0B038F6C57BEFA
:10447000FC72F1DFFC2BDF871A9EA313EDBF957E44
:10448000CB663B999F2011FEE8CB7FC06BC47E13A7
:10449000FEC8D16A7A641AB78CE7B88E49C09134E5
:1044A000C81B63283C8F35B9393FDD18C773D87DE9
:1044B00096474F0187A53C7664AF1F862AD7BBDDA0
:1044C000B4BCB4D76D4FCD38A6BE6D8DC452CAF200
:1044D0005938CFE39C93B28ADA29BF3D5DB7D168E2
:1044E00070FF00F0D75F103FE7AE9BFF00809FFD9D
:1044F0007A3FE1AEBE207FCF5D37FF00013FFAF586
:10450000F46AFECB7F0D5540FF00847DCE3B9BEBD4
:104510008E7FF1FA5FF865CF869FF42F3FFE075C30
:104520007FF1CAF6FF00B67877FE811FFE031FFEFB
:1045300048F97FF56B8CFF00E860BFF039FF00F2AF
:1045400027CE3FF0D75F103FE7AE9BFF00809FFD77
:104550007A3FE1AEBE207FCF5D37FF00013FFAF525
:10456000F477FC32E7C34FFA179FFF0003AE3FF822
:10457000E51FF0CB9F0D3FE85E7FFC0EB8FF00E328
:10458000947F6CF0EFFD023FFC063FFC907FAB5C3C
:1045900067FF004305FF0081CFFF00913E71FF00E0
:1045A00086BAF881FF003D74DFFC04FF00EBD1FF09
:1045B000000D75F103FE7AE9BFF809FF00D7AFA33C
:1045C000BFE1973E1A7FD0BCFF00F81D71FF00C706
:1045D00028FF00865CF869FF0042F3FF00E075C722
:1045E000FF001CA3FB67877FE811FF00E031FF009D
:1045F000E483FD5AE33FFA182FFC0E7FFC89F38F0A
:10460000FC35D7C40FF9EBA6FF00E027FF005EBE24
:1046100086FD9CFC6FE2BF88DE1DBDD6FC44F6E241
:10462000D9A6F26CD6083CBDDB7EFB1E4E46480385
:10463000FDD3563FE1973E1A7FD0BCFF00F81D71B5
:10464000FF00C72BD13C3BE1DD3FC27A2DAE93A5E5
:104650005B8B4D3ED576450862DB4649EA4924E44A
:104660009393EB5E2E6D9965588C3FB3C0E1F924AE
:10467000DEED25A7959BFF00863E9B87B23E20C1BD
:10468000E33DBE6B8CF694D2768A949DDF9DD2D1A9
:104690002BFCEC69514561F8DFC536DE09F09EA9B7
:1046A000AE5DE3C9B281A5DB9C6F6FE15FA96C0FC2
:1046B000C6BE3E10954928415DBD11FA455AB0A1CC
:1046C0004E556A3B4629B6FB25B9E17F117C496FFF
:1046D000E3DFDA4FC1FE102C24D374998DC4E8793E
:1046E00057B81199707D701147FC09857D19349E6A
:1046F0004C3249B59B6296DAA324E07415F9B5A152
:10470000F8EF50D23C7F6DE2C76FB46A097BF6C9FF
:104710007271E612D975F604123F1AFD0EF07F8C05
:1047200034BF1D787ED757D26E56E2D275CF1F792F
:104730001BBA30ECC3B8AFB5E23CB2797D3C345221
:10474000BC231B5FA735DB7F7DF4F4F23F2FE0AC89
:10475000F2966F571B393B5594F992EBC964A3FF4E
:104760000080DB5F5F33E6CB9FDB6EF23B89553C1D
:10477000231045620096F486033DC6CEB51FFC3675
:10478000F5FF00FD0A76FF00F81CDFFC45759FB4BD
:104790001FECDF1F8B56E3C45E188121D6C02F713A
:1047A00066B855BBF523B093F46EFCF27E3B9E09D0
:1047B0006D679219A368668D8A3C6EA559581C10C6
:1047C00041E8457D5E55976459AD1F694A8DA4B790
:1047D0005CD2BA7F7EDD99F01C419CF166418A74FF
:1047E0006BE22F17F0C946166BFF0001D1F75D3D54
:1047F0002CCFA63FE1B7AFFF00E853B7FF00C0E6FC
:10480000FF00E22BD27E087C7AD53E306B57D6CDA6
:10481000E1E874EB1B3843CB74B72643BD8E11001F
:10482000DA3AE18F5FE1AF86ABEFAFD9B7C03FF0C7
:1048300082FC32B1F3E3D9A86A7FE9D7191C8DC095
:104840006C53F45C71EA4D70F1165995E5983E6A27
:1048500054AD393B2D65F37BF6FCCF538333CCFB52
:104860003CCC942BE21BA505797BB157E895D47A13
:10487000BFC133B6F1DF8BADBC0BE11D535DBA1B7D
:10488000A2B284C81338F31FA2A67FDA6207E35FDF
:1048900035FF00C36F5F7FD0A76FFF0081CDFF00A2
:1048A000C455BFDB37C7DFF20BF085B49FF4FB784C
:1048B00014F6E446A7FF001E6C7FBB5F2C80588077
:1048C0000649ED4F87787B0B88C12C46361CCE4FAE
:1048D0004D5AB2F935BEFE961719718E3F0799BC35
:1048E0001E59579630569689DE4F57BA7B68BD6E73
:1048F0007DDFF02FE35EA9F186E35379B428B4CDD0
:104900003EC9557CF49CC85E46E8A32A3A0049FAA1
:104910008F5AF5EAF3FF00817E02FF008579F0DB14
:104920004BD3A58C25F4CBF6ABCE39F35C0241FF1B
:1049300000746D5FF80D7A057E77993C3BC5D4FA1B
:10494000A47969A765BBDB4BEBDF73F65C9238C8D3
:10495000E5F45E613E6AAD5E4EC96AF5B5924B4DB7
:1049600082BE5EFDB3BC7BE55B697E11B697E694C3
:104970008BDBC0A7F846446A7EA7737FC056BEA0F3
:1049800035F217C44FD9CBE2278FBC69AB6BB30D9F
:10499000347DAE626346BB3948C708BF77B2802B0F
:1049A000D8E1B585863957C5CD4630D55FABE9F737
:1049B0006FF71F37C6CF1D532B784CBE94A72A8E96
:1049C000CF955ED1DDFDFB7A367CDF5DD7C27F8B74
:1049D0007ABFC28D745DD931B8D3E6205DD83B6112
:1049E000265F51E8C3B37F31C5767FF0C83E3EF401
:1049F000D33FF028FF00F1347FC320F8FBD34CFFF6
:104A000000C0A3FF00C4D7EB15F35CA3154E546B95
:104A1000568B8BDD5CFE7CC2643C4581AF1C4E1B1B
:104A20000D52338EA9A5FD7CD753EBFF0002F8EFA2
:104A300048F889E1F8356D1EE04D6F270E8DC3C42F
:104A4000FDD1C7623FFAE320D78B7ED51F05ECB5B9
:104A50006D02EFC63A5C0B06AB64A1EF16318171B3
:104A600010E0B11FDE51CE7B8073D0543FB3EFC056
:104A70008F19FC34F1949A86A77D6B6FA5BC0C93BB
:104A80005ADBCE64F3DBF8723000DA79CF5EDDCD2D
:104A90007B3FC55BEB6D3BE1AF8A27BA204234DB3D
:104AA0008520F7263200FC4903F1AFC9D4A19566F1
:104AB000B079755E78DD6DD537AC5F7FE9EE7F410B
:104AC000CA1533FC82A2CE687B39A4EF7E8D2D26D9
:104AD000BAAFF875AADFE19F81DE033F10FE2469BB
:104AE0007A6C91EFB189BED579C71E5210483FEF5D
:104AF0001DABFF0002AFD05D42FEDF45D32E6F2E0F
:104B000064582D6D6269A473D1514124FE42BC27C3
:104B1000F63FF00FF61782EE7C457316DBBD5DF1B4
:104B20001161CAC08481FF007D36E3EE02D4BFB5B7
:104B3000EF8FBFE11EF0343A05B49B6F3597DB2051
:104B4000079581082DF99DABEE3757AD9CD496772C
:104B50009CC70549FBB17CBFAC9FCBF43E7F866808
:104B6000D3E16E1AA999D75EFCD73FE908FCEF7F25
:104B7000FB78F933C7BE2DB8F1D78C756D76E72178
:104B8000EF272EA8C7EE20E117F05007E15D9FEC5C
:104B9000E1E01FF84EFE26D809E3DFA769BFE9B7B9
:104BA000391C1DA46C53F56C71E80D796D7DC7FB44
:104BB00028F807FE113F8729AA5C47B2FF005A6117
:104BC000727239108E221F8825BFE075F759F62EB4
:104BD000395658E14B46D72C7EEFD17E363F28E13F
:104BE0002CBA79FE791A988F7945BA937DF5BFE38F
:104BF00026BE573DA80C0A5A28AFC14FEB70A28AB7
:104C00002800A28A28023B8996DA092560ECA8A52B
:104C1000888D0BB10067803249F61CD7CD7F18759F
:104C20007F197C62D5F4FF0009E91E19D6B49F0CE8
:104C3000CD7518BAD42F2C9E2F346E1F31C8F95160
:104C40007EF60F2481D318AFA628AF4B038C581AD9
:104C50009ED9414A4B6BF47DEDD5AE87899B65B2F9
:104C6000CD68FD59D57083F8924AF25DAFD13EB65A
:104C700029E93A5DBE87A4DA69F69188AD6D61587D
:104C8000628C7F0AA8C01F90AF8B7E3B787BC73FAA
:104C9000117E246A5A843E15D6E5D3E03F64B322E0
:104CA000C6420C484FCC38FE2259BFE055F6F515E8
:104CB000D595E693CAEBCB11182949AB6B7EBB9C0B
:104CC00019F6414F3DC2C3073A8E104EF68DB5B26C
:104CD000B25E88FCFCF03FC07F166BFE2ED2AC3576
:104CE0002F0F6A9A769F34EBF69BAB8B578D122170
:104CF000CB7CC4601C0207B915F7F5B5BC7676D13C
:104D0000410A2C7144811114602A8180054B456948
:104D10009BE735B389C255528A8EC979EECC787338
:104D20008670DC394EA46849C9CDABB76BE9B2D304
:104D3000E7F78514515F3E7D81FFD92F53544D33E2
:104D400032463478375F66696C65732F53542E672B
:104D5000696600485454502F312E302032303020B4
:104D60004F4B0D0A5365727665723A206C77495045
:104D70002F312E332E312028687474703A2F2F7300
:104D80006176616E6E61682E6E6F6E676E752E6FE6
:104D900072672F70726F6A656374732F6C776970B6
:104DA000290D0A436F6E74656E742D747970653ABF
:104DB00020696D6167652F6769660D0A0D0A4749AD
:104DC00046383961FE023A00F70000FFFFFFF8FBAA
:104DD000FFF6FAFFF7F7F7EFF6FEF2F6FAEFEFEF6E
:104DE000EEEEF7E8ECEFE6EFF8E0EFFFE6E6E6E2FE
:104DF000E4E7D3E5F9CDE4FEDEDEEFDEDEDEDEE184
:104E0000E5D0DEEDD8DEE5BEDDFED6D6D6CDD5DFEB
:104E1000C6D3E2BAD7F7CECEE7BDD6F2CCCCCCAD76
:104E2000D4FEBCCDDFACCFF6C5C5C599CCFFAAC8B2
:104E3000E9A5C9F0BABADD99C6F7BDBDBD8FC4FEFC
:104E4000A8C0DAB5B5B59AB8D989BBF08FBAE881F0
:104E5000BCFCAAAAD5B1B0B0ABAAAA81B1E58CB00E
:104E6000D874B5FC7BB3F06CB2FDA4A4A482ADDD14
:104E700078AAE19999CC6DAEF361ACFC78A8DB9986
:104E8000999967A7EC6DA6E459A7FC6B9ED5619B29
:104E9000D957A1F04CA1FD8B8BC55C9CE2439CFCD7
:104EA0005E98D84797ED3399FF5694D84B93E141DC
:104EB00096F17C7CBE4D8DD43399FF3989E0318BDE
:104EC000ED7575BA278DFC2B8AF2248CFC3787DFB1
:104ED0003187E46A6AB52287F51685FC1282FC32B6
:104EE0007FD36565B21B7BE40A7EFC0A7BF60978FA
:104EF000EF1972D35858AC1374DC0977EE0973E6D6
:104F00000970DF0F6ED45454AA096EDC096BD64ABF
:104F10004AA54444A244448F3D3D9E3333993030EA
:104F2000832020902020791A1A8F1010881010707A
:104F30000C0C8400008200007F00007500006600F9
:104F40000056000043000033000021000000000074
:104F50000000000000000000000000000000000051
:104F60000000000000000000000000000000000041
:104F70000000000000000000000000000000000031
:104F80000000000000000000000000000000000021
:104F90000000000000000000000000000000000011
:104FA0000000000000000000000000000000000001
:104FB00000000000000000000000000000000000F1
:104FC00000000000000000000000000000000000E1
:104FD00000000000000000000000000000000000D1
:104FE00000000000000000000000000000000000C1
:104FF00000000000000000000000000000000000B1
:1050000000000000000000000000000000000000A0
:105010000000000000000000000000000000000090
:105020000000000000000000000000000000000080
:105030000000000000000000000000000000000070
:105040000000000000000000000000000000000060
:105050000000000000000000000000000000000050
:105060000000000000000000000000000000000040
:105070000000000000000000000000000000000030
:105080000000000000000000000000000000000020
:105090000000000000000000000000000000000010
:1050A0000000000000000000000000000000000000
:1050B00000000000000000000000000000000000F0
:1050C00000000000000000000000002C00000000B4
:1050D000FE023A000008FF0001081C48B0A0C1838E
:1050E00008132A5CC8B0A1C38710234A9C48B1A208
:1050F000C58B18336ADCC8B1A3C78F20438A1C490B
:10510000B2A4C9932853AA5CC9B2A5CB973063CA8D
:105110009C49B3A6CD9B3873EADCC9B3A7CF9F40A7
:10512000830A1D4AB4A8D1A348932A5DCAB4A9D35F
:10513000A750A34A9D4AB5AAD5AB58B36ADDCAB5F4
:10514000ABD7AF60C38A1D4BB6ACD9B368D3AA5DE9
:10515000CBB6ADDBB770E3CA9D4BB7AEDDBB78F322
:10516000EADDCBB7AFDFBF801F06183CA0B0E1C3BC
:1051700088131B1E4C587161C601024B9E4CB932FC
:10518000DB00862D6BDECCB9B3C9063E428B1E4DCB
:10519000BAB4E9D3A5450C8000614064CFB063CBBD
:1051A0009EBDB0C89A336672EBDECDBBB7EFDFBBF6
:1051B000452CD800C1C000DAC8932BB7FC808C996D
:1051C0003060A24B9F4EBDBAF5EBD2A700A8F0A16C
:1051D000F8F1E5E0C38BFFAFEB434D982FE8D3AB7D
:1051E0005FCFBEBD7BF52C067CD8B0A030ED052886
:1051F00078F0A85182018AFF00A260C07F0B08B43A
:10520000C17F002CC0030A1B55C043050E0D500181
:10521000841529C8E0781866C85002CE8181DE1650
:10522000208628E288249668E21655240041091554
:10523000D4F75D6C0AF2F0020A353CA8DF8DFAC59E
:10524000C8E000370230E0060D3EE8908516FDA864
:10525000E1914812B4821A6568A103070A4429E55E
:1052600094545669E59551CAC72202F6C9E6600D05
:10527000DF55F05D7E14C6C883011FF468E4762E06
:10528000E857C2801F5420E080FA092850052FEC0F
:1052900007A183100EB0418D2F4060609E3554D021
:1052A000660D284C98E8070CD2B9A001001CF84103
:1052B0008D280CB0A6A16E6E57E38249762A9B1505
:1052C0006730E1C049ABA1B04104C6BD169B83FA6B
:1052D000B9F001A40291FF299099256CCA43829CE0
:1052E00042B0DF06699AC9C302799650828C00E801
:1052F000FA4205352EC067A40B6EB09F9F32CA8953
:10530000C2A189B2AA1F00C10EFB0200F921AA5F47
:105310008BB9EE9AA6832E705783A7E872A6811ADE
:10532000421040EA028CB6D8E56CCEE25820B74273
:10533000E28A429E3CA4792B91C3526880822ECC93
:105340004A2CB6BF0ECB2299CBD6B8C106792E50C7
:10535000E3770373BA1D0F40E2BA2DC2F8FDCA2CE1
:10536000B80C062C90015FB2F862BA284BB6C4158F
:1053700002A0640004AE7A77326C860DF76DACF94A
:105380005AF8A5AEFF729ADFBDFA1A7CE1CFF9B9DF
:1053900000E08442D609A001D70E44E4C5655A4C0A
:1053A000B4C77C12F9F34003E4A71F982977FD578F
:1053B000026A6080D200081C489F71C8E1D92204AB
:1053C000355228ABBE12421063D069965058094F2F
:1053D000F37826D33CC8FFC783DD12220D619E7D82
:1053E0006E6000E109D2C7830B852D0B80DE06F0CD
:1053F0009D35D50F1259F7DD130E20B1C75E77AE7C
:10540000970F5718E4D8E8F3624D3A7E25C89C36CA
:105410008E0B8E99B3C5B8F6BC23BF39C25EAF7E82
:10542000400E40FB83CBB26DAFEF75EACD7BBECCB7
:10543000DE08E4D55573AA3B8ED62EEEF9F3770538
:1054400040C60C05916DC105D867AFFDF6174890B1
:105450004041064CC0BD041290ECC2060CA49A1C3C
:10546000C91302ED637D02690EEBE30B14287FFC88
:10547000135660DC02F327D83ED6F96B8DE6BE13D7
:10548000B816E12F738F9B50E4E0E7B4FFBDEF380F
:1054900003BC5F0215B89AFC41EF827411811A486F
:1054A000003E1BA0010D6408A108474842328880D5
:1054B000209A730208490805346DA974188CA10C50
:1054C000671811289C8183043180129814861EFA73
:1054D000F08740A482BBFF0662800EACC10C650061
:1054E0002209E0E41D55D1F089508C220024A00649
:1054F00033C8A07A1AF08287DEB31E10A07001476D
:1055000030CF7AB4530116B9488A684C23068B70A1
:10551000863050C18902D14016B8A89E2A0C716409
:1055200016108319B6981E130C4058AA53A32007CF
:10553000892E0EED110C1E38480398C0C7F7B0E055
:105540008B36584319D6A3050244C054FC9B19213D
:1055500037C949F0C08049E8A142010E5200213408
:10556000B23D0D406104B8708653EA00001F78A177
:10557000263B49CB5A76660057D8637A7280100171
:10558000F4E094EA1902F84E2049F6500001A642D0
:10559000956B6CC9CC666A2604A04C0F18A887903E
:1055A0001900133D1CF8E20ECFA39E24444A96CE68
:1055B0000CA738FFB28436AE070C2A80E340ACC992
:1055C0009E24B48C881740832ED503823F76477D76
:1055D000E3CCA73EE942FFC579AA270C3350A74088
:1055E0007EB91E137C710762ACA300CA28AF59EEC6
:1055F000F3A110354B39B9C99E30F460940639C017
:1056000015F8A80505E47002AC3CA50C020048E3BF
:105610003834A2284DE9561050C56BA2070C48C07B
:10562000280A433049F4BC922008484131D7A300EE
:10563000FC9C6D992A0DAA50B30203737211A6DF68
:105640002B0802368A1E0A7CD109AD5C8F116009D5
:10565000CEA15AF5AA50198017FCF91E30442195A5
:1056600039BCC124A79AC30EC8F3941C8093320599
:105670008AD5B6BA35281E88261DBFE0D53BFA2844
:10568000057BF422D616008484A6878C6684E15BB1
:10569000074BD89DD8D0A5EEF128115370862CD891
:1056A000357C7A3C657C4A704FC116F6B2988D897C
:1056B000073CC081CE7AF6B3A0E58053B186001BCB
:1056C0009CE18AA48DC14ED3B3050240009368CB00
:1056D000AC6C675B9414FF9E01ACF15B4048D7F360
:1056E00003AA42804B27A5AD70874B130358000DCA
:1056F00048502A31CD60CC1FA50FA8C48DAE74636D
:1057000032B0308A6DAF4EF02B7ABCB981AA4EF719
:10571000BBE075D902549BDCB29E753D1CB067138B
:10572000C3CBDEF68264000CD8C16D1299C3206829
:10573000F70B806DA87BF7CBDFF891EEBF0858819F
:1057400012849083C81CC60037E8410F74C06006FD
:10575000A7F703950D6E7F272C5BCDD52F0218CEB2
:10576000B08637CCE10820E0002066C086F957807B
:10577000129B986425A08F6529CCE2CC6AAE020FFB
:105780008B65090244E31A07485833B6310A70CCD6
:10579000E31407B2C5409EADA5EAC79AFC19F9C843
:1057A000484EB292939C490907F9C96D2D4CE4A665
:1057B0004CE52A53190158CEB296B7CC65044CF982
:1057C00031500EB38BFF4BE6323B86AD624EF35544
:1057D00021C3E636BBD91CCC87618C9AE74CE73AEB
:1057E000DBF9CE78CEB39EF7CCE73EFBF9CF80361F
:1057F0004A4000003B2F53544D3332463478375FD4
:1058000066696C65732F73746D33322E6A7067002E
:1058100000485454502F312E3020323030204F4B1E
:105820000D0A5365727665723A206C7749502F31B4
:105830002E332E312028687474703A2F2F736176BE
:10584000616E6E61682E6E6F6E676E752E6F726719
:105850002F70726F6A656374732F6C776970290D8E
:105860000A436F6E74656E742D747970653A2069A1
:105870006D6167652F6A7065670D0A0D0AFFD8FFB5
:10588000E000104A46494600010101006000600046
:1058900000FFDB00430008060607060508070707A8
:1058A0000909080A0C140D0C0B0B0C1912130F1418
:1058B0001D1A1F1E1D1A1C1C20242E2720222C23DB
:1058C0001C1C2837292C30313434341F27393D38FB
:1058D000323C2E333432FFDB0043010909090C0B43
:1058E0000C180D0D1832211C213232323232323274
:1058F0003232323232323232323232323232323288
:105900003232323232323232323232323232323277
:105910003232323232323232323232FFC000110889
:10592000017E030003012200021101031101FFC4E3
:10593000001F00000105010101010101000000003C
:10594000000000000102030405060708090A0BFF16
:10595000C400B5100002010303020403050504049A
:105960000000017D010203000411051221314106EE
:1059700013516107227114328191A1082342B1C1F0
:105980001552D1F02433627282090A161718191AB7
:1059900025262728292A3435363738393A434445CD
:1059A000464748494A535455565758595A636465AF
:1059B000666768696A737475767778797A8384859F
:1059C000868788898A92939495969798999AA2A3A4
:1059D000A4A5A6A7A8A9AAB2B3B4B5B6B7B8B9BAD0
:1059E000C2C3C4C5C6C7C8C9CAD2D3D4D5D6D7D8EE
:1059F000D9DAE1E2E3E4E5E6E7E8E9EAF1F2F3F433
:105A0000F5F6F7F8F9FAFFC4001F010003010101E0
:105A10000101010101010000000000000102030476
:105A200005060708090A0BFFC400B51100020102B0
:105A300004040304070504040001027700010203C3
:105A4000110405213106124151076171132232817F
:105A500008144291A1B1C109233352F0156272D1E9
:105A60000A162434E125F11718191A262728292A9D
:105A700035363738393A434445464748494A5354FE
:105A800055565758595A636465666768696A7374EE
:105A900075767778797A82838485868788898A92F1
:105AA000939495969798999AA2A3A4A5A6A7A8A916
:105AB000AAB2B3B4B5B6B7B8B9BAC2C3C4C5C6C73B
:105AC000C8C9CAD2D3D4D5D6D7D8D9DAE2E3E4E567
:105AD000E6E7E8E9EAF2F3F4F5F6F7F8F9FAFFDABF
:105AE000000C03010002110311003F00F7DA28A2A5
:105AF000800A28A2800A28A2800A28A2800A28A256
:105B0000800A28A2800A28A2800A28A2800A28A245
:105B1000800A28A2800A28A2800A28A2800A28A235
:105B2000800A28A2800A28A2800AC0F1BF8864F0F7
:105B3000A783752D6E1852696D6305237242962CEA
:105B400014671DB9ADFAF2AF8F1A9EB965E0F8ED92
:105B500074CB113D8DE33457D2F95E6796BC1518AE
:105B6000ED939F9BB102803A7F879E3CB2F1EE811C
:105B7000F6D854417B0909776D9CF96DD88F553D56
:105B80008FD476AEBABE2481BC55E0A8E1BD81EFCA
:105B9000B49FB7C6423293199147B75FE2E3EB91E6
:105BA0005EBBF067C1FAEEAFA85AF8CB57D6EE65E8
:105BB000B34DC6DE2FB5348D2BF2A77F3C01CF0746
:105BC000AFD3A807BF5145140051451400514514E7
:105BD000005145140051451400514514005145141D
:105BE000005145140051451400514514005145140D
:105BF00000514514005145140051451400514514FD
:105C000000514514005145140051451400514514EC
:105C100000514514005145140051451400514514DC
:105C200000514514005145140051451400514514CC
:105C300000514514005145140051451400514514BC
:105C400000514514005145140051451400514514AC
:105C5000005145140051451400514514005145149C
:105C6000005145140051451401E7BF15FE233F8044
:105C7000747B616704736A57A596012FDC8D571BEF
:105C8000988EFD46057056F0FC72D474B8F5D83580
:105C900024092C6268ED47941D948C8C26DC723BA1
:105CA000139AEFFE2A7C391E3FD2AD85BDD476DA39
:105CB0008D91630349F71C3632AD8E4741CD79840F
:105CC00012FC68F005B2C02DA6BED3EDD4051B169C
:105CD000E91547A15F9C0FCA803A0F05FC56F127D2
:105CE0008BF40D6B488ADE21E2AB5B632D9C91A2A5
:105CF000A89B0C01055BE50C323D8FB62B9ED7FCB3
:105D000063F1A3C2FA70D4359296B6A6411890C139
:105D10006EDF31C9030B93D8D767F0B3E2969FE2E9
:105D2000CD59F4BBDD1AD34ED64A332496E802CCC3
:105D3000072C3D41EF8C9CE0D4DFB42FFC9378BF5F
:105D4000EC2117FE82F401C5E8BE2AF8DBE22D2A19
:105D50002D4F4A097167296092086DD738383C1C6D
:105D60001EA2A4F88BF13FC71E14D72C34E8AFA3B2
:105D7000B794E9B6F2DCA1B78DB13329DFCE0F714C
:105D8000DB8AF42F81BFF24A34CFFAE937FE8C6AFE
:105D9000F2CF8C50C773F1C34C82650F14A9688E83
:105DA000A7BA97208FCA803D6FE11F8D2E7C6BE0D4
:105DB000EFB4EA12A49A95B4CD0DC1550BBBBAB697
:105DC0000703838FC0D70BF17BE2C6BBE1AF17A6F9
:105DD0008FE1EBC8E0582056B92D0A49991B903E37
:105DE000607185C7E758DF0D6FC7C39F8B1AE786C1
:105DF000F5097CBB29048BB98E07EEC178DBF14C29
:105E0000FE62B911692F8BAC3C73E35BC42562DB86
:105E1000E56EECF24AB803FDD418FC45007B5781CF
:105E20003E235E4DF0A750F15F8967FB4C9693C807
:105E30009FBB8D50B80142A0000192CD8CFBD6C50E
:105E4000ADB7C48D4ED13507D6348D2E49577A69FA
:105E5000DF6133040790AF216073EB815CDFC09D8D
:105E60003ACF55F85735A5FDAC5756EDA83B18A5C8
:105E700040CA480841C1F420577BE269FC5F0ED15B
:105E8000E19B0D2AE17CB3B9AF677460FD800060CF
:105E90008C7A9140193A47C413FF0008CEBB7BE2CD
:105EA0000B45B4BFD02468AFA281B723B0195319F2
:105EB0003D9BB66A0B05F88DAEE9F16ABFDABA4EC2
:105EC0008E2E104B0E9E6C8CE5508CA891CB039CB3
:105ED00075C0E2A9780F4FD235BD1F5FD1B5AB6B4E
:105EE00089B589AEC4BAE5BDE00A5A4382A5761CDD
:105EF000797F2FCB83DABA9F11F8C748F0A470DA04
:105F0000C85EE750946DB5D36D577CF31EC028E88A
:105F10003DCF1401CA47A7587C54B5BCD0FC63A739
:105F2000FD9B5BD0AE024C6CE5214EF5C874273F5B
:105F30002B01D0FA0AEF3C3FE1FD3BC31A2C1A4E6D
:105F400095098AD21CED05B249272493DC93583E6B
:105F500004D0753B27D575FD75238B58D6A659A55A
:105F6000B78DB72DBC6A311C79EE40EA6BB1A00E3B
:105F70002FE276B9AAE83E1CB39B47BB5B5BAB8DB7
:105F8000460B532B44B26D57241E1B8F4A69F0D722
:105F90008EFF00E8A12FFE09A1FF001ACEF8D2F271
:105FA00047E11D35E18BCD95758B5291EEDBBCE45D
:105FB000E067B67D6AF1F13F8F3FE89D8FFC1CC31F
:105FC000FE14015AC7C41E26F0E78D34DF0EF89E7A
:105FD000E2D752B6D555FEC7A8DBC3E4B091064A56
:105FE0003A0E3A771EBF977B3DCC16B1F99713C78F
:105FF0000C7FDE91C28FCCD796E897779E27F8A5C5
:106000006EDE2C87FB2751D2207974ED247CE1C30E
:106010008C34DE6F47F4C0E98F63585A47887C118F
:10602000E23D5F52D73C73AADA4D71F69921B1D3A4
:10603000AEB73456B029C03B3182CD8C926803DCB8
:10604000629629E3592191248DBA323020FE22B97B
:106050003F87DAEEA1AF596B526A332CAF6BABDCE2
:106060005AC44205DB1A11B471D7EB5C3E9BAF7882
:106070005744F887A32782B5485F4FD5A46B6BFDC3
:106080003602DE5A3E331CAAA78539E0E2A845E273
:106090002B8F0E7C3AF13C96974B697379E28B8B90
:1060A00034B93FF2C03B0DCFF8283401EDCD7D6609
:1060B0009722D9AEE059CF488C8031FC339AB15E3B
:1060C0003502FC138F4BFB1CF7DA75CCACBFBCBCA4
:1060D00098B9B876EEFE66320E79E0D4BE1CD4755F
:1060E0000F12FC3FD7B43B1F1322A69D79F668F52B
:1060F000999C82D6670C0EEFEF6DCAE6803D5FFB80
:1061000046C7ED3F67FB65BF9F9C795E6AEEFCB3B7
:106110009AB35E3F7507C1B5D324D3EDA1B2BB9846
:1061200046555ECA179EE0B63822440496CF39CD54
:10613000514BCD7B5DF813A05C62FAF635BA55D4AD
:10614000D2D98FDA26B44919580239270173DE8073
:106150003D9A2BFB39E66861BB824957AA24AA58AD
:106160007E00D675DA6B67C55A6BDADCDBAE8C2144
:1061700097ED90B63CC77C7C8578E83BF22BCD64EC
:10618000B3F859E22D3BEC9E1EBBD3B44D6D71F6B6
:1061900049B6B5B4F0CA3A67382DEE39CD6EDFA5F1
:1061A000D45F173C1315E4CB2DCAE9974269106DF3
:1061B0005770A32C076C9E6803D0A5B882189A5913
:1061C000668E38D782ECE001F8D105C4373109601A
:1061D0009A39633D1A360C3F315E43F0DBC1F61E3F
:1061E00020875ABED753FB42DE2D62EA3B5B39CE95
:1061F000E8633BBE672BD0B1C81939C01C5698D292
:106200006CBC19F1774587438859586B169702EE95
:10621000D223888B44A18385E80F6E3FAD007A5569
:10622000C5D5BDA47E65CCF1429D3748E147E669FE
:10623000CB2C6E88E92232BFDD21810DF4F5AF3021
:10624000F04E8363E3EB49FC61E27B64D4A5BCB808
:10625000952CEDEE3E68AD60572A1550F1938249BA
:10626000AA1E23F0BC1E19F88BE0B3A4335BE937F8
:106270005A8B3358AB1F2E2982FDE41FC2181E40D3
:10628000E381401EC04850492001D49A504119076B
:1062900020F71505E5A437F633D9DCA6F8278DA33A
:1062A000917D548C1AE2FE185DCF6DA66A1E14BF54
:1062B00090B5F681726DB7375780FCD13FE2BC7E56
:1062C0001401DD6E5DDB723775C679A824BFB38A11
:1062D000E04125DDBA4C7A46D2A863F86735E33A47
:1062E000A6B77F3C9AF78AF4D97CBB9D4EFE2F0E51
:1062F000E8D31E445186C3C8BF560D83EA2BBAB4F7
:10630000F855E0F834DFB2DD68F0DF4CCBFBEBCBC7
:10631000ACBCF2B1EAC5C9C827D88C500766485052
:106320004B1000EA4D2F51915E27AADC5E68FE15E6
:10633000F881E0DB9BA9AEA0D32D12E2C2699F7465
:10634000820939084F7DA7806BD6F40FF916F4BF88
:10635000FAF387FF004014017F7A7CDF32FCBD79BD
:10636000E9434889B773A8DC70B938CFD2BC6B5207
:1063700063F66F8C5C9E163C73D3F735D1F833C04F
:10638000D6777A7E91E24D7CC9A86B2D0C53C2CF93
:1063900023797683682891A0381818E4E7272680A7
:1063A0003D12A0B8BCB5B400DCDCC306EE9E6C8127
:1063B00073F9D65F8C35C6F0D784355D65103C9691
:1063C000B6ECF1A9E85FA2E7DB2457857C38F87AC0
:1063D000BF1460D43C4DE2CD4EFA72D3986311C81D
:1063E000012C0024E48380320002803E8E47491055
:1063F0003C6EAE8DC865390691658DC90B22311D85
:1064000070C0E2BC9BC03F0FBC5BE04F19CC96FA5A
:1064100084573E1694B298E498EFC632AC13180C29
:106420000E01C7519AF23F07685AB78AFC79ACE867
:106430003A7EA52585B5CB4AD7B32E49F2564FBB38
:106440008C8CE495E33401F5A417105CA17B79A34F
:106450009541DA4C6C1803E9C5462FECDAE3ECE21F
:10646000EEDCCFFF003C84ABBBF2CE6BE79F880B2A
:106470003FC25F095B783F42D4EE0FF6A4D25D5C69
:106480005D1011D530ABB011D012393D78C57337DE
:10649000FA5FC3187C30F269FE28D45FC451C7E6A6
:1064A0002C8D0388E49473B71B3804F00E78EB400E
:1064B0001F5A5559752B0B797CA9AF6DA393FB8F90
:1064C0002A83F9135E31E06F13EBFE33F845AA58C7
:1064D0008D6E1B0D4AC1D617D4EE9C8DB0119C96C3
:1064E000ECD80573FD6B908F40F85BA6F87EE175E4
:1064F000CF1349AAEBAFBC896C0C8CBBBF842FCBEC
:1065000083DB249A00FA78C88103975087A3678AAF
:10651000F2EF87BF15AF7C61E2FD4B46BDB1B3B56D
:1065200082D2277596373962AE140E4E3A1AE03E83
:106530000B69E3C6BA0EBFE16D62EAE9F4B4304F0D
:106540001A472E0C6DB9BEE939C038191ED5CFFCDB
:1065500030F03E93E2CF1CEADA46A4D742DAD629DD
:106560001E330C815B2B22A8C9C1EC6803DCAF5B36
:10657000E217FC2CA8C5ACF663C29E6C7B9098BC5D
:10658000CD9B06EEBF37DECD77A92C721C2488C4C4
:10659000765606BE74D6018BF6A2B38559B62DCDBC
:1065A000B2804F610AD374D07E1CFED12D66498F14
:1065B0004ED42528809E3CB9B95FC9F03F0A00FA45
:1065C00035E58E3C6F91173D373015C1DB37C42F51
:1065D000F8596FF68B8B3FF844FCD7C2031799B379
:1065E00061DBFED7DEC579B789037C42FDA1ADB47E
:1065F000852CFA7E98CB1CA01E36C7F3C9F9B1DBF7
:10660000F9557B3885DFED3D7B69233F952CD7110C
:10661000B056C70606071F9D0077DAB7C55BDD3F9A
:10662000E2D5B78423B2B37B2965850DC973B8075A
:106630005049EB8E335E9DF68872079D1E4F4F9C2E
:10664000735F296B5E05D22C3E36DA784E16BA3A65
:106650006CB3408C5A4064C3A827E6C7BFA5751F1A
:10666000197E1F5B785BC33A26A3A21B81169EE6A8
:10667000DA4777DCF8662E8C4F1D18B0FC45007D9C
:1066800010582A9662001D4934892248094756034A
:10669000FBA735E1DF12FE202EA3F04F499A093106
:1066A00075AE058E50A791E5FF00ADFF00C7801FB6
:1066B0008D77DF0A7C347C31F0FF004FB7954ADDDF
:1066C000DCAFDAAE33D7738C81F82ED1F850076B7C
:1066D0004514500145145001451450014514500112
:1066E0004514500145145001451450014514500102
:1066F00045145001451450014514500145145001F2
:1067000045145001451450014514500145145001E1
:1067100045145001451450014514500145145007CB
:10672000907C6CF006B3E24167ADE81E64D756B1C9
:1067300098A6B647C33A672197D4824F1D79F6AC25
:106740002B3F8DFE2EB0B24B1D43C157136A31A8AB
:106750004326D923DE471929B4F3F435EF945007C3
:10676000827C28F037886EFC7771E37D7EC4E9CAAD
:10677000CD2CB140C9B19E49339C27555018F5F630
:10678000AEB7E3BE9D7BA9FC3E8ADEC2CEE2EA6FD5
:10679000B746DE5C11976C6D6E703B57A751401C7D
:1067A0000FC19B2BBD3FE18E9D6D7B6D35B4EB24FE
:1067B000DBA2990A30CC8C4641E6BCE3E29685AB7D
:1067C000DEFC6BD2AF2D74BBD9ED53EC9BA68A06D1
:1067D000641893272C0638AFA168A00F9FFE3F785E
:1067E0002AFEF35BD3F5ED22C2E6E9E788C172B673
:1067F000D13390CBF758803B8247FC06B51BC1B71D
:106800007A27ECE173A6C565349A9DE225CCD024A5
:1068100065A4DED221DBB47390A00FC0D7B651407F
:106820001E13E08F0AF8867F82B3D9DA457361AC14
:106830005BEA9F6CB78A70D099766D3B4E71C30C42
:106840008F4CD7790FC52D292054D4B4BD6ACB52B3
:10685000030F64DA74AEFBBB852A0AB0F439AEEAE2
:106860008A00F2296E3C49A6DA78ABC7A9A2DCC33C
:10687000A8EA490DAE9BA7188C93222FCA249157E2
:106880003CF3BB1DB18A3C2BE20F0FF86A269CF843
:106890007FC5579ABDC0DD79A8CFA4C8D2CCFDF979
:1068A0003D17D14715EBB4500617877C556DE2565E
:1068B000B816FA76AB69E40527EDF66D06ECE7EE5F
:1068C000E7AF4E7F0ADDA28A00E0FE2C59DD5F783B
:1068D000774A8ED2DA6B874D62D5D96242C428637B
:1068E0009240EC3D6BBCA28A00E07C5967711FC5E9
:1068F0002F04EAB0DACD24086E6DAE258E32C23098
:10690000C836EE23A0C93D6B2B45BC1F0D6EB50DDF
:10691000175CD32EA4D21EEA4B9D3F51B7B569D068
:10692000239C98DF6825581CF6E6BD4E8A00E0B42B
:10693000ED7B52F14F8AAC5B42B19EC7C3D6BBA47C
:10694000BCBCBBB3F28DD363E58E30E37000F25B69
:106950008FF1E5ECBC23AAEADE06F114105BBC1A49
:106960009C1E249B51B15B842A25647057AF661925
:1069700000F4AF65A2803CFA2F897A325A84BFD0E6
:10698000757B6D542E1F4F1A648EE5FB8560BB48E6
:10699000CF439AE7FC45A6F8B357F05DBEA3AC69B8
:1069A0008D7110D612F67D0E0450EB64B9C4476F9A
:1069B000DF6EE41FE95EC345007031F8F74FBAB2ED
:1069C000FECEF0968B7F36A0EBB2283EC0F6F140AB
:1069D0004F19919805551DF193C715CB784EEBC50E
:1069E0007E1DF0169F6B61A4DF35CE8B7AE354B227
:1069F0007B6C35D42EEC730B37DE2383C7AD7B3D28
:106A00001401E59E28F15F85FC57A1DD69F17873DB
:106A100051D57539E22915B369722491C846012E02
:106A2000CA0260F39CF6A34BD1359D3BC65F0FE3D2
:106A3000D45269E5B2D26E22BAB800BA23ED185228
:106A4000FD33DBDF15EA7450070DF0B2CEEACB411F
:106A5000D592EEDA681DF59BA9156542A594B0C3E1
:106A60000CF63EB4788ACEE66F8B1E0EB98EDA57DE
:106A7000B6860BC12CAA84A26E4006E3D066BB9AF0
:106A80002803CC7429757F86A6EF43BAD0751D4FB5
:106A900043FB43CDA7DE69B179CD1A39DC6391336D
:106AA00091824F3EF595E20D4758D73E217826FE5C
:106AB000EB4D9F4BD3575068ED6DAE8013CA76E512
:106AC000A46504EC0000003CF535D42E83E30F0DE3
:106AD000EA57D27872F6C350D36F2769FEC7AA4926
:106AE00022BDBBB750922E72BEC4714FD33C2DAEA7
:106AF000EA3E2BB5F1278B2EEC8CB611BA585858BC
:106B00000631425C619D99B966C71D2803B8AF295B
:106B1000F89C353F0DEBB6DE20D0A3DF73AC5BB63F
:106B20008B32038CCAFCC327B9073F90AF56AE2EF9
:106B30000F0C6BFAA78AECB56F135F69F25AE98CF8
:106B4000EF6369631B80646E0492163C903A01DE29
:106B5000802BEBBE0291FE1AD8681A33A25F6946F9
:106B60001B8B377E15E78CE79FF7896FC4D107C56C
:106B70002B08AD563D5B47D6ACB5651892C069F29F
:106B800048C5FB84651B581EC735DE51401E570F94
:106B90008475AF11E87E32D5B52B6FB16A9E208027
:106BA000436967230CC1122FEED5CF6663D7D2AFEE
:106BB000681F11ECED342B2D3751D235A875AB6819
:106BC00012092C534F91D9DD46DF9580DA41C70475
:106BD00091D6BD1A8A00F13B5D3BC413681F146453
:106BE000D4B4B9A2BDD411648A1442FBB746484557
:106BF000207CE5410A71DC1AF58F0CC6F0F853478A
:106C00008A5464912CA15646182A420C823D6B523C
:106C10008A00C9F13E871F897C31A8E8D2BF96B7A8
:106C2000903461F19DADD41FC0806BC23C1FAFF8A2
:106C3000AFE100BED0B56F0ADE5FDA493196192D9B
:106C4000F3B77600255829054803D08AFA368A001A
:106C5000F1CF87A7C7FE28F1ACDE23D6E4BFD2F47C
:106C60002059E2D3E47654724615421E4A8EA4E0BF
:106C7000648AC5F831A2EABA7FC4ED7EE6F74CBC5F
:106C8000B6824866092CD0322B13329182460F15FA
:106C9000EFB45007947C6DF87F7FE2ED32CB52D198
:106CA000E3F3B50D3F703003CCB1B60FCBEE08E97E
:106CB000DF26B931F11F546D2174D8BE18FF00C40E
:106CC000FF006795E69B2CA6FE9BF66CCFBE338F2C
:106CD0007AFA0E8A00F0EF14F84BC67AAFC1C29769
:106CE00056B6FF00DAEF769753D8D8DBA467C90011
:106CF000808427DF60486C7E03A564782FC4B2E9E6
:106D0000BE138F40D2FE1CDE4BE2011BC66E8DB05F
:106D10000A5CE7E77761918CF43C71D6BE88A2806B
:106D20003C1BF67BD2354D1F57D79353D32F2D0CD9
:106D300090C5B1A7819036D66CE091CF515CC787E2
:106D4000DBC55F0C7E20EAD7AFE13BED404FE6C4E8
:106D50003CB8DF6B2B3860CACAA41E83F3AFA828E7
:106D6000A00F9F755D1B579FF691B4D5174ABDFBC9
:106D700011B8B7769C40C635FDCAE7E6C6383C5622
:106D8000E7C7BF09DF6A76DA4EBFA45ACF3DF5A444
:106D90009E4BADBA177D87E656C0E78607FEFAAF71
:106DA00066A2803C5FE03F85751B36D67C47ADDA36
:106DB000DC437F7727929F698CA3919DEED83CF2AC
:106DC000C47E5593A6689AAA7ED313EA4DA65E2D7B
:106DD00089B9948B930308F061201DD8C75E2BDF1F
:106DE000A8A00F9DFE26E93E22D17E31DB78B2CBF2
:106DF00043B9D42D51A09A330C6CEAC51402AC549B
:106E00001DA78FD6BD5D164F891F0CE78B52D3642B
:106E1000D365D461913ECF367744C18EC63900F533
:106E200001BA57635C57C43F086B9E2C86C5345F1C
:106E300010C9A4180C9E694671E6860300ED23A6CE
:106E40000FE7401F397C3ED02F7C51E3AD2BC3B7F9
:106E5000ACCF65A74D24D3444E5635520B8FF81353
:106E6000003F1AFB0BA74E95C0FC35F8616BF0FE96
:106E70002BA9DAF0DF6A57402C93ECDAAAA0E76A74
:106E80008C9EFC93DF02BBEA0028A28A0028A28A1B
:106E90000028A28A0028A28A0028A28A0028A28AA2
:106EA0000028A28A0028A28A0028A28A0028A28A92
:106EB0000028A28A0028A28A0028A28A0028A28A82
:106EC0000028A28A0028A28A0028A28A0028A28A72
:106ED0000028A28A0028A28A0028A28A0028A28A62
:106EE0000028A28A0028A28A0028A28A0028A28A52
:106EF0000028A28A0028A28A0028A28A0028A28A42
:106F00000028A28A0028A28A0028A28A0028A28A31
:106F10000028A28A0028A28A0028A28A0028A28A21
:106F20000028A28A0028A28A0028A28A0028A28A11
:106F30000028A28A0028A28A0028A28A0028A28A01
:106F40000028A28A0028A28A0028A28A0028A28AF1
:106F50000028A28A0028A28A0028A28A0028A28AE1
:106F60000028A28A0028A28A0028A28A0028A28AD1
:106F70000028A28A0028A28A0028A28A0028A28AC1
:106F80000028A28A0028A28A0028A28A0028A28AB1
:106F90000028A28A0028A28A0028A28A0028A28AA1
:106FA0000028A28A0028A28A0028A28A0028A28A91
:106FB000002B3353F1168BA2FF00C84F55B3B43FDB
:106FC000DD9A6556FCBAD79FFC57F88575A0B26864
:106FD0003A34BE56A12C7E65C5C8E4C119E817FD38
:106FE000A3FA0AF0F86D2E6FA769897791CE5A59E6
:106FF000096763EA49E69D8DA9D173D4FA821F1F00
:10700000F84677091F88B4F2C7D6603F9D6EDB5EF5
:107010005ADEC7E65A5CC33A7F7A270C3F4AF95AD0
:107020002D02E48E58D59B7D3F51D365135A4D24D4
:10703000320E43C2C50FE629686AF0AFA33EA6A28E
:10704000BC2746F8A1E22D21963D442EA100E0F98F
:10705000C36C807B38EBF8835EA3E1EF1D689E2252
:107060000B1C171E45D9FF009769F0ADF8766FC26B
:107070008309D29437474B45145066145145001488
:107080005145001451450014514500145145001458
:107090005145001451450014514500145145001448
:1070A0005729E23F885A178737C524FF006ABC5F1B
:1070B000F977B721883FED1E8BF8F35E59AD7C510F
:1070C000F136B2CD1D811A7DB9E8B6E32F8F773F37
:1070D000D00A76348529CF647BB5D5F5A5847E6545
:1070E000E5D416E9FDE9A4083F5AC397E207846195
:1070F000728FE22D3C11E9303FCABE73B8B0D4752F
:10710000094CD7323CB21E4BCAC5DBF3355E4D0A83
:10711000ED4643353B2EE742C23EACFAA34CD7B412
:107120008D6573A66A769778EA2199588FC0735A4D
:1071300015F1C6CBBD36E92E11A48668CE526889FA
:107140004753EA08AFA17E1778EA5F13E97259EA5C
:107150004EADA95A63748063CF43D1F1EBC60FFFE4
:10716000005E871B6A655683A7A9E854514549808C
:107170005145140051451400514514005145140067
:107180005145140051451400514514005145140057
:107190005145140051451400514514005145140047
:1071A000514514005145140051451400514557B93B
:1071B000BD86D702424BB7DD451963F850058A2AD0
:1071C00080D498FF00CB9CA07FBCB9FE75226A30AA
:1071D00031C49BE23FF4D1703F3E94016E8A40413E
:1071E0000082083DC52D001451450014514500147E
:1071F00051450014514500145155EF6ED2C6CE5B77
:1072000099012B1AE703A93D80FAD004ECCA8A59E8
:1072100098281DC9C0A8D6EADDBEEDC447E8E2B98A
:107220008FB3CB7EE26D40F9D21E4459FDDC7EC0A7
:1072300077FA9AB6BA642579B5871FEE0A00E8474F
:107240002323A51580962D6E736D24B01F446CAF5B
:10725000FDF278AB51EA3730605CC4254FF9E91094
:10726000E47D57FC2803568A8E19E2B88C490C8AB3
:10727000EA7B8352500145145001451450014514D6
:1072800050014514500145145007CBDE302FA97C26
:1072900042D6E490924DEB463FDD40140FD2B774D6
:1072A0008D2E34894951543C4D6DF65F883AD23069
:1072B000C7FA6B38FA300DFD6B7ACE7548073DA9D9
:1072C000499E9525EEAB1756DA2418C0A1ADE161B1
:1072D000D0564DDEABE59C03CD554D65B3D2A6CD62
:1072E0009DD4F0B292B9A771A5C5283F28AC4BAD8B
:1072F0000CA1DD1E463915A90EACAD8C9C55C5B947
:107300008E51D41A35429E1E51DD09A17C40D77C96
:107310003E560BB26FED071B266F9D47FB2FFE39C4
:10732000AF52F0FF008C747F11A05B3B8D9718CBA0
:107330005B4BF2C83E83B8F715E513DA45329E057C
:1073400061DD69AF03892062ACA72A54E083EA0FAC
:107350006AA4CE1A9854F55A1F49515E2BE1EF8A60
:107360005A8E92E96BACA35EDB8E3CCE92A8FAF407
:107370006FC79F7AF58D1B5ED335FB5FB469B74944
:1073800032FF00128E190FA32F514CE19D3941FBA2
:10739000C8D2A28A282028A28A0028A28A0028A26D
:1073A0008A0028A28A0028A28A0028AC9D7BC4DA21
:1073B0004786AD3ED1AA5E24208F923EAEFF00EEFE
:1073C000AF535E37E23F8B3AB6BAEF6BA2AB69F6CA
:1073D000878DE0FEF5C7B9FE1FC3F3A695CD29D270
:1073E0009547EEA3D5BC49E39D13C32AC97571E740
:1073F0005DE38B5830CFF8F65FC6BC9B5EF881E248
:107400001F129782DD8D859371E540C4330FF69F7F
:10741000A9FC302B9EB2D29A46F32725DD8E492750
:107420003935BD05AC7128E051A23BE9E112DF56C8
:10743000635AE87920C9C9EB5B5069B14607CA298C
:10744000EF751423922A85C6B2A99D9459B3BE9EA6
:107450001A72D91ACB6F10EC286B68D87005736755
:107460005D937568D86AC273B58E0D27092D59A52D
:107470004C1CE2AECADABE968F1B7CA2A3F86D3C10
:107480009A778CE2552407478D87A8C6EFE6B5ADFD
:107490007B22B427E959BE0D877F8BE275FE1DED77
:1074A000FF008EE3FAD34F43CEAEBF76EE7D196F69
:1074B00027990AB7A8A96AA69DFF001E899F4AB707
:1074C00048F2828A28A0028A28A0028A28A0028A7A
:1074D00028A0028A2B1EF75E8E37686CD3ED128EC1
:1074E0000B6708BF53DFF0A00D59668E08CBCAEAC0
:1074F000883A9638158F71E238B95B285EE1BFBDD6
:10750000F753F3359DF64B8BF97CDBB90CADD81EE8
:10751000157E82B4A1D35401BA80329F50D7A424DF
:10752000FDAADE207A2AC79C558B4D6EFAD4017EC7
:107530008B711E79922E187E15ADFD9D191D2A8521
:10754000D58F95F32D006EC33477112CB13874614B
:1075500090C3BD3EB0F417F2E4B8B51F7462451E87
:1075600099EBFAD6E5001451450014514500145129
:1075700045001451450014514848504B1000EE6826
:107580000168AA12EAB0212B10699FFD81C7E75557
:10759000CEA977DADA303DDE8035E8AA36BA924CE9
:1075A000E22950C521E809C83F4357A800AC4B75F4
:1075B00069E47B86FF00592B139F45EC2B6CF22B63
:1075C0002AC4811AE7B71401692D4639A0DBF1C539
:1075D0003A49C20E2A017673400820780E61631979
:1075E000F41CA9FC2A78AF0121265F2DFB1CFCA707
:1075F000E869AB3ABF5A732238208041EC6802D563
:1076000015457CDB7FF567727FCF363FC8D5986E16
:10761000239B21490C3AAB7045004B451450014562
:1076200014500145145001597AF2EFB2894F433A90
:1076300013F81CD6A5676B4B9D3F7FFCF3911CFD97
:10764000334011D9440FCC6AFB3220ED59B6F38494
:107650005C66A0B9BA24F0680354C91B7A531A3483
:107660006E958A277CF535662BA618C9A00B0F6886
:10767000564F362768A5FEFAF7FA8EF52C7A8B4519
:1076800085BD409E9327DC3F5F4FE5491DC861CD16
:107690003C85614017810CA194820F423BD2D638C1
:1076A000496D18B5A3851DE26FB87E9E9F855CB5B8
:1076B000D462B87F29818A7EF1BF53F43DC5005C56
:1076C000A28A2800A28A2800A28A2800A28A280367
:1076D000C07E2CC06C3C792DC0181736F14C3DC8CB
:1076E000CA1FE42B9F8358FDD019E6BD0BE3869D8E
:1076F000BEDB49D4557EEB496CE7FDE1B97F553FD0
:107700009D78CDBB9E99AA514CF630369475379E24
:1077100073339626A541C55081BA5684678AAB1F3C
:107720004346D6B0FC11D2A449E48CF048A074A022
:10773000AD1637704F72EC5A9B0E1AA76BD8E45EE9
:107740004D6515A61523A52E447254C245EC47A9D4
:10775000AA4809159763AA5FE8D7AB7365712C3205
:10776000A74746C1FA7B8F635A32216EB54A5B7CCC
:10777000F6AB51E872D4C226ACD1EB7E12F8BD6FE5
:107780007812D75E55865E82E907C87FDE5FE1FA30
:107790008E3E95EA30CD1DC4292C322C91B8CABA40
:1077A0001C861EA0D7C8D240C8772E41AE8FC2BE5D
:1077B0003CD5BC2D3848A4F36D09CBDBC87E43F41F
:1077C000FEE9F715328763C6C4601C7581F4CD15D8
:1077D00083E19F16E99E29B3F3ACA4DB3281E6C0B6
:1077E000E7E74FF11EE2B7AB33CE69AD1851451450
:1077F0000828A28A0028A2B9CF1678D34BF095A604
:10780000FBB7F32E9C662B543F3BFB9F41EE681A5F
:107810004DBB237EE2E21B4B779EE2548A1419791A
:107820002460AAA3DC9AF24F187C678ADFCCB3F0FD
:10783000DA091FA1BC91781FEE2F7FA9FCABCE7C8B
:1078400057E38D63C59727ED536CB65398EDA3E2CC
:1078500035FC3B9F73FA5736B092727935AC61DCD8
:10786000F4B0D8073D664B7BA85EEAF7CF757F7111
:107870002CF339CB3C8D926B5B4C09160902B2E2BA
:10788000879CD6842840156E373DCA783495923A45
:1078900024BF445E05452EA2EC30A6B3A3427AD4A1
:1078A000DB292A691D54F09188D92577EE6AAC87C7
:1078B00026AC3F02AB31C9AB48EC853488987144A3
:1078C000570617C83D287E055595A9B44564AD6394
:1078D0004E7D658C2573DABA9F86B6C67BF96E88B5
:1078E000FBA9B41F763FFD8D79ACAC49C57B7FC346
:1078F0008D33ECDA55B923E694EF3F4E82B09A49C6
:10790000687CC66568C6CBA9EA968BB2DD07B54F21
:107910004D8C6D4029D599E2051451400514514014
:10792000051452330552CC4003924F6A005AA77D8A
:10793000A95B69E80CAD976FBB1AF2CDF4158DA861
:10794000F89B25A2D3B0474370C3E51FEE8EF59395
:107950006C43C864766791BEF3B9C93401A53DCDC7
:10796000EEA8C564261B73FF002C90F27FDE3FD289
:10797000ACC1651428320003A0155BED91429C1A3E
:10798000A171AAB31214D006F3DE4308C022A06D81
:1079900061474AE6CCF248DC934EC9C75A00EA6D0B
:1079A000B55123609AB57322C90935C843298D8121
:1079B000CD697F68168C2E68034348FF0090A4C0F1
:1079C0000E908FE66B76B0F401E64D7937A32C6309
:1079D000F01FFD7ADCA0028A28A0028A28A0028A71
:1079E00028A0028A8A7B88ADA3DF2B851DBD4FD2DC
:1079F000B325BBB8BC255730C47B7F11FF000A00FC
:107A0000B773A8C70B18E31E6CBFDD5E83EA6A89F3
:107A10008E7BC6DD70E587641C28FF001A9628233C
:107A2000857B0A73DE471F02801F1592AA81C0F66C
:107A30001521B35238AA4751E78AB36F7BE67534F4
:107A40000156E2DF6823B8E41F435AD6D279D6D173
:107A5000C87AB2E6A95D38233566C062C21CFF0051
:107A600076802CD63331866957D1CFEBCFF5AD9ADE
:107A7000C9BF8F6DDB1ECEA1BF11C7F850044D29C1
:107A80007A68A60A91450048B9152A48477A88536A
:107A9000C5022C0941EB514815883C861D197822F6
:107AA0009B4503268AF5A3F96E3057B4A07F31DBDE
:107AB000EB578104020E41E845656714B148F6E7CB
:107AC00031729DE3278FC3D2803528A8E199278F93
:107AD0007A1C8E841EA0FA1A92800A28A2800AAF0D
:107AE0007F179DA7DC478C968CE3EB8A9D99514BC1
:107AF000310140C927B579EF8AFC6F2ED7B3D1CEBB
:107B0000D5E8F73DCFB2FF008D006A899B6AB67E4B
:107B1000F28346E2DD6B3342B9FB66816B21397536
:107B20001B189F515A2B401228A9D462A341530A13
:107B30000072922A65958542053C5004AD2E454160
:107B40002224CBB645C8CE41EE0FA83DA9C69280EF
:107B50002683509AD30B71BA783FE7A01975FA8E35
:107B6000E3DFAD6B472A4D1AC91BABA30C865390BC
:107B70006B0B38A489E4B594CB6C40C9CBC47EEBC5
:107B8000FF0081F7A00E868A82D2EE3BC8B7C7906D
:107B900041C329EAA7D0D4F4005145140051412033
:107BA0000C9E05605FEB6D2662B26DA9D1A7F5FF53
:107BB0000077FC680317E289B6BCF075ED983BEEE0
:107BC000A3DB711AAF254A1C9CFE1915F3A0F927F7
:107BD000603A6723E95F40DD22B6F4232AE0EECF66
:107BE00025B3D735E0FABD9369DA94D6CDD6190C12
:107BF0007F503EE9FCB1550677E0276958B16EDD4C
:107C00002B4A23C563DBBF4AD385BA559F4F4245F4
:107C1000F53C0A7815121E2A514CED42EDA42B4F6B
:107C20001498A0089A3C8A85E206AD9029A56A8935
:107C3000942E664B05509ADBDAB75E306AB4B08A90
:107C40000E5A945333B4CD4AF744BF8EEECE778AA2
:107C500058CE5594F4FF0011ED5F417827C736DE0A
:107C600028B4114BB61D41172F183C38FEF2FF0007
:107C7000876AF0196DFDA9DA7DDDC6957D1DCDB44D
:107C80008D1BA3065653C835328DCF1F1781E7577A
:107C90008EE7D5B583E25F15D9F86E288490CF754D
:107CA00075367CAB6B700BB01D49CF007BD55F0682
:107CB000F8AE1F11E9CA58AA5DC6079A83BFFB43F5
:107CC000D8FE95E7FE2FF14BD8EA379A84015AE2A5
:107CD00057F2A124676A2F031FA9FC6B24B53C58F7
:107CE0005194A7CB6D4F4CF0E78A6CBC4B6B23C013
:107CF00092DBDC4276CD6D3801D09E9F507D456E83
:107D000057CE9E0EF155EAF8C61BBB8703CEFDD4B5
:107D1000B8E01527FA1C1AF5CF17F8CE3F0EE8E0A9
:107D2000C455AFE65FDD29E420FEF1FE83B9A1ABC7
:107D30003B0EA509467C843E3CF1FDBF856D9ADA79
:107D4000D764DAA3AFCA8795881FE26FE82BE79D57
:107D500042FAF357BE96EEF2679A691B733B9C9307
:107D6000FE7D2ACDECF3EA57925CDC48F2492316FB
:107D7000666392C4F734C4831DAB58C6C7B185C0CF
:107D8000F26AF72AA41ED52F958AB423C0A0265ADA
:107D9000B43DDA187B0C861E2AEC71D3634AB28B91
:107DA00041DAA161CAB81D283D29F8C54521C0A006
:107DB000562095AAB1A924619EA2A1661EA3F3A68E
:107DC00050C7354E56EB562461EB54A66A0E4AD284
:107DD00012D223737F0C40672C2BD9FC33A85D692A
:107DE00092A08809A15C03139FE47B5796F856D7AD
:107DF000CED41A72388C71F5AF55D1A0F94362B95F
:107E0000EA3BB3E4B31A9CD5797B1E9DA6EA906A3F
:107E10007096872ACBF791872B57AB96D3E2D90878
:107E20009518C72F671FD7D456ED9DEFDA3314A0EE
:107E300024EA32547461EA2A0F38B945151BDC4331
:107E40001CA913CA8B23FDD52DC9A00928A2A9EA14
:107E50001A847A7C1BD86F91B848C7563FE1400F0F
:107E6000BDBE82C20F3676C0E8AA392C7D00AE4373
:107E700053D56E35062263E5C19E2053D7FDE3DF5F
:107E8000E9515E5D4B3CE669DF7CC78C8E883D1610
:107E9000A8B9CF5A6035E42C7DA85999470698694E
:107EA000B401234ACC79342F26982A4514012C6238
:107EB000A534D41814B400952C196940F7A8A997D3
:107EC00013FD8F4DBAB9EE919C7D4F02901D8F86A8
:107ED000D0AE95E61FF96D2BB8FA678AD7AF34F0AC
:107EE0008F8B2E6C218ACB51CCB6AA004940F9A3C6
:107EF000FAFA8AF488A58E6896489C3A30C8607869
:107F000022801F451450014514D7758D0BBB0550B9
:107F10003249A0075665EEAC90E63B7C4920E0B1C3
:107F2000FBABFE354EFB527B8052326387F267FF1C
:107F30000001596CD9181C0EC05005A598CB379973
:107F40002B977FEF1EDF4F4AB3F6C48D78EB595B5A
:107F500088A4C93401725BC790E01A883163C9A84C
:107F60009454AA38A005A92394C66A3A281965EE44
:107F70000BC6DCF518FCEBA289764489E800AE6EEE
:107F8000DE3F366822FEFC809FA0E6BA7A04154FD9
:107F9000518F31A49FDD6C1FA1E3FC2AE5365412FA
:107FA000C4C87A30C50061630D8A95453769CFCC66
:107FB0003E60707EB4F1400E14E14829D40828A533
:107FC000A4A0621A4A534D340854768A4F323FBDFA
:107FD000DC76615A70CCB3461D3A7707A83E95927D
:107FE0006962B836F2171F74F0E3FAD032EC977278
:107FF0002C84A46A62438662DC9F5C0AB4194AEE50
:10800000046DC673ED58734C49001E00A25BC2D6C6
:10801000AB6E32157863EBE82801353BDFB5A34240
:10802000A48B72307FDBFF00EB579A6AF6C6391DCE
:1080300008FBA715DE3B64D73FAF5A6F51328EBCA9
:108040003534329F82AE7297762C79044A83F43F9E
:10805000D2BAA51CD79D69B76749D720B93911EEA7
:10806000DB27FBA7835E94570DC720F434310F4103
:1080700052814C51C5482900E14B4829D400534D49
:108080003A90D0030D349C53DA9868011247866108
:108090003427120E083D1C7A1ADEB6B98EEA012C7E
:1080A0007D3A107AA9EE0D73AC79A58AEDED5DE409
:1080B0004CE1C6D75F5F43F514017679A49643710E
:1080C000F6C92100910C69D0E3BB7AE6B4ED2E45E8
:1080D000D5B2CB8C1E8C3D08EB5CC5CCDBDC60F0F4
:1080E000A302905F48B6B25AA12AB21DCCC0F6E8EE
:1080F00040FAD005AD5B54FB5168226C5B038623CC
:10810000FE5A1FFE27F9D64349BBE9DA9247CF034F
:10811000A5459A0026E541F4AF33F887A5EDBA8A64
:10812000FD17E59D7CB73FEDAF23F3191F857A66F8
:1081300072306B1B5CD39753D2E7B3720330CA31F2
:10814000FE161C83F9D09D99A539F24933C62DE45A
:10815000E82B56DE4AC9B889ED6E9924528C1886F0
:1081600053D9875156EDE5E95B6E7D361AAA69331E
:108170007236E2A7539ACF864E2AE23E699EAC251C
:10818000744F9A5A6834ECD06A800CD3BB520E9468
:10819000B400C2B51B266A7A6914C4D5CA6F1035FB
:1081A0005DEDEB48A034C318A6632A698689AB5DF0
:1081B0006857827B772A40201EBD7D477155357BED
:1081C00093A8CE1803B14700D4ED17B537C8F6A56C
:1081D000657B9CAF090E7E7B6A51B3536B70B28195
:1081E000C8ABFAADFDCEB17467B872CC7A93DFF04C
:1081F000EC3DA810538423D28B2BDC3EAB172E6BA7
:108200006A5158001D29C63C55C640074AA935C4C5
:1082100049D0EE3E8299D74E89138C531703924072
:10822000151C93BBF418151134CEE842C8B9F69862
:10823000D3D58FB530DFBE3E4403DCF3550D068247
:10824000B9512BDE4EFD6423E9C542CECDD589FA66
:108250009A4A69340B40351B1A52D513B50653950B
:1082600088E46AA9239E809A9647AB1A358B6A3AAE
:108270008A2E3F76872C693763C9C5D7518B6CEC42
:108280007C2F6260B18811F3C9F31AF4BD2AD88437
:108290004503935CE68B641A4538C28E95DF69B658
:1082A000E146FC703A573377773E42A4DCE4E4FAC7
:1082B00097954246147618A6B127690C55D4E5184F
:1082C00075069ED5039E6820DBB3BD1710B17016EE
:1082D00058FEFAFF0051ED593712403734B1879AF2
:1082E000539DE7AA8EC07A62AA99DE26F3233870DE
:1082F0000AFD54F51504D2191CB7E5401D0DBEA2A8
:10830000ABA5FDA273CA655B1D58FF00F5EB99BDD7
:10831000BA9279DE694FEF1B8C7641E828699F900D
:1083200058EC0772AFFB58C66AA4849E4D30217387
:108330005131A91AA163400D3494D6900E9CD44DAE
:108340003376C0A00B205481917ABA8FA9ACC69124
:108350008F563511E68036CDD5BA8E664A6FDB2D45
:108360008FFCB74AC26C546D401D1ACF0B9C2CC8B1
:108370007F1ACFF12CDB2C2DACD4FCD3BEF6FF0042
:10838000757FFAF546C6DCDC5D2201D4D417127F76
:1083900068EB334A9CC487CA8BFDD5EFF89CD006A6
:1083A00086936C599401924E2BD1AC4FF67C291ACE
:1083B000F3081F328EDEE3FC2B9BF0ED8FCDE6B091
:1083C000E13A7D6BA3271401B0AC1D4329C82320DB
:1083D0008AAE6EC8948F28F920E0C99EFF004F4AEC
:1083E000A76F73E412A4FEEDBFF1D355E69897D9B9
:1083F0009F940C62901B6CEA885D880A064935815F
:108400007D78D72F939118FB89FD4D3EE2F0CD0288
:1084100047CED41839FE23FE1541CE49268018CC0C
:1084200049C93511EB4F6A8CD031294534B81D4DFF
:1084300030CE0745FCE811654549540DD483A05161
:108440004C3793FF007FF4A0669515926F271FF2BB
:10845000D0FE5566CAEA691CB48414519271401D5D
:108460000E9316EBD67ED126DFC4FF00F5AB6AA9CA
:10847000695034362ACE3124A7CC6F6CF6ABB408E1
:1084800028A28A00CFBC8764DE60FBB275F66FFE5F
:10849000BD570315AD246B2A146195359AF1B46F5D
:1084A000E5BF5ECDFDE1FE3400829690528A005A0F
:1084B000434B450034D34D38D30D021AD5131A7BE4
:1084C000544C6818C6A89A9EC401C9C5577933D2BE
:1084D00080118E3AD569C2CB1B230C82314F639A2F
:1084E0008D8D319C7EAFA690CC315D4785B51FB791
:1084F000E942094FFA4DAE11B3D4AFF09FE9F853FA
:108500002EA059D0838CF63586867D1F524BB857E6
:10851000E65E193B3AF71401DE814F02ABD9DD412B
:108520007F6AB736CDB91BA8EEA7D0FBD5914842DC
:10853000D28A283400941A283400C34C34E351B74B
:108540004A008DBAD40E6A56350B50046D50B9A945
:108550005AAAC9328381C9A600C6A26703BD46EEE6
:108560005BA9A8C9A0097CC3DAA1B852EBBFB8EBDC
:10857000466943520380F18E83E76ED46DD79C7EAB
:10858000F940F4E8DFE35C446ED1BED6EA2BDB6E43
:1085900060E0B01953D47A5701E20F0C00CD716638
:1085A0009F29E4C607DDFA7B7B554656D19DD85CF2
:1085B0004FB37CB2D8C2826E9CD68C5267BD622A01
:1085C000490361C71EB57E09338E6B53E8E855BA7F
:1085D000D0D646A941AA91B66ACA64E0282C4F00B9
:1085E0000EA4FA533BE32D09BB515D75DF86BC3DFC
:1085F000E18B2B69BC61E2116335C0F92188671EEC
:10860000A3A12719193802ABEBFE1AB0B3F0B37867
:108610009B44D4FF00B434B45DEED80485CE0B0285
:108620003AE0F518C8A9E6470C736C2CA7CBCDF33C
:10863000E87334576363E1AF0B5D8B185BC590AD96
:10864000EDDC68C96CAF1962CC33803A9AB3A9F8F3
:1086500043C2BA35C2DBEA9E2D8ECE665DEB1DC3EA
:10866000C68C5738CE0F6E0D1CE84F37C2A766DF99
:10867000DC70A05056BAAF0878674DF17AEAD2DACA
:108680006A728B6B1BE7B48E44556130500EF07DDF
:108690000E6B075FB54D0FC5975A093233C5124DA2
:1086A0001C8E00F3118751F4391F853524F435A34E
:1086B00098E1EB4FD9C25A9476D0139AEF3C3BF035
:1086C000F5759D12DF50B8BF96DDA7CB2C69183821
:1086D0005CE01E7D473F8D729E1FD3A4F14789B594
:1086E0002D1F4DDC89A7CEF14F7138E142B15CE01E
:1086F00075271C0A39912B32C2B94A3CDB1436A8C3
:108700000493803A93546E35186304463CC6F5EDE5
:108710005DA1F03691AF35D5B685E2FB7BFD42D445
:108720007EF2DC6DDA0F4FE13C73C679AE4FC2DEEC
:1087300014BDF156B171610116E2D18ADDC920CFB5
:108740009241236E3BB641E3DA85246B471F839C3D
:108750001CF9F6DFFAEA62CD7334E7E76E3D0702F3
:10876000A1AF498FE1BE8BAAADD41E1FF165B5F64E
:10877000A16BFEB61CA900FA1DA7239E33CD79C3B9
:10878000831CF340EA52682468A543D51D4E083F78
:108790008D3524F63AB0B8EC36274A52D574D84A0B
:1087A0006935DAF80BC156DE2F5D40DCDE4D6FF621
:1087B0005F2F6F94A0EEDDBBAE7E95A2DE10F87E3B
:1087C0008C51BC796C181C10678B83439A4EC6552C
:1087D000F36C2D0A8E9CDBBAF23CE290D5AD6DB401
:1087E000AB5F12DE699A4DF7DBAD6DD50ADD06523F
:1087F000AF9504E08E38271F8576507C35993C1163
:1088000075E22D4AEDED5A2B67B95B5116E628ABA0
:10881000919248C138E9DA8E656B972CCB0D1A51CD
:10882000AAE5A4B638126A3269B0CE973024C99D41
:10883000AE323348C6A8E8734E3CCB6623B62AB4A2
:108840008F4E76A6DBDA5C5F4A238232C4F7EC29CE
:108850001E7E22B28ABB205492E2658A252CCC70FF
:1088600000AF42F0FE8E2C6DD63C6656E5CD41A29F
:10887000680962A0E37CE7AB7A576FA4E96CCEBFCE
:10888000292C7B563395F447CB63317ED9F2C763ED
:108890005347B22AAAA0726BAD8E311441076A8683
:1088A000CAC96D2219C17239F6AB0DD2A0F3C8D86E
:1088B000D40E6A57355DCD0044E6A16A918D42EC35
:1088C00014124E05302273CD579180EA68926CF0F5
:1088D000BF9D5663934003C9E95031CF5A731A8D37
:1088E0008D00318D464D389A8C9A40358D309A7175
:1088F000351B1A00631A8CE49C0EB4F3C9C0EB5705
:108900002DAD9218CDCDD65625E831CB1F403B9AE0
:10891000602316B0D34ECFF8FAB9CC717A81FC4DF2
:10892000F80AB7A268C7E450BEC2A6B1B09AFEEF7B
:10893000ED33C787236A463A46BE9FE35D859D9225
:10894000DA478C0DDDE801F040B6D02C6BD075F71E
:10895000A7353CD46D4808D8D44C79A7B1A89880E5
:10896000324D0046C6A2738A57933D2A0639A001AC
:108970009FD2A166269CC6A3634C06934C269C6995
:1089800084D031A4D309A5269879FAD201392703D6
:10899000AD6EE9361E74B1C247CBC492FF00BA3A3D
:1089A0000FC4D52B1B27675250BBB7DC41DFFF003C
:1089B000AD5D8D8598B383048695CEE76F53FE1425
:1089C000016BA5145140828A28A002992C49326D6E
:1089D0007191FCA9F450067C96F344785F357D577D
:1089E000EF7E23BD41E7209046772B919DACA41CE0
:1089F00055CBBBB313086101A7619C1E8A3D4FF99B
:108A0000E6AAA4623C92C5E46E59DBAB1A00751469
:108A1000521A00434C6A71A8A4708324D021AD552A
:108A2000A4980E1793492CA5FD87A54068188E4978
:108A30003C9A8C9A7134C63400C6351934E6351B1D
:108A40001A63184D43344932ED75C8A949A8C9A025
:108A50000A7636D7FA7DF1974E2240DF7E16E8E39C
:108A6000FC7DEBAE8E7DCABF68864B59587FAB9BB1
:108A70008FC8F435CC9BBFB1FEFB7631FAD6FE8BA6
:108A8000E2AB2D42D258EF8A29887DD7E723B7D4AD
:108A9000D2117B69C67B536AAA5AACD3FDA5A1FB50
:108AA000345FF2CE0538E3D5BDFDBB55A1400B8A3E
:108AB00069A71A6B50030D44C69E6A191828249C96
:108AC000014011B1AAF2CAB1F5393E829935C939CE
:108AD00009C0F5AA6C680165959FBE07A0A809A703
:108AE00031A8D8D30109A8C9A5634C26801734A0A2
:108AF000D479A70A404CA6A09F4FF3C1F28727F86C
:108B00006A543566070922B1190290CE52EBC2B3FE
:108B10004F360DA95763D71C1FAD477BE05874DB58
:108B200013797938813A28C105DBD1477AF47BBFC4
:108B300016E8FA1694D757088D30F96289305E56D8
:108B4000F41E9EE7A0AF1BD7FC597FAFEA0D7171F1
:108B500020DDC8454FB912FF00757FA9EA6AE29B84
:108B6000D8EEC146B4A5683B22ABA2C536C527A73F
:108B70002090483E9C558864313A48A406460C092A
:108B8000F50722A8415A9A7DCBD8DF5BDDC6AACF74
:108B9000048B2056E84839C1AD8FAA827C96DDDB74
:108BA000EF3B9D575FF01F8C16C64F13C12DADDDF7
:108BB000B64C5390DB509EA03AE4638FE2155FC43D
:108BC0003E0A5B8F07DC5C681E24BAB9D1D51E490A
:108BD0006DEDA61B644C7CE32BC371D41156B5EB31
:108BE000EF0578A25B3BEBBD7DB45BA8A328D14B1E
:108BF0008546079C36460907A106B1F52F1DF84B9F
:108C0000C1BE13BFD23C357E75AD52F8380215CACD
:108C10000665DBB89030001D8649ACB63E66738DA4
:108C200024E30BA77D60D5D7DFFD3317C156962B04
:108C3000AEE82D6EA92A24F188A52016C67D6ACF3C
:108C4000C5C8A39BE2FE9892C69229D287CAC323C5
:108C5000EFC9597F0FE23A2CDA37DB9C46219D643D
:108C6000909E88339A97E20EBFA5EBBF15ACAEF489
:108C7000CBC4B9B7834F30CB22A9015C3B923903F7
:108C8000D47E754FE2477E262DE2A849C6D74BF326
:108C9000D8EF7C10FF00D99F0FFC477164A90C909E
:108CA00079B2C7B14001842083FA56678CEC1FC6A5
:108CB000765E0BF1669284CB76C969385FE1497DB7
:108CC0007FDC60DF9D56D13C59A1E9BE01F115ADB5
:108CD000F5FA413DC2CA90A32B12E4C5B46303B9AF
:108CE000E2A1F83DE3AD2B42F033596BB78B6D1D1C
:108CF000BB99212EAC72ADD40001E8467FE0552E21
:108D0000F7B9C58BA35638AA938269C75F9773D109
:108D1000EC75A887C40FF845AD0816FA7694B2C86A
:108D2000A3B333A851F828CFFC0ABC12CF5BD6B44A
:108D3000AD6FC5F06937925AADCEA532CAE910635E
:108D4000C337720E3A9FCEBA1F863E2FB2FF008401
:108D5000EBC4BE2AD76ED6D22BE56F2CC80F0A1CE7
:108D600061781D9401F853BE1DF8DB4AB0D5FC595B
:108D700067A8966D2353BF9A549D14F018919C7563
:108D8000C1523E98A4935D0CB094A70AA9CA9F3221
:108D900069BB7746F7C28D1FC2DA310747D49AEB19
:108DA000C4925996305CE63504E0B0C85E40207A43
:108DB000F15C6699E21F15786EF3C51A5082D3FBF9
:108DC0006753BD7370A159D95DB3F7369E721B22EC
:108DD000BABD1F52F86BE03B97D5A2F135C6A5711D
:108DE0001A32C106D2F20CF6C051938E327150780D
:108DF00003C55E1C3ADEBFE36F125CC3A7DF5FDC16
:108E000084B58A652C628428008C0EA7819F6F7AB6
:108E100034B94E54956728C1CE296CFA7DDD897C22
:108E200003E18B7F857A64BE25F165E4364E616887
:108E3000E3801CC8F920E31DDB81851F8D798A6AD8
:108E400032EB7AE6AFADBC2614BFBA699233D813C1
:108E5000C7E98AF42D6ADBE17F88F5A7D5758F1EF7
:108E60005F5E4EC4ED5933B231FDD55F2F815C3565
:108E7000DDD69926B57F6BA3C8F369F6EFB609DB9B
:108E8000FE5A2FAF41FCAAA1AB3BB2670A98A539A5
:108E9000BB492B256F2FF23D6BE0A731EB9F587F2D
:108EA000F67AE553C27F0B6DE5995FC731B3B4AC79
:108EB000CDBC212093C8FBB5A9F0BFC4FA2F86AD65
:108EC000F579358BF8ED164F2B6170C738DD9E8034
:108ED000FA8AF25D28472A5D49B55835C3B292BD7A
:108EE0004134ECDCCD2AE1EAD5CD27184B96FD6D57
:108EF000E48F47F879E1BD3AFA6D4BC486D64BADA5
:108F00001F4B9DD2DE2862DEF78EBCAE14751C832B
:108F10008EE48EC0D763A65DF89FC47F0F3C6B7153
:108F2000ACE99776D7976275B3B27888658FC90137
:108F30005541E4F39FA9CD798E9BE2EF10E85A6387
:108F40005868DA90B285A4329DB023E49001FBC347
:108F5000D8576BA2FC4CB9B4F00EB92EB7E2146D21
:108F60006C093EC05A000E7CB1B400AB83F367AD10
:108F700029465BB39B33C16313752A7BC9755FE5D3
:108F8000F99E4F059DD69D6D1DA5E5BC96F7110D6B
:108F9000AF14AA5594FA107A55ED2ACEDB50D4A31B
:108FA000B6BABA16D1BF1E6119E6B392EAF755BA3E
:108FB0009F58D46E9A7BCBDC3CAC542F3D3A0E29A3
:108FC0005F8E95AAD8F7E8B9CB0B1BE8EC8F57B3A7
:108FD000F85BA6616492E25B853C8DBD0D5897C13C
:108FE000977A7B6DB5B42F6FD9A35E47D45731E024
:108FF0006F88B368370967A913358B1C64F253DC9B
:1090000057B94BE23D3A1D2E2BC82449C4E3F72A39
:109010008797FF000F7AC24A4B73E531CB1109F2F3
:10902000D5774715A4F86A47C17DA9EBB8F3F9577E
:109030005D67A7C364988C65BBB1A9AD648EE23F40
:10904000B4060F2BFDF6C74F6FA54A6A4E0186A2E4
:1090500073523544E680227355DCD4B2BAA2E58E51
:109060000566CF705F85F957F9D002CD70A990BF22
:10907000337E954A472C72C726958D464D3018C6CB
:10908000A3634F635131A00631A8D8D398D46C683C
:109090000184D46C69E4D464D201A4D4D059497059
:1090A000BB832AAFA938AAEC6B6B42D523B5954395
:1090B000C7193D3E75C8C7F9EF4005AE8D26D2F001
:1090C0005ACB7922FF000C6303F163C55DB1D0EE8A
:1090D0006EAE84BA832C7228F96100FEEC7B0FEB34
:1090E0005D25EF892D6D6C11E101AE243B520270BC
:1090F00041EE4FB0F5A5B3B88EE62F3158B3B72E79
:109100005BAE7FC2801D6F6B15B26D8D7EA4F53591
:1091100021A7534D0030F4A89A9EEC14649C0AA732
:109120002CC5B81C0A0024940E0726AB3B163C9AAB
:10913000526984D0034D46C69EC6A2634C6349A8BB
:10914000C9A731A61A006934C269C4D46C69013C4C
:1091500036AD38C8600569D9E8D23B02B113FEDBF1
:109160008C28FF001AA9A6EA2D692819C7BD75F633
:109170007789771E470C3A8FF0A004B3B08ECD49A3
:10918000077CADF79C8FD07A0AB545140828A28ACF
:109190000028A28A002AADE5D1802C7100D3BFDD62
:1091A00007A01EA7DAA5B89D6DA0695F240E807583
:1091B00027B0ACD8D5816925399A4E58FA7A01EC96
:1091C0002801638C460FCC59D8E5DCF5634FA4A584
:1091D000A00290D2F419355A69F2309C0F5A00253A
:1091E000982F0393551D8B1C93934A4D46C6801AA6
:1091F000C698C694D37058E0500349A8D8D58FB00C
:10920000CD21621F018809F9F3504F1989CA9A00CC
:10921000849A8C9A731A61A631AC6ABCF32C4B9277
:109220007E8296E2758232EDF80AE6AFF522589218
:1092300079A009AF6E9A56C7249E0015D4786FC3E3
:109240008B6016FAF5435D30CA21E918FF001AAFAA
:10925000E15D08A2AEA77A9FBC6E618DBF847F7866
:10926000FBD7564E68101249A0520A752010D31A27
:109270009E7A5519EEB04AC7F9D003A69962183CF8
:10928000B7A566CD2B487E63C7A52BB1E49EB50B71
:109290001A60358D44C69E4D44C6801A4D46C68719
:1092A000951776580DA32DEC29AC6801A4D464D38E
:1092B00098D3280169C29A29EB480916B3F5AD6A1B
:1092C0000D22C9A590E58FCA883ABB7A0FF3C53F36
:1092D00051D4A1D3AD649A57DA88B963E9EDF5AFFB
:1092E00026D6758B8D5AF9A59095FE144CF11AFA75
:1092F0007D7D4D38C6ECDA8D27525643F50D56E389
:1093000051BB69657CBB71C7441FDD5F6FE745BA20
:1093100074AAB6F174AD5822E95BA563E930B45480
:1093200015916215E2ADA8E2A28D302AC28A0F56CD
:109330000AC294575DACA187A119A6C704311CC706
:109340000C687D5540A79C0192703B9359D75A8F6A
:109350005483F17FF0A0DA30E665BB8BC8EDC60F11
:10936000CCFD947F5AC89A779DF73E3D801D2A3EDA
:10937000A493C93D68A674C60A221C1EA28ED8C733
:109380001452134142F0074E29A700718149BA983F
:109390005F9A0972438AA9392149F5C52F07AE0D95
:1093A00047BE9775317321DB57FBA3F2A4E3B003EB
:1093B000E94668CD03560C7AD37E94B9CD250310C7
:1093C000D21E68341A09631BA542E2A6351B0A0C9B
:1093D00026AE539056F7867C53269372905CB17BF1
:1093E000627009EA9F4AC6916AA4AB52D5CF23198D
:1093F00041548B523E94D1353492149A1903230C64
:10940000F07822BA68E559A3DCA7F0F4AF9C3C13CE
:10941000E2D934ABA5B2BA909B673F293FC06BDB62
:10942000B4DD4490B221C83D467A8AC1AB1F2D5AA3
:1094300093A52E56740D552E2658863AB7A53A4B4D
:10944000B578C188E73DFD2B3E439E49C9A46245DE
:10945000348D23658D57635239A858D30236351998
:1094600034E6355DE78D4B824FC98DDC74CF4A0001
:1094700056351B1A731C544C6801AC6A2269EC6A9D
:109480003634806B1A8C9A71351B1A006B1A8CB1AA
:1094900053914E635131A00D6B5B94BB558E5216A8
:1094A00065E1243FC8FB56CE9D7AD0C9B4E55D4E38
:1094B000181AE383156041E6B62DAE4DE423611F13
:1094C0006A8C7CBFED8FEE9FE94C0F40B7BA4B849E
:1094D000C82037714B2C8231EFE95C4D96B655862A
:1094E000D3871EBDABA3B7BB1771EFCFCDDC520B3B
:1094F0001348E5DB24D42C69EC6A22680118D46691
:109500009E01760A3A9A05A5C3E4A9E0BF03D5688F
:109510000216351135248A518A9ED50B1A631AC654
:10952000984D38D309A006934C269C4D464D201AE1
:10953000C6B434DD4DEDA5505B18E87D2B349A6937
:109540003834C0F48B4BA4BB8430C061F78558AE6F
:109550001F47D4DE195577723819E87DABB48265A0
:109560009E15913A1FD2908928A28A0028A28A00CB
:10957000A1A8F32DB276DC5BF21FFD7A8BBD4D7E88
:109580003F7B6EDD8315FCC7FF005AA1A005A466D2
:109590000A324E0523B845C9FCAAA3B976C9FCA86E
:1095A00001D24A6438E8BE950B75A7535FAD0046FB
:1095B0004D464D389A8C9A00426A6B589A4906D1AA
:1095C000F31385A8002CC00ADDD2ADB683311C0F81
:1095D000957FA9FE94004F188A58D147CAA140FC34
:1095E000EA9EB769B5FCC51C373F8D685D8CDCA76A
:1095F000BEDFE7566EA017103467AF51F5A00E1905
:109600008F34C26ACDDC2D04CC08C735509A633143
:109610007569C8DDCF4E0553F0BE96358D68C930EB
:10962000CDBDBFCEC3FBC7B0A355248615B5F0F999
:1096300000B5BF7EE6451FA5007659CF0380296996
:10964000A296908514332A2EE63814D96558972CA3
:1096500079EC3D6B3A595A56CB74EC3D2801F3DC5A
:10966000B49F28E13F9D55634F6E950B1C53018EAF
:1096700079A898D398D46C68018C69618FCD902FAC
:109680006EF4C635ABA5D89B89A38BFBFCB9F4411E
:10969000D7F3E9F8D0047FD911089A475399D0310C
:1096A00007B2F6FD39AADABD87D8E628A0ED5E0735
:1096B000B8ED5D36ACBB6738E8231814BAF5889E60
:1096C000CC4C07CCA30DF4A407044D369F2A18E414
:1096D0002A7B5462801E29259443196EFD8503ADB3
:1096E00056BC399147602803CFBC65AC34F79F6303
:1096F00046CC701F9BFDA93FFAC3F535CE5BC793DF
:109700009345E4A6E2F24958E4C92BB9FC58D59B2D
:1097100065E95B45591EE60A925145DB78BA5694D5
:1097200031F155E05E957E35E2A8F7A8C07AAD121A
:10973000CB1C09BE4381D877350DCDE25B8DA3E606
:1097400093D3D3EB5912CAF339776C9A0EEA74EFBC
:10975000B935CDE497071F753B2FF8D571494EA653
:1097600074A492B20A4A5A6934001351B36282D582
:1097700013B506339D8567AED6D7C3F141E0696F57
:109780006E22066998152472A3DAB97F0FE9AFAC8F
:109790006B305B28F977658FA0AF57F18C2B69E0B0
:1097A000B6083088E88BF91A89CB548F0730C73850
:1097B000D48528BEA9B391D5B418E5F04DAEA16DFE
:1097C0001012424872A3923DEB850E2BDBFC176F03
:1097D00016A7E145B59866394321AF1CF10E9536C1
:1097E00085AE5CD8CCA418DC81EE2884B742CBF1DE
:1097F000AE539D293D53762B06A706AACB254A1BBF
:1098000035A1EDC2A5C9690D20341A0D930A434B49
:109810004D3403034D229C69A6833910B8AAD22D7A
:109820005C6155E4148E4AD1BA2848A41C8EA2BDAE
:1098300043C01E2592E6CFEC53392F0F00F72B5E65
:109840006728ADDF03B94D6980EE86A26B43E7B3AD
:109850000A49C1BEC7BBDA5C6D2067E56AB7274A13
:10986000C4B162D0A935AE0E6307DAB13C2227A895
:1098700058D4AE6A06EB400E823124B96E114658B8
:10988000FB568AE950AC41A54E67557707B67A0F6B
:10989000CA9FA558FDA268E123E56F9E5FF7476F59
:1098A000C4FF005AD6D4C62E98FB2FF3A00E5F58E3
:1098B000B2FB25CB281800E2B258D777E22B11353E
:1098C000B899472061BFA57072028C54F63400C667
:1098D000351B1A731A8C9A0069A8D8D3D8D44C684F
:1098E000018C6A3269CC6A3269808696199A199518
:1098F000D4E39A69351B1A00D4D4405787508B8122
:1099000031DB281D9FD7F115B7A45C9F94E7EB5876
:10991000170D9F0EBFFB334647E75A5A49214503AF
:109920003AC634C6A01F9467D2855323851DE90823
:109930009ED6169582AFDE73B54FA7A9AD66411DC1
:10994000E468061559547D3146956E0299C8E08D3C
:10995000A9F4EE7F1A74FC5F47EF22FF002A00C6CD
:10996000D5ED7C99C9038EA2B298D761A9DA8B8B09
:109970006240F997F9571F2A18E42A6818C26A3218
:1099800069CD4C26801A4D46C69CC6A32680109AE7
:109990006134A69A680151CA4808AED741B96776C2
:1099A0008C9E1A30E3EBD0D70EBCB0AEC3C3E0FD43
:1099B000AD7FD9839FC4D0074B45145020A28A287D
:1099C000020BB88CB6CC1465C7CCBF5159ED28F248
:1099D000C38E770E2B5EB32F2D8C0CD2A2930B1C53
:1099E000BA8FE13EBF4A00A2CC58E49E6929EC9CA4
:1099F00006520A9E8453280109C546C69C698D40BB
:109A00000C6A8CD3CF353416ECF2050BB9CF45F484
:109A1000F73E82801D676AD2CAA83866E49FEE8F3F
:109A20005AE891163454518551802A2B5B65B68FC4
:109A300000EE73CB37AD4F40152E973730FBB0FE9D
:109A4000756E9AC8ACCAC464AF43E94EA00C9D635E
:109A50004E13C66541C8FBDFE35C94A8D1315615AF
:109A6000E8758DA968CB382F12F3FDD1D7F0A00F80
:109A700033D563C48DE879AD2F014A165BFB63D4FF
:109A8000ED703F4AB1ABE93318CED52597A573BA2F
:109A90003DF1D1F5E8679011113E5CBEC0F7FC299D
:109AA0008CF4E151CD3AC431D5BD292E26F2D46CC7
:109AB000C1DDD0F6AA0492724E49A42159D9D8B377
:109AC0001C93494504E2801ADD2A07352B1CD40C6F
:109AD00069811B1A8D8D3DAA30A5D828EB400F82D5
:109AE0003F324E7EE8E49AEC745B4F22D8CCEB898F
:109AF00025C1C1ECBD87F5FC6B1F48D385C4C15897
:109B00007EEA320CA7D4F65FF1AEAE9018DAB8FD5B
:109B1000E9F74C7EB5AE503465186411822B33558D
:109B200052658B1D5B03FF001E15AB401C06BFA6D4
:109B3000B5ADC3601C7507D4561E6BD3754B05BFFE
:109B4000B52B81E62F2BFE15E777D66F6B3302A47A
:109B50000CFE540100355EE465FF000A9775327112
:109B60009407D2803C62E23315C9423957753F836E
:109B70001AB96C7A559F14D91B4D6672061243E7C9
:109B80002FD0F5FD47EB546DE400649C015BC5DD0F
:109B90001EFE0A69C51B901E2927BF0B98E1396E6E
:109BA000EDE9F4ACA7BD320D8870BDCFAD2C6DC50D
:109BB00051F45878ADD93124F24E4F7A4A01A5A01C
:109BC000F413014B49450014C66A19AA277A0CE719
:109BD0002B0D77AAF249D875A2492B67C25A23EBFD
:109BE0007ABA9607ECF11DCE7FA526EDA9E5E2B184
:109BF0002A9C5C99E81F0EF41367602EE44FDFDCAB
:109C000074CF65AE8FE2743F66F87CC7BF9E9FD667
:109C1000B7F41B01856DA1514600F41595F1813F04
:109C2000E2DDDC91FC33467F5C7F5AC2F7773E3A37
:109C300055A552B7B497732FE193EED06D7DD9BF80
:109C40009D57F8C7E16377A747AE5B2665806D9B9C
:109C500003AAF63F874A77C2EFF917EC7DF71FFC9E
:109C600078D7A85D5AC5796725BCE81E2910A3A935
:109C7000EE0D17B3B846B3A75BDA47B9F1D2495630
:109C800011EB57C6FE199FC2BE229AD58136EE77D8
:109C9000C2FF00DE53FE71582925742773EAF0D8FD
:109CA0009538A922FAB53F35551EA60D4CF4E13B77
:109CB000A24A4A4CD141ADC290D2D349A086C6B582
:109CC00040F52B1AAF235239AAC8AF2D6FF81E22C8
:109CD000DABC8FD952B9D95ABBAF02D818ED5AE1C4
:109CE000860CAD81F4A89BD0F9FCC269419E9B60B3
:109CF000316EB5A9D2251ED546CE3C44AB579F81C7
:109D00008AC4F0085CD10461E42CDC22F24D011A13
:109D100046DAA324D6DE91A709E6048CC30B65CFEF
:109D2000677EC3E83BD006BE91686DED4C922E2550
:109D30009B0CC3FBA3B0FCAAAEADC4C7DC28FD4599
:109D40006D5656A6B9B987FDA651FF008F500694EF
:109D5000B12CD1346C32AC306BCEB5BB17B5BA6C0C
:109D60008E86BD22B1F5FD345DDA991572EA39F7B8
:109D70001401E6CC6984D4D730B4129561F4AAEC0E
:109D800068018C6A3634E635131A60349A61A7315B
:109D9000A613400D6A8FA9A731A92DA1334CAA079C
:109DA0007A00BB70BB7438E33D66B8403F0E4D6C23
:109DB000697092E8B8ACEBB01F5182D1395B44CBEB
:109DC000E3FE7A376FC05755A5583C50F98EBB4B10
:109DD0000EFD85005AC13C0ABB6566D2CBE5FF008B
:109DE000DF6DFDD1E9F534B6966F70418B84EF31AC
:109DF0001C7FC0477ADC8614B7884718C01F993E7D
:109E0000A6900F550AA1546001800553987FA7C200
:109E10003D4E7F206AED30C48D2AC847CCA08073A8
:109E2000400FEB5CC6B5A798DCC883E53C8AE9EA3D
:109E300039E159E231B743DFD2803CFCF151935A0A
:109E4000BA9E9AF6F29217DF1FD6B21A818D634C32
:109E500034A4D309A602134C34E2696285E6701477
:109E60001E690125A40669D401DEBB5D061F966B41
:109E70008C7CAC4227B85FFEBE6B174ED39D9C5BBB
:109E8000C5FEB48FDE3FFCF35FF1AEBE1852DE14A8
:109E90008A31844180281125145140051451400510
:109EA0001451401466D38162F6EFE531E4A91943F9
:109EB000F876FC2B3E64787FE3E2168FFDB5F997C8
:109EC000F3EDF8D6F544F3804841B8FE8280304285
:109ED000AB8CA488C3D9A98E817977551EE6B4E6E8
:109EE000B5827399A28C9FF6500FD69B1DA5B42CFA
:109EF0001A289558770066802B5AD9C93906352A11
:109F00009FF3D5C7F21DEB62DEDA3B64DB18E4FD9C
:109F1000E63C96FAD4693B8EA438FC8D584916412C
:109F2000F29FC3BD003A8A28A0028A28A0028A298B
:109F3000924A235C9EB40115CDB5BCC3332807FB00
:109F4000C0E0D634BE1ED1A59CCB2C5248DEE3FF28
:109F500000AD56E6B9676E0D572CDEA6802ADC41AF
:109F6000169EDE5AB1366DF70B758CFA1CF6F43579
:109F70000491143EA3D6B44C84A95701D08C15612A
:109F8000906A91B4921E6C98347FF3ED29E3FE023F
:109F9000DDBE86802BD349A7F990C8E633BA09C73E
:109FA00058A51B4FE1EBF8523C2EBD41A00858F1DB
:109FB0005031A999588E949E410A5E460883A96340
:109FC0008A60570ACE70A326B474FB09279BCA8700
:109FD000EF8FF592632231FE3ED5674FD2A6BB01CB
:109FE00080682DCFFCB4230EFF00EE8EC3DCD74972
:109FF0006F6D15A42B0C08110761DFDCFA9A40166F
:10A00000D6F1DAC0B0C430ABF993EA7DEA5A28A0A1
:10A010000866B649DE26624796DB863BD4D45140BB
:10A020000564EAFA3A5F46D2228F371C8FEF7FF53C
:10A03000EB5A8A00F2EBDD3A5B676F94E01E463A1A
:10A040005513D0A9E335EAB79A7C17ABFBC5C3E338
:10A0500001C75FFEBD7317DE179158B245E62FACFE
:10A060007D7F23401E5BE24D2FFB46CB28B99E2C03
:10A0700094FF0068775FC7F9D798CCCF14A6360451
:10A08000283C0AFA226F0CDC33652D2E98FA797879
:10A09000FE75CBF89FE146A17B6B25FDAC51C770E7
:10A0A000064C1BF2D27B8EC0FF003AA8CAC76613CB
:10A0B00011ECA5AEC792C5274AB692550B8B6B8B98
:10A0C0000B8782E2368DD0ED60C3041F4229F1CBAD
:10A0D000EF5B1F5187C4A6AE99A6B25481EA824BAA
:10A0E000528946299E946BA2DEFA697A83CD14C602
:10A0F000945053AC895DEABC92D46F37BD3EC6C262
:10A10000EB56BA5B7B5899D98F6ED41C35F12A2A4D
:10A11000ED858D9DC6A97B1DADBA167738E2BDCF02
:10A12000C27E1C8F4EB48AD22504F591F1F78D665C
:10A13000F847C231E931055024BA71FBC931D3D88F
:10A1400057A8697A72DAC4091F3561295CF94C6E27
:10A1500031D79596C5BB4B75B784281DAB94F8AF26
:10A16000099BE1B6AD81CC6A927E4EB5D9D52D5F03
:10A170004D8358D22EF4EBA04C1731344FB4E0E0AD
:10A180008EDEF5270A3CEBE1A4263D034B047587E0
:10A1900077E649FEB5EA23EE8AE6F46D1174C78AC4
:10A1A0000854AC10A2C680F5C01815D28E9403399D
:10A1B0001F1F783E0F16686F0E156EA3CB4121EC62
:10A1C0007D0FB1AF97AFACEE74ABF96CEEE268E621
:10A1D000898AB2B0EF5F671191CD79CFC45F877084
:10A1E000789AD8DDDA858B508D7E57E81C7A37F85F
:10A1F000D5C6563AF098A745D9EC7CEF1C9561245A
:10A20000AAF7F6177A45EC9697B0BC52A1C156183A
:10A21000A624B5B5CFA6A1894D5D33403D2EEAA851
:10A22000B2D3FCCF7A6772AC8B05A985AA1325310E
:10A23000A4A44CAB21EEF55E47A4792A7D374ABD34
:10A24000D66ED6DED226727A9EC29367057C424ACB
:10A25000ED8CD36C24D4EF9214076E7E63E82BD779
:10A26000B43B2589238D06110002A7F0D781A1B246
:10A27000B35810EEB86E64971904FA7D2BAF87C3FC
:10A280005358AAEEB76907AC4E0FE87158CA576722
:10A29000CD62ABFB5969B115B4785DC7A0E953082D
:10A2A0009E66C28E3B9ABD1DA4CC4247A75C93FE1E
:10A2B000D9551F9E6B4ADB442F86BE652BD4411FA8
:10A2C000DCFF00811EADFCAA4E533B4ED39AF0E258
:10A2D000125601C3CFEBEC9FE35D4430C76F0AC554
:10A2E000120444180076A72A8550AA00503000189E
:10A2F0000296800A827B559E58646661E536E007C7
:10A3000073EF53D140051D68A280392F116861B3E6
:10A31000344BF2B7A0FBA6B879E2785CAB8208AF09
:10A3200064655752AC01523041EF5CB6B5E1B0E81C
:10A330005E052E9E83964FF11FAD0079E31A889A31
:10A34000D0BBD366B73903727622B3D830E0834CE2
:10A3500006134C26A4D8EDD14D5BB7D2679C6E6531
:10A36000DA9DCB703F3A00A11C4F2BE145747A6611
:10A370009D24451628FCDBB93FD5A761FED37A01A1
:10A3800057B4AD10BE3ECD1090F79E4188D7E83F40
:10A3900088FE95D758E9D158212A4BCCFF007E562C
:10A3A000EADFE03DA90142D7C31A7DB2A3088FDAE4
:10A3B00033BA49449CBB772474AD582CED55819831
:10A3C00048EDD8CAFB97FC2A4349BB1EE3D2803430
:10A3D0003A0A2AAC32EDC293953D0FA55AA0028AE3
:10A3E00028A0028A28A008A7B78EE23D920FA1EE0E
:10A3F0002B98D4F4568C9703E5ECE3A7E3E95D5B77
:10A4000030519638AAB2DD80080063DE8038296CAE
:10A41000E78CF2848F5151ADACEE70236FCABAC98C
:10A42000ADED6462D87427FE79B6D1F95352C6DC1B
:10A430009E6699C7F75E438FD2819CEC7A6E18793D
:10A44000EE149FE11CB1FC056ED86893380421B668
:10A450008BFBCDCC87E83B56C59A59DBE163B74807
:10A4600058F703AFE357E8110DB5AC369088E140DB
:10A47000ABD49EE4FA935351450014514500145156
:10A480004500141200C9E94541336E6D9D872D408A
:10A490000D773277213D3B9A6678C0E0504E4D25CE
:10A4A000002629A69F4D22801A6955F0413D7D471F
:10A4B0005A434DA00BB14DBBE56EBD8FAD4D59A1BB
:10A4C000B07DAAEC32EE1B49E7D7D6801EEDB572FF
:10A4D00029C0E4669B27DC3491FF00AB1EDC5003EF
:10A4E0009982A927B5665C4A646356AEE4C0DA2B4C
:10A4F0003CF5A006114D352114C3400C349D29C7ED
:10A5000081934E8EDDE6E4E523F5EE7E940017821E
:10A5100065F2EE22497FD865DD9A825D250F366FA0
:10A52000716A3D1A4DC3FEF939AD0448E15C44A09F
:10A530007A9EE68249A00C91A45EFF0016A848F41A
:10A5400058941FCEB42CAC2CAD9D649E39249474C9
:10A550009666DE07D3B0FCAA4348188EF401AE0815
:10A5600060082083DC52D6545298DB319DA7B8ECAA
:10A570006AFC370B2F046D71D57FC28026A28A2812
:10A5800000A28A2800A28AAB77742152A0FCDEBE0A
:10A590009400F9EE92118E0B7A7A564DC6A05CE0CB
:10A5A000B311E80E05569A6690F5E2AB9A00B02E0C
:10A5B000C039DA47B86356A2D41F18F3370FEEC973
:10A5C000CFEBD6B2CD34F1CD032B7897C1FA3F8AC9
:10A5D0002326E61F26E88C2CAB8C9FC7A1FA1AF124
:10A5E000DF107C31D6747777B54FB5423BA0F98048
:10A5F000FA57B8C570C9F2B7CCA7A8357E392191F2
:10A6000036CDF345FDE3D53FFAD4D49A36A588A9D3
:10A6100049FBACF931C4B6EE6395191870430C626E
:10A62000944FEF5F487887C31A3DF2B1B8B68653AE
:10A63000FDE2307F3AF3ABFF00877A633936E67884
:10A64000C7A03915A2A9DCF529669A7BC8F36F3F2C
:10A65000DE9BE697385049F415DDA7C3BB756F9EA6
:10A6600079D87A6D02B7F48F0B58D848AD159AB3E4
:10A670008E8F2FCC7FC287511A4F34496899C5E815
:10A680003E09BFD58ACD700DBDB1FE261CB7D0578F
:10A69000AD787BC2B058C221B383683F79CFDE6FFB
:10A6A000A9ADAD26C2272A673835D6DBC1144804C8
:10A6B00060566E4D9E4D7C4D4ACFDE655D3B4B8EA8
:10A6C000D101C0DD5A545148E60A28A2801303D2B2
:10A6D000968A2800A4650C30452D1401C778BBC0AC
:10A6E000DA6F896D88B88479807C92A8C32FF88F3F
:10A6F0006AF03F13FC3ED5FC3923C8B19B9B4078E0
:10A70000910741EE3B57D5B546F6CEDE68CF9807A8
:10A71000229A9346F47113A4F43E34121070720F0F
:10A72000BD3C4B5EEBE27F03E81772BBFD9D2394BB
:10A73000FF001427693F874AE225F877641FE4B9D0
:10A74000B80BE9B41AD14D1EA53CC2EB54CE04CBD4
:10A75000EF4F8629EEE411C113C8C7A0519AF44BFC
:10A760003F01E991383209A63E8C702BB4D1F46BCD
:10A770007B3016DAD22857D5579FCE87509A998BBF
:10A78000E88F3AD0BE1C5DDDB2CDA9B1822EBE5895
:10A79000FBC7FC2BD4F44F0DDBD844B6F676DB17A1
:10A7A000B80393F535D059595BF0370DDFC47D3FC1
:10A7B000FAF5AF1A2449B625017F9D66DB7B9E65BD
:10A7C0005AF3A8FDE656B4B116C8016DA7D13FC62D
:10A7D000AC158FAF960FBB734E348691888A114E9D
:10A7E00054143EA87156E1BA2B8598820F4907F59B
:10A7F000F4AA46856DBD7907A8A00D9A2A95ACFBF1
:10A80000088D8E50F0A4F6F6ABB4005145140051FB
:10A81000451400514C96558972DF9565DCEA04E4D5
:10A8200003C7A0A004D474FB0B92CC0B4731EAD130
:10A830000CE7EA3A1AE6E6D0672E7625AC83B16CCF
:10A84000A93F956A4970EDDF03D2A12EDEB4014A1B
:10A85000DF429B77EF5ED6D47F78445FF53C56D5D8
:10A86000A787ECD3134B23DE3FF0990FCA3E8A38FB
:10A87000AA8973247DF8AB505C0DDBA36F29FF0020
:10A88000F1D3F51401A80000000003B0A5A862B937
:10A890001236C71B24F4EC7DC54D400D34D34E3425
:10A8A000D34008A7079E957607DCBB49E47EA2A8A3
:10A8B000D4D03E1D4FE06802ED3118B16CF4078A28
:10A8C000739C29A643F749F7A0092A2966118F7AB4
:10A8D000269846BEF59B2485DB2680165B86726A29
:10A8E000B9C9EB4F34D3400D34D34E34D3400F4964
:10A8F0008AF0795F4357E0B9D8064968FDFAAFFF9F
:10A90000005AB32A48A428D401BC0E46474A2AA5B7
:10A91000A4983E5FF09195FF000AB740051451409E
:10A9200005145140055707258FA93562AB2FDDFC73
:10A930004FF3A0042B9E94C23152D2100F5A008EB6
:10A94000834E2A453680194D229E690D00329D1B8B
:10A950001561CFD290D25005F0E24889EFDC511159
:10A96000F95BD8D56864DA79E87834FDE151867A04
:10A970008A00AD3B6F726A1A7B72698681894C22AC
:10A980009E690AEF21075638A042C11090F98FF74F
:10A990000741EA6A766CD48C985010600ED5150089
:10A9A0001494B450030F4A69A908A61A006D3924FB
:10A9B000C1009C63A11DA9A69A680356DE7F306D75
:10A9C0006C6F1FAFBD4F58F14841183861D0D6ACFD
:10A9D0005209630C383DC7A1A008E63B668CFA1A01
:10A9E0009EAB5CF51F4AB00E403EB400C9A51146AF
:10A9F0005BBF6AC1B894C8E726AF6A13E5B683C0E7
:10AA0000E2B32801845348A908A61140C8C8A69AF1
:10AA1000908AAD7130886072C7A0A012B892CA2324
:10AA20001EF50ACB339E0E07A51142D236E6E49AF4
:10AA3000D08ADC0038A0DA34FB9512D99F1B893FFD
:10AA40005A996C94F55157D620053F68148D92336E
:10AA50004D8C7FDD151B59A8E8B8AD5DA29A501149
:10AA6000D2995632C34909EE4569596A6C9804E493
:10AA70005452420D5392264395E0D0653A49EC7505
:10AA8000F6F7293A020D4F5C9595EB44E39C11D4FF
:10AA9000574B6D72B3C608EB41CCD35B9628A29A94
:10AAA000EC1119D8E154649F6A043A8AA169A82577
:10AAB000D95789B746E32A7D455FA0028A2B3356D2
:10AAC000D563B0871F7A46FBAA3BD034AFA226BE1F
:10AAD000D461B38CB3B015CADE6AF7178C563CA2AA
:10AAE0007AF73556479AF6632CCC493D07615623D1
:10AAF0008001D283AE9D0EACAA96DBB96E4FBD49E4
:10AB0000F6343D5455D540297005074A8A281B3430
:10AB10001FC229BE4B46728483ED5A3814D280D2AC
:10AB20001B8A65249DE3386E3DC569DAEA257018F5
:10AB3000E45537881ED55991A3395FCA99CD530E74
:10AB4000B789D5C72ACAB9534E35CFD9DE18D860D0
:10AB5000F1DC56EC72095030A0E369AD181A69A710
:10AB60001A69A042A373B4F435A76D21923C31F960
:10AB70009783EFEF5926ADDACBB64527A37CA7FA2A
:10AB800050068D4119DD72E7FD9FEB5331C293559D
:10AB9000EDF991FE82802CD4534CB0A64F5EC29F3B
:10ABA0002388D0B1AC4BAB8691CF3400DB9BA69110
:10ABB0008E0FE3550F34EA69A0630D30D486986890
:10ABC00001A7A534120F14EA69EB4017209C3AF94B
:10ABD0007274EC4751EE2B4ADE6624C52105C0C8CD
:10ABE0006FEF0F5AC1070722AFC32968838FBF1FBA
:10ABF000CC3E9DC502358D30D3B219430E846452CC
:10AC00001A00652A1E71EB486807073401759F74A6
:10AC10006A7D79A50C228413D6ABAC8BB76E7A1FF4
:10AC2000E74C9E5DC703A500452C85D8E4D4469C1F
:10AC300069281887A530D3E9A6810D34D34EA69A8A
:10AC40000069A294D25005CB67C6C6FEEB0FD6B5FD
:10AC5000AB1ED8640F7615B1400514514005145150
:10AC6000400556236CACA7BFCC2ACD3248C48B8E8E
:10AC700084720FA5004545202436D6E1BF9D2D00E6
:10AC80002D35941A7514010B023AD34D4E4546C921
:10AC9000E94011114DA908C5348A00652018C72460
:10ACA000E0629D49400D22929F4D22818CA7403346
:10ACB000703D81348453A138B81EEA68116A9AC87D
:10ACC0001BEB4EA5A00AE54A9C114956080460D426
:10ACD0004D191C8E450030D30D3E93140119A43438
:10ACE000E22908A0067B8AB56D3EC6C9E8786FF1F7
:10ACF000AAF429DA7DA8034AE7F87DC1A5326CB52C
:10AD00000DDF6D57593744149E54F1EE2993CBFB58
:10AD100084507A0A00A3336E735091521E69A45076
:10AD20000329A453C8A4C500412B88E3676E80554E
:10AD30000891A694BBF53FA54F7CD968E21FEF1F91
:10AD4000E953DAC430322837A51EA4B0C2001C551E
:10AD5000A55C50A9814E148DC5A4A5A298C69A4A97
:10AD600075262900C22A178C11560D348A06664DA5
:10AD70001156DCBC1AB9A7DE18DC73C77144918286
:10AD80002A930314991D2999548732B9D9C5209162
:10AD9000030AA9ACBF97A2DE30EBE530FCC62AAEB1
:10ADA000957790109FA54BE213FF00121BAF750320
:10ADB000F5141CA96A637861C9B5857FBB91FAD780
:10ADC000583A571FE19388C0F4635D7960AB93C034
:10ADD000028096E54D46FA3B0B5695FAF403D4FAF9
:10ADE0005716CD2DEDC34F31CB37E956B54BD6D4E1
:10ADF0006F8ED3FB94E107AFBD2C3160507551A726
:10AE00006D584510007153018A7018A283AD0DA2D0
:10AE10009D8A4C503129314B45218D233513A6474E
:10AE20004A9A908CD0233DD4C6FB856AE9D71C850D
:10AE30002783D2A94C9914DB37D9201E8699C9885B
:10AE4000869CC74869A6843BA30694D0718C34E8DD
:10AE5000FBAFAF4FAD2520E181A00D5326FB50FE87
:10AE6000A29B6DFC6DEF55E37FDDB21E9B811F8DB4
:10AE700039E5F2ADF03AB649A0086FAE771C03C7CA
:10AE80006ACD352B9DCD93519A006D34D388A4A003
:10AE900006114C22A4229A681919A69A908A6E2843
:10AEA000019566CDB1301D8D57C54F6A3F7EBF5AA3
:10AEB00000D9B3F9ACD41EAB95FC8D3C8C1A6D88CF
:10AEC000FF0046CFAB13FAD4CCB9A04406929CC382
:10AED00014D3400D2A2834B4940C6D369E69A68094
:10AEE0001A690D3A93A50030D34D3C8E69B400DA4F
:10AEF0004032714EC12702ADDBDA966CE39FE5402C
:10AF000087DA4477267A0F98D68D351046B81F8990
:10AF1000A750014514500145145001451450035DDC
:10AF20001645C11F43E9501DD19C3F4ECD5669AE19
:10AF3000542FCD8C1F5A008A8A68041F941D9E8D41
:10AF4000DA9D4009452D250034804735194F4A9A2E
:10AF50009A680202314DA9C8CD30A7A500454538F1
:10AF60008C526280184534928CAE064A9CE3D454CD
:10AF7000845348A0659560CA194E41E41A75548DF2
:10AF8000CC0C7A98CF51E9EF56C608041041E84539
:10AF9000020A5A28A008DE30791C1A84A907045531
:10AFA000AA6900F5A00AA45348A9DA3C722A22280B
:10AFB0000194869C452628191B06DCA41C6D34DCF4
:10AFC0001008273CE6A5C5348A008C8A691521142F
:10AFD000D228111914DC54845211401953FCD7CFD4
:10AFE0009EC00AD1B75E0567CA317D27D41FD2B48F
:10AFF000ADFA0A0EA86C5A038A4C7A528A5A0BB8D8
:10B00000CA5C538AE69290EE348A4A7D26280B8CDD
:10B010002290D3F1498A06464645549E3C8E95744B
:10B020008A8DD32281952D243138F6AD4D5E51376E
:10B0300087E6C1FEEFF31598D1ED6CD4F2397D3E71
:10B04000584F7C7F3A6734E1692641E1D5DBC7FB85
:10B0500055ABAEDE986D7C843F3C83071D8550D296
:10B06000808793C01CD4172ED7774D2B7AE00F41E1
:10B0700040A30BCCAB0438ED575571491C78A9712E
:10B0800041D886629315262908A0BB91D14FC526C9
:10B09000280B8DA4A7628C521DC6628A7E2931407E
:10B0A0005C8641C555847FA4E3D6ADC9D2ABDBAE87
:10B0B000EBB5029A31ADF0B3A080110AE69E6A5852
:10B0C00093F7201A632907141E7919A434E229285A
:10B0D00019192E1C303C018A42CEC8031C9A7914DF
:10B0E000D228111914D22A4229A4500464536A4266
:10B0F00029A4500308A69152114D228023229A457B
:10B100004845348A0646455AB442097C7414C8A09E
:10B110003230F4AD7B6B60A012381D07AFBD022644
:10B12000823F2A044F41CD3CD2D250046C3351119E
:10B130008E2A734D619A0086929C46292801A69A10
:10B1400069F4DA06328A71149400C228546738020E
:10B150009EA32C01ABD0A45C73CFA1A044705A7401
:10B1600027A7AD5D550A3006052D14005145140082
:10B170005145140051451400514514008CDB466ABA
:10B180001E49C9E4D2B1DCD9FC05250014514B405D
:10B1900009452E292801290D3A92801A45348A7EC4
:10B1A00029314011914D22A5DA4F4A691401111439
:10B1B000D22A4229314011E288DDA03C0CA1EABE2E
:10B1C0009F4A7E29703D28027565750CA720D155D0
:10B1D000BFD5B6E42013D47635611F7AE76953E80A
:10B1E0006801D8A4A5A28018698C80FD6A534DA07F
:10B1F0000AEC847BD308AB44546C80D0057C518A24
:10B2000090A914C22801845348A931498A008F1497
:10B21000D22A422931401997D1149966038236B750
:10B22000B7A54D6CFC0AB4E8AE85586411822B3F7B
:10B23000635B4BB1B91FC2DEA3FC6837A72E86AA99
:10B240009C8A7556864C815694E6835B80A5C669B8
:10B2500068A421846293152D34AD03B9191498A7FD
:10B26000E29314C77198A691526293140EE5774C3D
:10B27000D376657F9D582B4C29409AB9085DB1E083
:10B280007714D58EAC6C146CA071491185A315266A
:10B290002931417723C518A7E293140EE331498A77
:10B2A000931498A07723C518A931498A02E3314D38
:10B2B0003521E2A095B02905C8666C0AB5A4599756
:10B2C000733B8E0F02A2B4B46BD9B9FF00560F26A0
:10B2D000BA38E358902A8C014CE5AD52FEEA0C6076
:10B2E0006298CA08A90D34D07315D94834C22ACB44
:10B2F000007AD42CB8FA500474D229E45250046471
:10B30000521152114D22802322908A7E2908A06476
:10B3100065698462A6C5348A00888A7C503487D0E7
:10B320005588AD8B1048AD08A1118E719FE54088FE
:10B33000E0B6083E61C7A559A28A004341A5A4A072
:10B34000069A69A93696CE3B75A691CE2802322977
:10B350008462A4229A45004748453C8A6914C06625
:10B360002908A7E2908A43194E5908E0F228C5340B
:10B370008A045F827CE158E41E84FF002AB359519D
:10B38000B60E0F435A10B974C13F30E0D004B45127
:10B390004500145145001451450014D73843EA784C
:10B3A000A754721E40FC6801945252D002D1451439
:10B3B00000514B8A4A004A2968A006D48502A0F6AB
:10B3C000EB446BFC47F0A928021451BC60E40E6901
:10B3D000648B3CAFE22A4000E8314B401488A6E27F
:10B3E000AE3C6AFCF43EB503C4CBD4647A8A0086D2
:10B3F0008552E783803A9A76DDCDB41FA9A9400033
:10B400006070050022A2A0F9463DE9D45140051420
:10B41000514009498A752628018452114FC5348A42
:10B42000006114C2A0D4A45348A0080A1A6E2A725C
:10B4300029A45004245348A98AD34AD00458A8E523
:10B440008565428DF81F435395A4C50066AEF86428
:10B45000D8FD7B1F5157A29322896159530DF81EC5
:10B46000E2A08C346FB1BAF63EB41BC6772F039AB4
:10B470007629919C8A940CD22C4C518A7A46F202FD
:10B480005546D1FC4C70295A3658CBFCACA3A94385
:10B490009A09E64445734D229E1D4C7BD486523258
:10B4A00008EF4933AC33C504B8124A094039CE3AE3
:10B4B000D03E623C518A9444CE58280768C9C9C519
:10B4C000456AC2F903DBFCCA467278A63E642629A7
:10B4D000A453EDC8BB2443CE09073C6083834DB71A
:10B4E0007176CCB07CE558AB76C11D681F321B8AE3
:10B4F00031561EDA5442D80C075DA738A6C303DCC8
:10B5000044248F6943D0EEA07CEBB90629319AB66A
:10B51000D653804955C019FBD54E1952E2259623C2
:10B52000946E8681A9A7B0628C53E6FDC5A1BA933B
:10B530000B1038CE79EB8E9476A06A49EC478A4C92
:10B54000548460138A49B16F2C514A4079412807CD
:10B5500039C503E6488F148462A522A3618A077265
:10B56000191B151C16CF792ED5E147DE6AB115AB34
:10B570005C498E8BDCD6C41024118441802831A90B
:10B5800056DA2082048230883005494B450728D39B
:10B590004869D48450030D308A90D348A008597D5F
:10B5A000298454E4534AD004245348A948A691401E
:10B5B00011E29B8A948A6E28023C5262A422931460
:10B5C000013C536DE8D8F622AD473063B48C376F39
:10B5D000435998A923931F2B74A00D4A2A2865DC90
:10B5E0003631CB6383EA2A60AC7B63EB400DE9D64E
:10B5F0009550B7B0A90201CF53EA69D4009B46DC4D
:10B600000E9516DDE7A107BD4D450043326391D38A
:10B61000A1A808ABA402307A55575DA707F0A0088F
:10B62000A9314E22931400D2B4D23152518A008BE8
:10B630001498A9B60348623D8D00438E6AD5BBE1DC
:10B64000D7DC60D42636F4A7C61947231839A00BD7
:10B65000F4514500145145001451450015149F7CC8
:10B66000FD2A5A85BEF37D6801B4A28A5A00296971
:10B67000052D001452E283C50026295577727A768B
:10B6800014AAB9E5BF2A7D001451450014514500A4
:10B69000141E0668A64A7E4C7AF14010F525B1C901
:10B6A000A5A4EF4B40052D1450014628A280128A14
:10B6B0005A2801B8A4229D41E39A0066DA695E6ABD
:10B6C000CA2614E7A9FD2A3207249C11D450042568
:10B6D0000819EDD8D308ABCA83CB0AC3EB55E48C69
:10B6E000A1E7A7634015C8A4C54856931400CC52DF
:10B6F000607A53F18AAF3CDB3E55E5A81A09244431
:10B70000EDCD424997D05352267396E6ACA458A08B
:10B71000D14458D4E064E7DEA6C64522AE29E05005
:10B72000594EEACEEF52F2E0DC82D1181655C82D00
:10B7300081D09AB08B63A2A3C8EF14231F713A9FE4
:10B74000C3B9A75C47F68B1FB3A5CFD9DF3F7B38C2
:10B75000C8CF233551ADB4BD3236964F29E5C7CA9F
:10B76000036E663FCE8327D88F4C593FB3D9A4527E
:10B770009BDD9D54FF000A93902A7D50675CD3BFE8
:10B78000DC93FA53ED5F7D9C6D773C50CAE32558FE
:10B790008047EB525CADADC5E4171F6E814C21862E
:10B7A000DDE0E73F8D036D5D13C1D66FF73FC6B295
:10B7B000EC27FEC8D0AD19D7324CEA02FB13FE1CB1
:10B7C000D5DB4BCB779EE54C88123213796015BEE2
:10B7D0009552E192FB59892365682D53395391B8ED
:10B7E000FF00F5A813D596ADA136DAEDC28FF5733B
:10B7F000279ABF5C807FC7F1ACAB3FB4FD86F22BCC
:10B80000668D0C93C80BB67239ED8ADF49A04443AC
:10B810003491A3A82A0BB01C7F9C56569222305C10
:10B82000EF202BCAF871CEDE7AD00B7D49B4EB48FD
:10B83000749B669C9C22A664DB962C7D4D57D26639
:10B84000905B4C5E3FDCCD233089BA8535616E2D2F
:10B8500034D8DE47B98E695976ED8F9690FD05474D
:10B860006316746FB35D39859B90FF00DDE722811D
:10B870009149A4D9242D3C48CF12F2CA58EE4FD793
:10B880009A9618A28E1558401181F281D31524D7AB
:10B89000B6D656B2289D2E279176AA47CE4E2A3B81
:10B8A000285A1B28A393EF2AE0D05C1962EAD0DE65
:10B8B000E89F67122465981DCFD386CD417612CEBE
:10B8C000D5A579A360B8184393CF153DCC56F75A48
:10B8D0005FD925B98E12C73F330CF0D9E955A4B30F
:10B8E000D32189A4125A314527036E4E3F1A0952BB
:10B8F000B37A935D5C456D04324762B323FCACDBE5
:10B90000B6ED3EF516B7363ECF1436CAD752237978
:10B9100052923F77D33525B4A92C00BA661997E621
:10B9200043E950EA32452EAB64B148AFB15C100E2A
:10B9300071D3AD00D5A48550768DDD71CD211CD499
:10B94000D8A42B41D17211298FA1A9E2BC39E4E618
:10B95000A268F350B4641C8EB418CA9AE86C472AE3
:10B96000C838A92B22194AB7A1AD3865122FBD06D8
:10B970002D589290D3B149F5A04348A690719A9959
:10B9800023DDCB0E3B0A1D724FA8A00AF4D22AC2B7
:10B99000C7BF39EDFCEA261FFD7A00888A6E2A426D
:10B9A000293140111148454A45376D00478A4C54AA
:10B9B000845371400C229A56A5C5371401242C7863
:10B9C000C7DE5E4569A30740C3A115929F2B0AD02D
:10B9D000B66E193D391F8D0058A28A2800A28A2808
:10B9E00000A6BA075C77EC69D4500546520E08E40D
:10B9F000537156DD038F7EC6AB9521B04734011ECF
:10BA00002971526CA695C50020A5A29680128C645F
:10BA100011ED4B40EB401610E514FB53A991FF00CC
:10BA2000AB5A7D001451450014514500151632C71C
:10BA3000EB52D47FC47EB40085693152E38A36D09C
:10BA40000300A5C529A4E4F0280027F3A50B8E4F19
:10BA50005A50314B400514514005145140051451C2
:10BA60004005452FDE03D054B50BF2E7F2A0060ADD
:10BA700051452D0014B8A28A0028A5C5140094943D
:10BA8000B8A3A0C9A004A722E4EE3D3B0A554DDCB3
:10BA9000B74EC2A4A00290AA939206477A5A2800F1
:10BAA000A0804608C8A28A00AEF011CA723D2A12D0
:10BAB000B57A9922230CB76EF4019B3C9E5A7FB451
:10BAC0007A5558E32C771E49A91CF9B31392476F96
:10BAD000A54E880628358AB0891802A502940A5C0A
:10BAE000505098A5C518A5C50035915D76B2861E43
:10BAF000845469696F1B6E486356F50A2A7C518A23
:10BB00000446F0C721CBC6AC7DC669BF6683FE780C
:10BB100047FF007C8A9E8C50045E445B76F949B7EF
:10BB2000D368C50B1227DC455FA0C54B8A31401096
:10BB3000BC492637A2B63D466955150615401E80FC
:10BB40005498A4C50322F2A30DB846A0FAE39A5272
:10BB5000A29F8A280B9088A353954553EA0529157F
:10BB6000262936D03B90B431B9CBC6AC7D48CD3315
:10BB7000ECF0FF00CF18FF00EF915631462819185E
:10BB8000000C018149B1739DA33EB8A93146280B31
:10BB900091E28C53F146281DC8F6D34A0C54B8A341
:10BBA0001405CA8F1F7152C121535232F15095DAD8
:10BBB000D9A089ABA351183018E4FA0A9163E72D94
:10BBC000827D3D2A0B47006DAB7418053193272108
:10BBD0008834FA2801000060545327F10FC6A6A24A
:10BBE0008029114DC54F247B0F1F77F95444500312
:10BBF000314629D8A31400DC526C069F8A5039A024
:10BC000008CC3E869A626F6A9F14B8A00ADE53671A
:10BC1000A559832B22E7B8C52629C38C1F420D00E6
:10BC20005AA28A2800A28A2800A28A2800A6B286E0
:10BC30001CD3A8A0087953834A541A90A861835151
:10BC4000F2A707F3A0061522931537069368A008FC
:10BC500080CD2EDC1A942D045002C7C20A75353EE1
:10BC6000E0A7500145145002E28C52D140098A4DA0
:10BC70008339E69D45003768F7A368F7A751400D63
:10BC8000D83D4D285006052D140098A314B4500239
:10BC9000628C52D140098A314B45002628C52D14AB
:10BCA0000098A6F94A73C9A7D14011F94BEA697CFB
:10BCB000A5F534FA28019E5AFA9A3CB1EF4FA280BA
:10BCC00019E58F7A5D83DE9D450037CB1EF4823502
:10BCD000073C9A7D140098A314B45002628C52D190
:10BCE00040098A314B45002629B246244284900FF0
:10BCF000A53E8A00AAB6112F42FF0098A78B58C70D
:10BD000076A9E8A07CCC87ECC9EAD47D9D3D5AA6F3
:10BD1000A280E6645F674F5347909EA6A5A280BBB2
:10BD200022F217D4D1E42FA9A968A02EC8BC85F5AA
:10BD300034BE42FA9A928A02EC8FC85F5349E42FCC
:10BD4000A9A968A02EC8BECE9EAD49F674F56A9A20
:10BD50008A02EC87ECE9EAD47D993D5AA6A280BB21
:10BD600021FB327AB51F664F56A9A8A039990FD981
:10BD700093D5A8FB327AB54D4501CCC83ECA9EADDD
:10BD800047D963F56FCEA7A281F3320FB247EADF3E
:10BD90009D1F648FD5AA7A280E6641F648FD5BF395
:10BDA000A3EC91FAB7E753D1407332BFD8E3F56FF4
:10BDB000CE9A6C223DDFF3156A8A039990476A9107
:10BDC000E30CDC7A9A9B14B4504898A314B4500244
:10BDD000628C52D1400854118351F909EA6A5A28F9
:10BDE000021FB3A7AB51F674F56A9A8A0087ECE993
:10BDF000EAD4BF674F5352D140117909EA68F21370
:10BE0000D4D4B450045E42FA9A3C85C6326A5A28A9
:10BE10000131462968A004C518A5A28013146296B2
:10BE20008A004C518A5A2801314150460D2D140088
:10BE3000C1181DCD3B6FD6968A004C521407B9A786
:10BE400051400814018A314B45002628C52D1401A4
:10BE5000FFD92F53544D3332463478375F66696CBF
:10BE600065732F5468756D62732E646200004854C8
:10BE700054502F312E3020323030204F4B0D0A538A
:10BE800065727665723A206C7749502F312E332EC9
:10BE9000312028687474703A2F2F736176616E6E4A
:10BEA00061682E6E6F6E676E752E6F72672F70727F
:10BEB0006F6A656374732F6C776970290D0A436F1D
:10BEC0006E74656E742D747970653A20746578743B
:10BED0002F706C61696E0D0A0D0AD0CF11E0A1B10F
:10BEE0001AE1000000000000000000000000000057
:10BEF00000003E000300FEFF0900060000000000F5
:10BF0000000000000000010000000100000000002F
:10BF10000000001000000200000001000000FEFF11
:10BF2000FFFF0000000000000000FFFFFFFFFFFF19
:10BF3000FFFFFFFFFFFFFFFFFFFFFFFFFFFFFFFF11
:10BF4000FFFFFFFFFFFFFFFFFFFFFFFFFFFFFFFF01
:10BF5000FFFFFFFFFFFFFFFFFFFFFFFFFFFFFFFFF1
:10BF6000FFFFFFFFFFFFFFFFFFFFFFFFFFFFFFFFE1
:10BF7000FFFFFFFFFFFFFFFFFFFFFFFFFFFFFFFFD1
:10BF8000FFFFFFFFFFFFFFFFFFFFFFFFFFFFFFFFC1
:10BF9000FFFFFFFFFFFFFFFFFFFFFFFFFFFFFFFFB1
:10BFA000FFFFFFFFFFFFFFFFFFFFFFFFFFFFFFFFA1
:10BFB000FFFFFFFFFFFFFFFFFFFFFFFFFFFFFFFF91
:10BFC000FFFFFFFFFFFFFFFFFFFFFFFFFFFFFFFF81
:10BFD000FFFFFFFFFFFFFFFFFFFFFFFFFFFFFFFF71
:10BFE000FFFFFFFFFFFFFFFFFFFFFFFFFFFFFFFF61
:10BFF000FFFFFFFFFFFFFFFFFFFFFFFFFFFFFFFF51
:10C00000FFFFFFFFFFFFFFFFFFFFFFFFFFFFFFFF40
:10C01000FFFFFFFFFFFFFFFFFFFFFFFFFFFFFFFF30
:10C02000FFFFFFFFFFFFFFFFFFFFFFFFFFFFFFFF20
:10C03000FFFFFFFFFFFFFFFFFFFFFFFFFFFFFFFF10
:10C04000FFFFFFFFFFFFFFFFFFFFFFFFFFFFFFFF00
:10C05000FFFFFFFFFFFFFFFFFFFFFFFFFFFFFFFFF0
:10C06000FFFFFFFFFFFFFFFFFFFFFFFFFFFFFFFFE0
:10C07000FFFFFFFFFFFFFFFFFFFFFFFFFFFFFFFFD0
:10C08000FFFFFFFFFFFFFFFFFFFFFFFFFFFFFFFFC0
:10C09000FFFFFFFFFFFFFFFFFFFFFFFFFFFFFFFFB0
:10C0A000FFFFFFFFFFFFFFFFFFFFFFFFFFFFFFFFA0
:10C0B000FFFFFFFFFFFFFFFFFFFFFFFFFFFFFFFF90
:10C0C000FFFFFFFFFFFFFFFFFFFFFFFFFFFFFFFF80
:10C0D000FFFFFFFFFFFFFFFFFFFFFDFFFFFF100060
:10C0E0000000FEFFFFFF0400000005000000060046
:10C0F00000000700000008000000090000000A001E
:10C1000000000B0000000C0000000D0000000E00FD
:10C1100000000F000000FEFFFFFFFEFFFFFFFFFF1C
:10C12000FFFFFFFFFFFFFFFFFFFFFFFFFFFFFFFF1F
:10C13000FFFFFFFFFFFFFFFFFFFFFFFFFFFFFFFF0F
:10C14000FFFFFFFFFFFFFFFFFFFFFFFFFFFFFFFFFF
:10C15000FFFFFFFFFFFFFFFFFFFFFFFFFFFFFFFFEF
:10C16000FFFFFFFFFFFFFFFFFFFFFFFFFFFFFFFFDF
:10C17000FFFFFFFFFFFFFFFFFFFFFFFFFFFFFFFFCF
:10C18000FFFFFFFFFFFFFFFFFFFFFFFFFFFFFFFFBF
:10C19000FFFFFFFFFFFFFFFFFFFFFFFFFFFFFFFFAF
:10C1A000FFFFFFFFFFFFFFFFFFFFFFFFFFFFFFFF9F
:10C1B000FFFFFFFFFFFFFFFFFFFFFFFFFFFFFFFF8F
:10C1C000FFFFFFFFFFFFFFFFFFFFFFFFFFFFFFFF7F
:10C1D000FFFFFFFFFFFFFFFFFFFFFFFFFFFFFFFF6F
:10C1E000FFFFFFFFFFFFFFFFFFFFFFFFFFFFFFFF5F
:10C1F000FFFFFFFFFFFFFFFFFFFFFFFFFFFFFFFF4F
:10C20000FFFFFFFFFFFFFFFFFFFFFFFFFFFFFFFF3E
:10C21000FFFFFFFFFFFFFFFFFFFFFFFFFFFFFFFF2E
:10C22000FFFFFFFFFFFFFFFFFFFFFFFFFFFFFFFF1E
:10C23000FFFFFFFFFFFFFFFFFFFFFFFFFFFFFFFF0E
:10C24000FFFFFFFFFFFFFFFFFFFFFFFFFFFFFFFFFE
:10C25000FFFFFFFFFFFFFFFFFFFFFFFFFFFFFFFFEE
:10C26000FFFFFFFFFFFFFFFFFFFFFFFFFFFFFFFFDE
:10C27000FFFFFFFFFFFFFFFFFFFFFFFFFFFFFFFFCE
:10C28000FFFFFFFFFFFFFFFFFFFFFFFFFFFFFFFFBE
:10C29000FFFFFFFFFFFFFFFFFFFFFFFFFFFFFFFFAE
:10C2A000FFFFFFFFFFFFFFFFFFFFFFFFFFFFFFFF9E
:10C2B000FFFFFFFFFFFFFFFFFFFFFFFFFFFFFFFF8E
:10C2C000FFFFFFFFFFFFFFFFFFFFFFFFFFFFFFFF7E
:10C2D000FFFFFFFFFFFFFFFFFFFF52006F006F0038
:10C2E0007400200045006E007400720079000000A8
:10C2F000000000000000000000000000000000003E
:10C30000000000000000000000000000000000002D
:10C310000000000000000000000016000500FFFF04
:10C32000FFFFFFFFFFFF0200000000000000000011
:10C3300000000000000000000000000000000000FD
:10C34000000000000000A01E714059B7CD0103009D
:10C350000000C018000000000000310000000000D4
:10C3600000000000000000000000000000000000CD
:10C3700000000000000000000000000000000000BD
:10C3800000000000000000000000000000000000AD
:10C390000000000000000000000004000201FFFF98
:10C3A000FFFFFFFFFFFFFFFFFFFF00000000000097
:10C3B000000000000000000000000000000000007D
:10C3C000000000000000000000000000000000006D
:10C3D00000009A0900000000000032000000000088
:10C3E000000000000000000000000000000000004D
:10C3F000000000000000000000000000000000003D
:10C40000000000000000000000000000000000002C
:10C410000000000000000000000004000201010014
:10C42000000003000000FFFFFFFF0000000000000D
:10C4300000000000000000000000000000000000FC
:10C4400000000000000000000000000000002700C5
:10C450000000280B00000000000033000000000076
:10C4600000000000000000000000000000000000CC
:10C4700000000000000000000000000000000000BC
:10C4800000000000000000000000000000000000AC
:10C490000000000000000000000004000201FFFF97
:10C4A000FFFF04000000FFFFFFFF0000000000008E
:10C4B000000000000000000000000000000000007C
:10C4C0000000000000000000000000000000540018
:10C4D0000000250300000000000001000000020031
:10C4E000000003000000040000000500000006003A
:10C4F00000000700000008000000090000000A001A
:10C5000000000B0000000C0000000D0000000E00F9
:10C5100000000F00000010000000110000001200D9
:10C5200000001300000014000000150000001600B9
:10C5300000001700000018000000190000001A0099
:10C5400000001B0000001C0000001D0000001E0079
:10C5500000001F0000002000000021000000220059
:10C560000000230000002400000025000000260039
:10C570000000FEFFFFFF28000000290000002A0045
:10C5800000002B0000002C0000002D0000002E00F9
:10C5900000002F00000030000000310000003200D9
:10C5A00000003300000034000000350000003600B9
:10C5B00000003700000038000000390000003A0099
:10C5C00000003B0000003C0000003D0000003E0079
:10C5D00000003F0000004000000041000000420059
:10C5E0000000430000004400000045000000460039
:10C5F00000004700000048000000490000004A0019
:10C6000000004B0000004C0000004D0000004E00F8
:10C6100000004F00000050000000510000005200D8
:10C62000000053000000FEFFFFFF55000000560011
:10C6300000005700000058000000590000005A0098
:10C6400000005B0000005C0000005D0000005E0078
:10C6500000005F00000060000000FEFFFFFF6200BE
:10C660000000FEFFFFFFFFFFFFFFFFFFFFFFFFFFD9
:10C67000FFFFFFFFFFFFFFFFFFFFFFFFFFFFFFFFCA
:10C68000FFFFFFFFFFFFFFFFFFFFFFFFFFFFFFFFBA
:10C69000FFFFFFFFFFFFFFFFFFFFFFFFFFFFFFFFAA
:10C6A000FFFFFFFFFFFFFFFFFFFFFFFFFFFFFFFF9A
:10C6B000FFFFFFFFFFFFFFFFFFFFFFFFFFFFFFFF8A
:10C6C000FFFFFFFFFFFFFFFFFFFFFFFFFFFFFFFF7A
:10C6D000FFFFFFFFFFFFFFFFFFFF0C000000010057
:10C6E00000008E090000FFD8FFE000104A464946CE
:10C6F00000010101006000600000FFDB0043000357
:10C7000002020302020303030304030304050805F2
:10C71000050404050A070706080C0A0C0C0B0A0B93
:10C720000B0D0E12100D0E110E0B0B101610111317
:10C73000141515150C0F171816141812141514FFCC
:10C74000DB00430103040405040509050509140D74
:10C750000B0D1414141414141414141414141414A9
:10C760001414141414141414141414141414141489
:10C770001414141414141414141414141414141479
:10C7800014141414FFC000110800300060030122CB
:10C7900000021101031101FFC4001F000001050187
:10C7A000010101010100000000000000000102037E
:10C7B0000405060708090A0BFFC400B510000201B2
:10C7C0000303020403050504040000017D010203C4
:10C7D0000004110512213141061351610722711421
:10C7E000328191A1082342B1C11552D1F0243362A4
:10C7F0007282090A161718191A25262728292A3499
:10C8000035363738393A434445464748494A535400
:10C8100055565758595A636465666768696A7374F0
:10C8200075767778797A838485868788898A9293E2
:10C830009495969798999AA2A3A4A5A6A7A8A9AA01
:10C84000B2B3B4B5B6B7B8B9BAC2C3C4C5C6C7C81F
:10C85000C9CAD2D3D4D5D6D7D8D9DAE1E2E3E4E550
:10C86000E6E7E8E9EAF1F2F3F4F5F6F7F8F9FAFFAA
:10C87000C4001F01000301010101010101010100C8
:10C8800000000000000102030405060708090A0B66
:10C89000FFC400B5110002010204040304070504EB
:10C8A0000400010277000102031104052131061280
:10C8B00041510761711322328108144291A1B1C123
:10C8C00009233352F0156272D10A162434E125F19E
:10C8D0001718191A262728292A35363738393A439E
:10C8E0004445464748494A535455565758595A6340
:10C8F0006465666768696A737475767778797A8231
:10C90000838485868788898A929394959697989947
:10C910009AA2A3A4A5A6A7A8A9AAB2B3B4B5B6B76C
:10C92000B8B9BAC2C3C4C5C6C7C8C9CAD2D3D4D598
:10C93000D6D7D8D9DAE2E3E4E5E6E7E8E9EAF2F3C4
:10C94000F4F5F6F7F8F9FAFFDA000C03010002112A
:10C950000311003F00FD4DA2B2975E885D4B0C981D
:10C960000518A9C678C1C7FF005EAF4D791476528D
:10C97000DC8913CA442E5D9805000CF27B50072514
:10C98000F12B4AF1B6AD16989E0DD66D3462B2B950
:10C99000BD96E5559990AE142068A419079E71D3F1
:10C9A0001DF8E3F49F09FC63136A506B5E29D1B54F
:10C9B0003D3258DA2B75893C89F06439691D60C6AF
:10C9C000E31B63E4030541E726BBAD2BC7105DAE57
:10C9D000E91C489FDF8E32A3F0049C8FCABA58AE80
:10C9E000E19EDFCF4955A1C677E7803BE6803CFA60
:10C9F000DBC1FE33F0AE8967A5F86B5BB39AD6D680
:10CA0000DFECF18D79E7BB9788D70E66626466DF4D
:10CA1000BFEF1202E383D05C8A2F896671E6DC786F
:10CA20005C420758E2B8DD9C9EC4F4C63B8E4F7052
:10CA300039F803C2FF00B49F8E3C15E2CD5D22D7CA
:10CA4000354BCBDB2BD9ADEEC6A17F25DC33CA8EAF
:10CA500055CF952128AA48E047B0818008AFACBEE9
:10CA600004FED95E1CF8A72C9A3EBF00F0A789618E
:10CA700089E630CF266DAE91016778A43DC282C5AC
:10CA80001B903382C01357C92B5EC7D1E2F20C7ED4
:10CA90001284715285E9B57BAD77EE7AA5A4FE3E8E
:10CAA0009E1B3696DB43B79026EB98E5327CCDE7AC
:10CAB00037CA8559B1FBA0BC9CFCCFE808399AFC69
:10CAC0005F16DD6D868971E0C89BECE8676BF86ED8
:10CAD000DC79F8937050AC3E4CF95824E787E39129
:10CAE0008F30FDA0BF6DEF0CFC2530E93E1C817C32
:10CAF00061E26BA892648EDE502D2D91D4323CB24F
:10CB00000EA4A90C117923192A0827E41F11FED4B9
:10CB1000FE3BF1978EF4859F5DD52D2EE7BC863BBD
:10CB200075D3EFA4B58207671B7F73190AE83B87AB
:10CB3000DE48C824D52A536AF6D0BC1F0EE618DC9E
:10CB40003CB17185A9A4DDDE9B763EF16B1F8F524F
:10CB50005FDD49FDA7E0386D5A1290C51C1764A32C
:10CB6000EE6C3927BE0A8EA4707E5AEDBE1C7FC2C1
:10CB700066BA44F1F8D9B4A935186458E29F4A4717
:10CB8000549D0469BA460CC769321900031C2A9CDB
:10CB900002DB57A0B9D5ECEC34C37F73731C76AAC3
:10CBA00081DA627E5C7B579B5EFC6FD3EF27F2ECF1
:10CBB0009E78A007066588161EE777007B609F7148
:10CBC000591F327AAD154EDF5285B4986FA59A255C
:10CBD00085E2594CA186CC100E41F4E6B1A3F1CD0B
:10CBE00095E5FC56F6B22C9BDC28241F9B271C7A6B
:10CBF0007E3FA5003B5DB58A1BC32AB00F20CBAF9B
:10CC0000A7BD79D78BF5BF3AC2EAC55D9ED2553133
:10CC1000CA99F9581EA08AF44F1669325D8124130F
:10CC20002A330C346DFC5EF54ADFC19A64DE19BA12
:10CC3000B5B99BCC332932CEBC14618231F4C7E341
:10CC4000CFAD0079AFC38BF59BC3E6D831916C585B
:10CC5000DB89C8E1C2818C9E8481C1C6791DB38AFB
:10CC6000C6F1878CA4B7496D6DAE1C42D90CAAD809
:10CC700053D33C77E83F2ADAB6F0C5F687A043A342
:10CC8000D939BC820DCA2454F2CB6E762370C9F513
:10CC9000E79EBCD75163F06ADAEFC1F77697F2C727
:10CCA000F6FBC42FF684F9842DC14C1EE060E7D753
:10CCB00026981F9F1F197C3BA3E91E353AC5A6ACD9
:10CCC00090EA9AB6D79F4611162E47067C8E1071B1
:10CCD000839E49E99F988C8D6750F01DACB7B0CB0F
:10CCE000A8DD996056F21826E13128DB41C26506BD
:10CCF000EDA0E72704903A0AD3FDA3BE0A78EFC15E
:10CD00009E33D5BC4965A736BBA3DD2A24B77A4933
:10CD100037125AEC40BCA01B950E33BB181939C70B
:10CD200019B3FB267ECBDE22F8BDE2A83C43AAE97C
:10CD300093E9BE13D3834A92DF466337B7001F2DB2
:10CD4000154F254360B1C638C73938EE8351A776F1
:10CD5000CFDDF27C660F0B9046BE2B18EF14FDD88A
:10CD6000B8DEFD23669FCBD5BDAD6F2CD4E6F07D3C
:10CD7000CEA9B4EB17B1D919224496DA1E110BC90A
:10CD8000BD882A09C22C630327739EA057A3FEC542
:10CD90005F0AFC2DE39F1AAF88F52F11C336ADA2B1
:10CDA000033FFC23D24252453D165DC7875E7B722E
:10CDB0000F51C83527ED7FFB26F8A7E156BADE2BC9
:10CDC000D13499F56F0A6A314735E7F67C6656D358
:10CDD000AECA8F3559579F2D9F2CAC0606EDA7186C
:10CDE00019ADFB1AFECFDE37D6BE21DA78DA6D2E0A
:10CDF000E344D06D2292349AFB30B5D338C6154F38
:10CE000025075248C74C67B54E49D3BA9179C66BCE
:10CE100084C5F0FCA586C5B4E497BAF96FE71B2872
:10CE2000ADFAFF0095CFAF3C7BE2D92E164B78E6EA
:10CE30007300390A58E3BE303F13F9D719E09D2E2D
:10CE4000DBC5DAF8B4BDD7BFB362079B70ECAD3079
:10CE5000F453F747A73EBDEBE82F14FC128751F0BF
:10CE600013D8DB4F10D5A30274B96E15E4E77293A3
:10CE7000D948207E00D781F81FE05788F5DF128956
:10CE8000EFC26996369265E4F315D9C8ECA14FEB71
:10CE9000D2BCF3F053D87C47AD7D9F4E8F4FB66622
:10CEA0004B1814247103F280A30001ED577E0E5835
:10CEB00043ABEB335ECBA88696D01DB60320F3C6FA
:10CEC000F3EA3E9DFAD75BE22F03E9979E1016AB7B
:10CED00071E44ABFBC8EE586497E73903B1E98F68E
:10CEE0001E95CEFC1FF879268BAC5C6AF757D1CB28
:10CEF0003AA18920873C027924903D290CF52BE842
:10CF000055F6B1E7B62B16EED2444758D8EC7FBCA5
:10CF1000BEB5D04F0348E08E8053A3B609C919347B
:10CF200008E52DEC925B7318F9645CE73DEAADCC43
:10CF3000F7769613D98CEC90101B3D01EA07D6BA10
:10CF4000B36244AE523DA09ED4D7D1C5C291271F33
:10CF5000866803CAEC7478E7D4273320768F0111F2
:10CF6000871823AFE7C7E15A96325C7876F7ED165B
:10CF700060AC6DF2CB08FBAC3D71EA3AD74B27862B
:10CF800066FB76F117CA9D1C756CFF004A749E1CE7
:10CF9000BA91581EA7A100647040FE87F0A47A9051
:10CFA000AB0F64A12470BE21BCBDF111845D92D091
:10CFB000C31AAAC47EEB30037391DC939C7A0FC62C
:10CFC000AB786AC6E20D6638AD94AC322B19A31F5C
:10CFD000770070D8EC7381F8D7752785AE9B398FB1
:10CFE000767D80C558D1B44BAD3AE594DB8F265F92
:10CFF000BCF81B81EDCFA7B533A6788A6B0CE9414D
:10D000007E5F798BAC5EDDCFA725964AA2F0C73C48
:10D01000B01D01FCEB3BC27A2DD7F6B99D414B65A3
:10D0200004393D0FA0F7AEE751D00C9831AEFCF5B6
:10D030001468BA45C584E432930B0FBA7B1F5A0FAC
:10D0400008C7D42097688D892AB9DA2B4FC29A5223
:10D050005AA497425DEF20DA54745FAFBD6BDEE9EE
:10D06000CB7401C6187EB49A7D81B3DE0000360F02
:10D070001401FFD9000000000000000000000000C3
:10D0800000000000000000000000000000000000A0
:10D09000000000000000000000000C000000010083
:10D0A00000001C0B0000FFD8FFE000104A46494674
:10D0B00000010101006000600000FFDB004300038D
:10D0C0000202030202030303030403030405080529
:10D0D000050404050A070706080C0A0C0C0B0A0BCA
:10D0E0000B0D0E12100D0E110E0B0B10161011134E
:10D0F000141515150C0F171816141812141514FF03
:10D10000DB00430103040405040509050509140DAA
:10D110000B0D1414141414141414141414141414DF
:10D1200014141414141414141414141414141414BF
:10D1300014141414141414141414141414141414AF
:10D1400014141414FFC000110800390060030122F8
:10D1500000021101031101FFC4001F0000010501BD
:10D1600001010101010000000000000000010203B4
:10D170000405060708090A0BFFC400B510000201E8
:10D180000303020403050504040000017D010203FA
:10D190000004110512213141061351610722711457
:10D1A000328191A1082342B1C11552D1F0243362DA
:10D1B0007282090A161718191A25262728292A34CF
:10D1C00035363738393A434445464748494A535437
:10D1D00055565758595A636465666768696A737427
:10D1E00075767778797A838485868788898A929319
:10D1F0009495969798999AA2A3A4A5A6A7A8A9AA38
:10D20000B2B3B4B5B6B7B8B9BAC2C3C4C5C6C7C855
:10D21000C9CAD2D3D4D5D6D7D8D9DAE1E2E3E4E586
:10D22000E6E7E8E9EAF1F2F3F4F5F6F7F8F9FAFFE0
:10D23000C4001F01000301010101010101010100FE
:10D2400000000000000102030405060708090A0B9C
:10D25000FFC400B511000201020404030407050421
:10D2600004000102770001020311040521310612B6
:10D2700041510761711322328108144291A1B1C159
:10D2800009233352F0156272D10A162434E125F1D4
:10D290001718191A262728292A35363738393A43D4
:10D2A0004445464748494A535455565758595A6376
:10D2B0006465666768696A737475767778797A8267
:10D2C000838485868788898A92939495969798997E
:10D2D0009AA2A3A4A5A6A7A8A9AAB2B3B4B5B6B7A3
:10D2E000B8B9BAC2C3C4C5C6C7C8C9CAD2D3D4D5CF
:10D2F000D6D7D8D9DAE2E3E4E5E6E7E8E9EAF2F3FB
:10D30000F4F5F6F7F8F9FAFFDA000C030100021160
:10D310000311003F00FD53A28A4A0061381CFE350C
:10D32000F227C4BFDAA3C47A5F8E355B1F0F3D9826
:10D33000D2ED25F2236961DE5D97876CE7A160710C
:10D34000ED8AF7CF8E3E3BFF00857DF0EB53BF8922
:10D35000F6DFCABF66B31DCCAF9008FF007465BF8F
:10D36000E035E25F0A7F64A8F54D360D5BC6335C9D
:10D3700046F30122E9B09D8C01E479ADC9C9FEE80C
:10D38000C63B9EC3EBF2486070F4E78CCC55E3B427
:10D3900055AF77BB697969A9F9AF13D6CD3195E956
:10D3A000E5B93C9C67F14A49D925B24DF9EAEC71DF
:10D3B0003FF0D6DE3FFF009EDA77FE031FF1A3FEAB
:10D3C0001ADBC7FF00F3DB4EFF00C063FE35F462DB
:10D3D000FECB7F0DD540FEC1738F5BDB8FFE2E979A
:10D3E000FE196FE1B7FD005FFF0003AE3FF8E57B7C
:10D3F0007FDB1C3DFF0040AFEE5FE67CBFFAB7C6A7
:10D400001FF41CBFF0297F91F397FC35B78FFF0005
:10D41000E7B69DFF0080C7FC68FF0086B6F1FF00FD
:10D42000FCF6D3BFF018FF008D7D1BFF000CB7F09A
:10D43000DBFE800FFF0081D71FFC728FF865BF866F
:10D44000DFF4017FFC0EB8FF00E3947F6C70F7FD02
:10D4500002BFB97F987FAB7C61FF0041CBFF000228
:10D4600097F91F397FC35B78FF00FE7B69DFF80CFB
:10D470007FC68FF86B6F1FFF00CF6D3BFF00018FE2
:10D48000F8D7D1BFF0CB7F0DBFE802FF00F81D71C8
:10D49000FF00C728FF00865BF86DFF004007FF0014
:10D4A000C0EB8FFE3947F6C70F7FD02BFB97F9876C
:10D4B000FAB7C5FF00F41CBFF0297F91F398FDADCA
:10D4C0007C7E47FAED3BFF00018FF8D7D07FB3AFEA
:10D4D0008DFC55F113C3D7DAD7885A0FB334DE5514
:10D4E000A2C10F97BB6FDF63C9C8C9007FBA6AC109
:10D4F000FD977E1B7FD001FF00F03AE3FF008E57BF
:10D50000A0F873C3B61E14D1EDB49D2ED85A585B43
:10D510002EC8A204B6D1927A92493924E4FAD78B64
:10D520009AE6395E2287B3C150E4937BB4969E5647
:10D530006CFA6E1FC933DC1E2FDB6678AE7824ECE4
:10D54000936EEFCEE9686BE0714D0303814B9AE770
:10D55000FC71E2AB7F04F84F54D6AEBFD559C2D2AE
:10D560006DCE3737F0AFD49C0FC6BE46107524A1E0
:10D570001576F447E8B5AB42853955A8ED18A6DB1A
:10D58000F24786FC45F1141E3CFDA43C23E112E267
:10D590004D3F4A98CF3AF5579C466500FAE0228FF6
:10D5A000F8130AFA3267FB3DBBB852DB149DAA3967
:10D5B000381D057E6FE89E3AD4349F1EDBF8ADDB44
:10D5C000CFBF4BDFB64BCE3CC25B2EBEC08247E323
:10D5D0005FA13E0DF18699E3AD02DB56D2AE167B1C
:10D5E00059C67FDA56EEAC3B30EE2BECF8832C9E1E
:10D5F0000218756BC146D7E9CD76DFDF7FC0FCCB63
:10D6000083B3BA59B55C5C9BB5494AE975E5B597F2
:10D61000DD63E6FB9FDB5EF1279553C251AA2B1019
:10D620000497A43019EE3675A8FF00E1B6EFB18F6C
:10D63000F84520FF00C0E6FF00E22BAAFDA07F67AF
:10D6400028FC50B71E22F0CC0B0EB3CBDC59AE1524
:10D650006EBD48EC1FF46EFCF27E409E196D679221
:10D6600019A368668D8A3C6EA559581C1041E8457F
:10D670007D5E53976499AD1E7852B496EAEEE9FD4B
:10D68000FB799F05C419C714E458974EB57BC5FCB8
:10D69000324A366BEED1F747D2DFF0DB57D9C7FC01
:10D6A0002296FF00F81CDFFC457A2FC14F8F3AA766
:10D6B000C5ED6AF6DDBC3F169F656708796E96E496
:10D6C000C877B1C2281B475C31EBFC35F10718F76E
:10D6D000AFBCFF0066EF017FC20FF0DAC8CF1ECBF0
:10D6E000FD4BFD36E091C8DC06D53F45C71EA4D7EB
:10D6F0000F116599665B84BD2A769C9D96AFE6F70F
:10D700003D3E0DCEF3CCEF3051AF5DBA70579689E8
:10D710005FA2574BAB3B7F1E78AEDBC0BE11D53549
:10D72000CB91BA3B384C81338DEDD1533FED310372
:10D73000F1AF9BBFE1B6AF80C1F0A407DFEDCDFF35
:10D7400000C455AFDB27C7D96D37C256D277FB650A
:10D75000E053DB911A9FFC79B1ECB5F2E8CB6001A4
:10D76000927B5570F70FE1B1183FAC6321CCE4F424
:10D77000D5AB2F9771718717E3B09997D4F2DA9CE4
:10D78000AA2ACF44EF27EA9EDB7A9F757C0DF8D357
:10D79000AA7C5EBAD4DE5D0A3D32C2C9557CF49CD7
:10D7A000C9BE46E8A32A3A0049FA8F5AF5F24E3F1D
:10D7B000C2BCF7E0578107C3EF871A6584D184BEE6
:10D7C000997ED37648E7CD700907FDD185FF0080AB
:10D7D000D7A0950463B57E7798BA0F1553EAB1B414
:10D7E00013B2DDEDA5F5EFB9FB1E4B1C5AC0527804
:10D7F000E9F3546AEDD92D5EB6B2B6C2FBD7CBBF02
:10D80000B64F8F3641A6F84EDA5C34845E5D853FB4
:10D81000C2322353F53B9BFE022BEA16FBBC75AFCD
:10D8200090BE21FECE7F10BC77E33D575C9869C364
:10D83000ED73131AB5D1CAC63845FBBD94015EC756
:10D840000E7D5A18D55B173518C3557EAFA1F39CD2
:10D8500068F1B3CB1E1B014E5294DD9D95ECBAFDD1
:10D86000FB1F398F7AEE3E15FC58D5BE156BAB7792
:10D8700064E6E2C26205D58B361265F51E8C3B3735
:10D88000F31C57663F646F1EE3EEE9BF8DC37FF163
:10D89000340FD917C7BFDDD37FF025BFF89AFD5BE2
:10D8A000119AE518BA6E8D6AB1717BAB9FCFD83CE7
:10D8B0008B883015E388C3E1E719C754D2FEBEE375
:10D8C000EB9F02F8EB49F887A0C1AB69170B343224
:10D8D0000C3A1E1E27EE8E3B11FF00D71906BC67BF
:10D8E000F6A6F83367AA68575E2FD32058354B3514
:10D8F000125DAA0C0B88870588FEF28E73DC039EEE
:10D9000082A1FD9FFE0678CBE1BF8C5F50D4AFAD06
:10D91000ADF4B785926B6B798C9E7B7F0E46001BB6
:10D920004F39EBDBB9AF64F8B37F6DA7FC37F12C4F
:10D93000D738F2469F3A953DC98C803F1240FC6B28
:10D94000F298CA395E671780A9CF1BADBAA6F54F0A
:10D95000B9FBFCE13CF7229ACDE8F24D277BF46954
:10D960006925D8F87FE097814FC41F88DA5E9B2431
:10D970007BECA36FB4DDF1C79484120FFBC76AFF81
:10D9800000C0ABF40751D46DF44D2EE6F2E5D61B82
:10D990006B589A591CF45450493F90AF0AFD90BC03
:10D9A00006343F06DCF886E62DB77AB3E22DC39540
:10D9B000850903FEFA6DC7DC6DA93F6B9F1E1F0F23
:10D9C000F8220D02DE4DB79AC3E24C1E561420B762
:10D9D000E676AFB82D5EAE6F5659DE6F1C2D27EE82
:10D9E000C5F2FF00F24FFAEC783C39429F0BF0EDA4
:10D9F0004CC2B7C725CDFA457CF7F99F28F8F3C587
:10DA0000971E38F186ABAE5CE43DE4E5D518FDC465
:10DA10001C22FE0A00FC2BB2FD9D7C067C77F12EB9
:10DA2000C04D1EED3F4EFF004CB8C8E0ED23629F95
:10DA3000AB638F406BCBEBEDDFD94FC07FF08A7CBF
:10DA40003C4D5274D97DACB0B8391C8847110FC415
:10DA500012DFF03AFB9CFB151CAB2CF654B46D7234
:10DA6000C7EEFD17E27E57C29809E7D9DAAB5F55DA
:10DA700016E727DF5BFE2CF6E55DAA07A53A8A2BA1
:10DA8000F093FAC968145145030A4A5A43D2802BCD
:10DA90005C5C0B6B792570ECA8A588452CC4019EB5
:10DAA00000C927D8735F357C5ED6FC5FF18757B11C
:10DAB000F0A693E1DD634BF0DCB7518BABEBBB47DA
:10DAC0008FCC1B87CC723E545FBD83C92074C62B9C
:10DAD000E9C5E950C5FC55E860B13F54A9ED545380
:10DAE00092DAFD1F73C3CDB032CC29AC3BA8E3075B
:10DAF000F15ADAAED7E8995F48D2EDF43D2ACF4F1C
:10DB0000B48C456B6B12C3120ECAA3007E42BE2DAD
:10DB1000F8E5A178D7E20FC47D4B508BC31AC496A9
:10DB2000301FB2DA9166E418D09F9871FC44B37F3D
:10DB3000C0ABEE01F745403A3574E5799CF2EC4410
:10DB4000B1108A94AD6D7CF73CECF723A59C616124
:10DB5000839CDC209DECBC968BD0F80FC11F03BCCE
:10DB600053E20F16E97A7EA1A06A5A7D8CD3AFDA10
:10DB70006E67B678D5221CB7CC4601C0207B915F7A
:10DB80007E5A5BC7656D0C1122C7144811514602BD
:10DB9000803000A747FEB054A7A1AD737CE2BE6DF4
:10DBA00038CAAA494764BCCCB86F8730B90539C6B2
:10DBB000836DC9EADEFA741D4B483A52D7827D91D3
:10DBC000FFD900000000000000000000000000007D
:10DBD000000000000000000000000C000000010038
:10DBE000000019030000FFD8FFE000104A46494634
:10DBF00000010101006000600000FFDB0043000342
:10DC000002020302020303030304030304050805DD
:10DC1000050404050A070706080C0A0C0C0B0A0B7E
:10DC20000B0D0E12100D0E110E0B0B101610111302
:10DC3000141515150C0F171816141812141514FFB7
:10DC4000DB00430103040405040509050509140D5F
:10DC50000B0D141414141414141414141414141494
:10DC60001414141414141414141414141414141474
:10DC70001414141414141414141414141414141464
:10DC800014141414FFC000110800070060030122DF
:10DC900000021101031101FFC4001F000001050172
:10DCA0000101010101000000000000000001020369
:10DCB0000405060708090A0BFFC400B5100002019D
:10DCC0000303020403050504040000017D010203AF
:10DCD000000411051221314106135161072271140C
:10DCE000328191A1082342B1C11552D1F02433628F
:10DCF0007282090A161718191A25262728292A3484
:10DD000035363738393A434445464748494A5354EB
:10DD100055565758595A636465666768696A7374DB
:10DD200075767778797A838485868788898A9293CD
:10DD30009495969798999AA2A3A4A5A6A7A8A9AAEC
:10DD4000B2B3B4B5B6B7B8B9BAC2C3C4C5C6C7C80A
:10DD5000C9CAD2D3D4D5D6D7D8D9DAE1E2E3E4E53B
:10DD6000E6E7E8E9EAF1F2F3F4F5F6F7F8F9FAFF95
:10DD7000C4001F01000301010101010101010100B3
:10DD800000000000000102030405060708090A0B51
:10DD9000FFC400B5110002010204040304070504D6
:10DDA000040001027700010203110405213106126B
:10DDB00041510761711322328108144291A1B1C10E
:10DDC00009233352F0156272D10A162434E125F189
:10DDD0001718191A262728292A35363738393A4389
:10DDE0004445464748494A535455565758595A632B
:10DDF0006465666768696A737475767778797A821C
:10DE0000838485868788898A929394959697989932
:10DE10009AA2A3A4A5A6A7A8A9AAB2B3B4B5B6B757
:10DE2000B8B9BAC2C3C4C5C6C7C8C9CAD2D3D4D583
:10DE3000D6D7D8D9DAE2E3E4E5E6E7E8E9EAF2F3AF
:10DE4000F4F5F6F7F8F9FAFFDA000C030100021115
:10DE50000311003F00FD4ABCB592E8288EEE6B5CD2
:10DE6000672610873F5DCA6A1FECDB8CE7FB56EF25
:10DE7000E9B61FFE374514016ADA17823DAF3C97B9
:10DE80000739DF20507E9F2802A5A28A0028A28A97
:10DE90000028A28A002B80F88F65E2BBDBB88E8851
:10DEA000213676F1AC8516EE58669DF7FCF1FC8CB8
:10DEB0008002806D72C70D9CA90720A2B7A359D01C
:10DEC0009A9A49BF331AD4956872376F43A9F0A55F
:10DED00095F69FE1CD3A0D4E613EA2B0A9B870EC27
:10DEE000EBE6119600B166C024819278EF5AD451C6
:10DEF000594A4E72727D4D231514A2BA1FFFD900E4
:10DF00000000000000000000000000000000000011
:10DF100000000000000000000000100007000300E7
:10DF2000000060000000600000002600000001000A
:10DF30000000007746FCF7A2CC01730074006D006E
:10DF4000330032002E006A007000670000000000FD
:10DF50002400000002000000007746FCF7A2CC017C
:10DF60006C006F0067006F002E006A007000670091
:10DF7000000000002000000003000000007746FCC5
:10DF8000F7A2CC01530054002E0067006900660020
:10DF90000000000000000000000000000000000081
:10DFA0000000000000000000000000000000000071
:10DFB0000000000000000000000000000000000061
:10DFC0000000000000000000000000000000000051
:10DFD0000000000000000000000000000000000041
:10DFE0000000000000000000000000000000000031
:10DFF0000000000000000000000000000000000021
:10E000000000000000000000000000000000000010
:10E010000000000000000000000000000000000000
:10E0200000000000000000000000000000000000F0
:10E0300000000000000000000000000000000000E0
:10E0400000000000000000000000000000000000D0
:10E0500000000000000000000000000000000000C0
:10E0600000000000000000000000000000000000B0
:10E0700000000000000000000000000000000000A0
:10E080000000000000000000000000000000000090
:10E090000000000000000000000000000000000080
:10E0A0000000000000000000000000000000000070
:10E0B0000000000000000000000000000000000060
:10E0C0000000000000000000000000000000000050
:10E0D0000000000000000000000043006100740028
:10E0E00061006C006F00670000000000000000008D
:10E0F0000000000000000000000000000000000020
:10E10000000000000000000000000000000000000F
:10E110000000000000000000000010000200FFFFEF
:10E12000FFFFFFFFFFFFFFFFFFFF000000000000F9
:10E1300000000000000000000000000000000000DF
:10E14000000000000000000000000000000061006E
:10E1500000007A0000000000000000000000000045
:10E1600000000000000000000000000000000000AF
:10E17000000000000000000000000000000000009F
:10E18000000000000000000000000000000000008F
:10E190000000000000000000000000000000FFFF81
:10E1A000FFFFFFFFFFFFFFFFFFFF00000000000079
:10E1B000000000000000000000000000000000005F
:10E1C000000000000000000000000000000000004F
:10E1D000000000000000000000000000000000003F
:10E1E000000000000000000000000000000000002F
:10E1F000000000000000000000000000000000001F
:10E20000000000000000000000000000000000000E
:10E210000000000000000000000000000000FFFF00
:10E22000FFFFFFFFFFFFFFFFFFFF000000000000F8
:10E2300000000000000000000000000000000000DE
:10E2400000000000000000000000000000000000CE
:10E2500000000000000000000000000000000000BE
:10E2600000000000000000000000000000000000AE
:10E27000000000000000000000000000000000009E
:10E28000000000000000000000000000000000008E
:10E290000000000000000000000000000000FFFF80
:10E2A000FFFFFFFFFFFFFFFFFFFF00000000000078
:10E2B000000000000000000000000000000000005E
:10E2C000000000000000000000000000000000004E
:10E2D000000000000000000000002F3430342E68E1
:10E2E000746D6C000000485454502F312E3020348F
:10E2F00030342046696C65206E6F7420666F756ED1
:10E30000640D0A5365727665723A206C7749502F16
:10E31000312E332E312028687474703A2F2F736198
:10E3200076616E6E61682E6E6F6E676E752E6F729F
:10E33000672F70726F6A656374732F6C77697029C9
:10E340000D0A436F6E74656E742D747970653A2092
:10E35000746578742F68746D6C0D0A0D0A3C214445
:10E360004F43545950452048544D4C205055424C31
:10E37000494320222D2F2F5733432F2F445444201D
:10E3800048544D4C20342E3031205472616E7369E4
:10E3900074696F6E616C2F2F454E223E0D0A3C68EA
:10E3A000746D6C3E3C686561643E3C7469746C6578
:10E3B0003E53544D3332463478373C2F7469746C75
:10E3C000653E0D0A0D0A3C2F686561643E0D0A3CEE
:10E3D000626F6479207374796C653D22636F6C6F32
:10E3E000723A20626C61636B3B206261636B67729F
:10E3F0006F756E642D636F6C6F723A207768697405
:10E40000653B223E0D0A3C7461626C65207769644D
:10E4100074683D2231303025223E0D0A3C74626F13
:10E4200064793E0D0A3C74722076616C69676E3DBA
:10E4300022746F70223E0D0A3C7464207769647404
:10E44000683D223830223E3C62723E0D0A3C6469CF
:10E4500076207374796C653D22746578742D616CD7
:10E4600069676E3A2063656E7465723B223E3C6953
:10E470006D67207374796C653D2277696474683ABE
:10E4800020393670783B206865696768743A2035B2
:10E490003770783B2220616C743D225354206C6F9E
:10E4A000676F22207372633D2253544D33324634DA
:10E4B00078375F66696C65732F6C6F676F2E6A7053
:10E4C00067223E3C2F6469763E0D0A3C2F74643E01
:10E4D0000D0A3C74642077696474683D22353030DD
:10E4E000223E0D0A3C68313E3C736D616C6C3E3CD3
:10E4F000736D616C6C3E3C736D616C6C3E3C736D16
:10E50000616C6C3E3C6269673E3C6269673E3C629E
:10E510006967207374796C653D22666F6E742D7720
:10E5200065696768743A20626F6C643B223E3C62A6
:10E5300069673E3C7374726F6E673E3C7370616EC8
:10E54000207374796C653D22666F6E742D737479D7
:10E550006C653A206974616C69633B223E53544D8B
:10E560003332463478372057656273657276657248
:10E570002044656D6F3C2F7370616E3E3C2F737449
:10E58000726F6E673E3C2F6269673E3C2F6269671F
:10E590003E3C2F6269673E3C2F6269673E3C2F73A9
:10E5A0006D616C6C3E3C2F736D616C6C3E3C2F73E7
:10E5B0006D616C6C3E3C2F736D616C6C3E0D0A3C62
:10E5C000736D616C6C207374796C653D22666F6E3F
:10E5D000742D66616D696C793A2056657264616E5E
:10E5E000613B223E3C736D616C6C3E3C6269673EF0
:10E5F0003C6269673E3C6269673E3C6269672073C2
:10E6000074796C653D22666F6E742D7765696768F5
:10E61000743A20626F6C643B20636F6C6F723A20B7
:10E620007267622835312C2035312C20323535295E
:10E630003B223E3C6269673E3C7374726F6E673E7C
:10E640003C7370616E207374796C653D22666F6EE9
:10E65000742D7374796C653A206974616C69633BDD
:10E66000223E3C2F7370616E3E3C2F7374726F6E4E
:10E67000673E3C2F6269673E3C7370616E20737425
:10E68000796C653D22636F6C6F723A207267622805
:10E6900035312C2035312C20323535293B223E3C7A
:10E6A00062723E0D0A3C2F7370616E3E3C2F6269B0
:10E6B000673E3C2F6269673E3C2F6269673E3C2F94
:10E6C0006269673E3C2F736D616C6C3E3C2F736DCD
:10E6D000616C6C3E3C2F68313E0D0A3C68323E3422
:10E6E0003034202D2050616765206E6F7420666F76
:10E6F000756E643C2F68323E0D0A3C703E3C737070
:10E70000616E207374796C653D22666F6E742D6640
:10E71000616D696C793A2054696D6573204E657737
:10E7200020526F6D616E2C54696D65732C73657228
:10E7300069663B223E20536F7272792C0D0A746811
:10E7400065207061676520796F7520617265207240
:10E75000657175657374696E6720776173206E6F7C
:10E760007420666F756E64206F6E20746869732004
:10E770007365727665722E3C2F7370616E3E203C1D
:10E780002F703E0D0A3C2F74643E0D0A3C2F7472AC
:10E790003E0D0A3C2F74626F64793E0D0A3C2F7463
:10E7A00061626C653E0D0A3C2F626F64793E3C2FBE
:10E7B00068746D6C3E2F696E6465782E68746D6C3C
:10E7C00000485454502F312E3020323030204F4BDF
:10E7D0000D0A5365727665723A206C7749502F3175
:10E7E0002E332E312028687474703A2F2F7361767F
:10E7F000616E6E61682E6E6F6E676E752E6F7267DA
:10E800002F70726F6A656374732F6C776970290D4E
:10E810000A436F6E74656E742D747970653A207456
:10E820006578742F68746D6C0D0A0D0A3C21444F95
:10E8300043545950452048544D4C205055424C4962
:10E840004320222D2F2F5733432F2F445444204849
:10E85000544D4C20342E3031205472616E736974E3
:10E86000696F6E616C2F2F454E223E0D0A3C687415
:10E870006D6C20786D6C6E733A763D2275726E3ACF
:10E88000736368656D61732D6D6963726F736F6615
:10E89000742D636F6D3A766D6C2220786D6C6E739B
:10E8A0003A6F3D2275726E3A736368656D61732DC0
:10E8B0006D6963726F736F66742D636F6D3A6F6607
:10E8C000666963653A6F66666963652220786D6C78
:10E8D0006E733A773D2275726E3A736368656D6147
:10E8E000732D6D6963726F736F66742D636F6D3A0C
:10E8F0006F66666963653A776F72642220786D6C23
:10E900006E733D22687474703A2F2F7777772E7765
:10E91000332E6F72672F54522F5245432D68746DFA
:10E920006C3430223E3C686561643E0D0A3C6D6586
:10E93000746120687474702D65717569763D224329
:10E940006F6E74656E742D547970652220636F6EDE
:10E9500074656E743D22746578742F68746D6C3BB9
:10E9600020636861727365743D69736F2D38383543
:10E97000392D31223E0D0A3C6C696E6B2072656C3C
:10E980003D2246696C652D4C69737422206872655E
:10E99000663D2253544D3332463478375F66696C96
:10E9A00065732F66696C656C6973742E786D6C2263
:10E9B0003E0D0A3C6C696E6B2072656C3D224564AD
:10E9C00069742D54696D652D4461746122206872EB
:10E9D00065663D2253544D3332463478375F66695D
:10E9E0006C65732F65646974646174612E6D736FF7
:10E9F000223E3C7469746C653E53544D3332463448
:10EA000078373C2F7469746C653E3C2F686561648F
:10EA10003E0D0A3C626F6479207374796C653D2207
:10EA200022206C616E673D22454E2D555322206C8D
:10EA3000696E6B3D22626C75652220766C696E6B27
:10EA40003D22626C7565223E0D0A3C646976206346
:10EA50006C6173733D2253656374696F6E31223E3E
:10EA60000D0A3C646976207374796C653D226D6192
:10EA70007267696E2D6C6566743A20333070743B32
:10EA8000223E0D0A3C7020636C6173733D224D730E
:10EA90006F4E6F726D616C22207374796C653D22CC
:10EAA000746578742D616C69676E3A2063656E7465
:10EAB00065723B2220616C69676E3D2263656E74EE
:10EAC0006572223E3C696D6720616C743D22222094
:10EAD00069643D225F78303030305F6931303235E3
:10EAE00022207372633D2253544D333246347837BB
:10EAF0005F66696C65732F53542E676966222073B5
:10EB000074796C653D22626F726465723A20307070
:10EB10007820736F6C6964203B2077696474683A6D
:10EB20002037363670783B206865696768743A200C
:10EB3000353870783B223E3C623E3C693E3C737007
:10EB4000616E207374796C653D22666F6E742D73EF
:10EB5000697A653A20323470743B223E3C62723EE0
:10EB60000D0A3C7374726F6E673E53544D333246D8
:10EB70003478372057656273657276657220446514
:10EB80006D6F3C2F7374726F6E673E3C2F737061B4
:10EB90006E3E3C2F693E3C2F623E3C7370616E209E
:10EBA0007374796C653D22666F6E742D73697A6536
:10EBB0003A2031332E3570743B223E203C2F737047
:10EBC000616E3E3C623E3C7370616E207374796C82
:10EBD000653D22666F6E742D73697A653A2031380F
:10EBE00070743B20666F6E742D66616D696C793A46
:10EBF0002056657264616E613B20636F6C6F723A80
:10EC0000207267622835312C2035312C2032353581
:10EC1000293B223E3C62723E0D0A426173656420CC
:10EC20006F6E20746865206C774950205443502FD4
:10EC3000495020737461636B203C2F7370616E3E8A
:10EC40003C2F623E3C2F703E0D0A3C646976206387
:10EC50006C6173733D224D736F4E6F726D616C22E8
:10EC6000207374796C653D22746578742D616C69CC
:10EC7000676E3A2063656E7465723B2220616C6931
:10EC8000676E3D2263656E746572223E0D0A3C68B4
:10EC90007220616C69676E3D2263656E74657222D5
:10ECA0002073697A653D2232222077696474683D59
:10ECB0002231303025223E3C2F6469763E0D0A3CDD
:10ECC00064697620616C69676E3D2263656E746568
:10ECD00072223E0D0A3C7461626C6520636C617344
:10ECE000733D224D736F4E6F726D616C5461626C37
:10ECF0006522207374796C653D2277696474683A83
:10ED0000203732302E373570743B2220626F7264A8
:10ED100065723D2231222063656C6C7061646469A8
:10ED20006E673D2230222077696474683D2239364F
:10ED300031223E0D0A3C74626F64793E0D0A3C74C8
:10ED400072207374796C653D22223E0D0A3C746416
:10ED5000207374796C653D2270616464696E673AF2
:10ED600020312E3570743B206261636B67726F7562
:10ED70006E643A207267622835312C2035312C20A0
:10ED800032353529206E6F6E65207265706561744D
:10ED9000207363726F6C6C203025203530253B204A
:10EDA0002D6D6F7A2D6261636B67726F756E642D66
:10EDB000636C69703A20696E697469616C3B202DDF
:10EDC0006D6F7A2D6261636B67726F756E642D6F04
:10EDD000726967696E3A20696E697469616C3B207B
:10EDE0002D6D6F7A2D6261636B67726F756E642D26
:10EDF000696E6C696E652D706F6C6963793A206914
:10EE00006E697469616C3B20746578742D616C69FE
:10EE1000676E3A2063656E7465723B223E0D0A3C54
:10EE20007020636C6173733D224D736F4E6F726D12
:10EE3000616C223E3C623E3C693E3C7370616E20D8
:10EE40007374796C653D22666F6E742D73697A6593
:10EE50003A20313070743B20666F6E742D66616DA0
:10EE6000696C793A2056657264616E613B223E3C62
:10EE70006120687265663D222F696E6465782E6830
:10EE8000746D6C223E3C7370616E207374796C6596
:10EE90003D22636F6C6F723A2077686974653B221C
:10EEA0003E486F6D650D0A706167653C2F73706138
:10EEB0006E3E3C2F613E3C2F7370616E3E3C2F696D
:10EEC0003E3C2F623E3C623E3C693E3C7370616E4C
:10EED000207374796C653D22666F6E742D66616D6A
:10EEE000696C793A2056657264616E613B223E3CE2
:10EEF0006F3A703E3C2F6F3A703E3C2F7370616EDC
:10EF00003E3C2F693E3C2F623E3C2F703E0D0A3C3A
:10EF10002F74643E0D0A3C7464207374796C653DF3
:10EF20002270616464696E673A20312E3570743BDB
:10EF3000206261636B67726F756E643A20726762FC
:10EF40002835312C2035312C2032353529206E6F73
:10EF50006E6520726570656174207363726F6C6C8E
:10EF6000203025203530253B202D6D6F7A2D6261B4
:10EF7000636B67726F756E642D636C69703A20699C
:10EF80006E697469616C3B202D6D6F7A2D626163CF
:10EF90006B67726F756E642D6F726967696E3A2068
:10EFA000696E697469616C3B202D6D6F7A2D6261A9
:10EFB000636B67726F756E642D696E6C696E652D1B
:10EFC000706F6C6963793A20696E697469616C3B32
:10EFD00020746578742D616C69676E3A2063656E84
:10EFE0007465723B223E0D0A3C7020636C61737342
:10EFF0003D224D736F4E6F726D616C223E3C623EDE
:10F000003C693E3C7370616E207374796C653D227F
:10F01000666F6E742D73697A653A20313070743B77
:10F0200020666F6E742D66616D696C793A20566545
:10F030007264616E613B223E3C6120687265663D90
:10F04000222F53544D3332463478374C45442E6882
:10F05000746D6C223E3C7370616E207374796C65C4
:10F060003D22636F6C6F723A2077686974653B224A
:10F070003E266E6273703B4C65640D0A636F6E745E
:10F08000726F6C3C2F7370616E3E3C2F613E3C2F63
:10F090007370616E3E3C2F693E3C2F623E3C623E87
:10F0A0003C693E3C7370616E207374796C653D22DF
:10F0B000666F6E742D66616D696C793A2056657263
:10F0C00064616E613B223E3C6F3A703E3C2F6F3A6A
:10F0D000703E3C2F7370616E3E3C2F693E3C2F6248
:10F0E0003E3C2F703E0D0A3C2F74643E0D0A3C746A
:10F0F00064207374796C653D2270616464696E6725
:10F100003A20312E3570743B206261636B67726FF9
:10F11000756E643A207267622835312C2035312CA7
:10F120002032353529206E6F6E65207265706561FD
:10F1300074207363726F6C6C203025203530253B52
:10F14000202D6D6F7A2D6261636B67726F756E64CF
:10F150002D636C69703A20696E697469616C3B203B
:10F160002D6D6F7A2D6261636B67726F756E642DA2
:10F170006F726967696E3A20696E697469616C3B88
:10F18000202D6D6F7A2D6261636B67726F756E648F
:10F190002D696E6C696E652D706F6C6963793A20AC
:10F1A000696E697469616C3B20746578742D616C5B
:10F1B00069676E3A2063656E7465723B223E0D0A84
:10F1C0003C7020636C6173733D224D736F4E6F72A0
:10F1D0006D616C223E3C623E3C693E3C7370616EE8
:10F1E000207374796C653D22666F6E742D73697A35
:10F1F000653A20313070743B20666F6E742D666105
:10F200006D696C793A2056657264616E613B223E8D
:10F210003C6120687265663D222F53544D3332465F
:10F220003478374144432E7368746D6C223E3C73CE
:10F2300070616E207374796C653D22636F6C6F72C0
:10F240003A2077686974653B223E4144430D0A7356
:10F250007461747573206261723C2F7370616E3ECD
:10F260003C2F613E3C2F7370616E3E3C2F693E3CEB
:10F270002F623E3C623E3C693E3C7370616E20737F
:10F2800074796C653D22666F6E742D66616D696C74
:10F29000793A2056657264616E613B223E3C6F3A5A
:10F2A000703E3C2F6F3A703E3C2F7370616E3E3C57
:10F2B0002F693E3C2F623E3C2F703E0D0A3C2F745E
:10F2C000643E0D0A3C2F74723E0D0A3C2F74626F2F
:10F2D00064793E0D0A3C2F7461626C653E0D0A3CF8
:10F2E0002F6469763E0D0A3C64697620616C69671B
:10F2F0006E3D2263656E746572223E0D0A3C746138
:10F30000626C6520636C6173733D224D736F4E6F49
:10F31000726D616C5461626C6522207374796C65E6
:10F320003D226261636B67726F756E643A20776825
:10F33000697465206E6F6E652072657065617420FA
:10F340007363726F6C6C203025203530253B202D87
:10F350006D6F7A2D6261636B67726F756E642D637A
:10F360006C69703A20696E697469616C3B202D6D1F
:10F370006F7A2D6261636B67726F756E642D6F7249
:10F380006967696E3A20696E697469616C3B202D0A
:10F390006D6F7A2D6261636B67726F756E642D6934
:10F3A0006E6C696E652D706F6C6963793A20696E59
:10F3B000697469616C3B2077696474683A203537F9
:10F3C000342E3570743B2220626F726465723D2268
:10F3D00030222063656C6C70616464696E673D22E5
:10F3E00030222063656C6C73706163696E673D22C7
:10F3F00030222077696474683D22373636223E0D0C
:10F400000A3C74626F64793E0D0A3C747220737416
:10F41000796C653D22223E0D0A3C74642073747938
:10F420006C653D2270616464696E673A2030636D7B
:10F430003B222076616C69676E3D22746F70223EBC
:10F440000D0A3C7461626C6520636C6173733D22CC
:10F450004D736F4E6F726D616C5461626C652220EA
:10F460007374796C653D2277696474683A20313031
:10F4700030253B2220626F726465723D223022206B
:10F4800063656C6C70616464696E673D2230222034
:10F4900063656C6C73706163696E673D2230222016
:10F4A00077696474683D2231303025223E0D0A3C74
:10F4B00074626F64793E0D0A3C7472207374796CC7
:10F4C000653D22223E0D0A3C7464207374796C659C
:10F4D0003D2270616464696E673A20322E32357065
:10F4E000743B223E0D0A3C7461626C6520626F724F
:10F4F0006465723D2230222063656C6C70616464C7
:10F50000696E673D2233222063656C6C73706163A2
:10F51000696E673D2230222077696474683D22312C
:10F52000303025223E0D0A3C74626F64793E0D0A2C
:10F530003C74723E0D0A3C74642076616C69676E9F
:10F540003D22746F70222077696474683D223732DF
:10F5500025223E0D0A3C68313E3C7370616E20737B
:10F5600074796C653D22636F6C6F723A20726762CA
:10F570002835312C2035312C20323535293B223E9F
:10F5800053544D33320D0A462D342053657269654C
:10F59000733C2F7370616E3E3C2F68313E0D0A3C08
:10F5A0007020636C6173733D224D736F4E6F726D8B
:10F5B000616C223E3C7370616E207374796C653DA2
:10F5C00022666F6E742D73697A653A2031307074DB
:10F5D0003B20666F6E742D66616D696C793A2056BA
:10F5E000657264616E613B223E41206E65770D0A53
:10F5F00067656E65726174696F6E206F6E2053541B
:10F600004D33322077697468207369676E69666963
:10F6100063616E7420696D70726F76656D656E746E
:10F6200020696E3C2F7370616E3E3C2F703E0D0A58
:10F630003C7020636C6173733D224D736F4E6F722B
:10F640006D616C223E3C7370616E207374796C65E1
:10F650003D22666F6E742D73697A653A2031307081
:10F66000743B20666F6E742D66616D696C793A200B
:10F6700056657264616E613B223E206665617475F9
:10F68000726573202F0D0A706572666F726D616E00
:10F6900063653A3C6F3A703E3C2F6F3A703E3C2FA8
:10F6A0007370616E3E3C2F703E0D0A3C756C207489
:10F6B0007970653D2264697363223E0D0A3C6C6972
:10F6C00020636C6173733D224D736F4E6F726D6179
:10F6D0006C22207374796C653D22223E3C7370610C
:10F6E0006E207374796C653D22666F6E742D73693C
:10F6F0007A653A20313070743B20666F6E742D66E7
:10F70000616D696C793A2056657264616E613B2265
:10F710003E4D6F7265204D656D6F72793C6F3A702A
:10F720003E3C2F6F3A703E3C2F7370616E3E3C2F13
:10F730006C693E0D0A3C6C6920636C6173733D22F9
:10F740004D736F4E6F726D616C22207374796C65AE
:10F750003D22223E3C7370616E207374796C653D6E
:10F7600022666F6E742D73697A653A203130707439
:10F770003B20666F6E742D66616D696C793A205618
:10F78000657264616E613B223E416476616E6365C1
:10F79000640D0A66656174757265733C6F3A703EFC
:10F7A0003C2F6F3A703E3C2F7370616E3E3C2F6C65
:10F7B000693E0D0A3C6C6920636C6173733D224D98
:10F7C000736F4E6F726D616C22207374796C653D3E
:10F7D00022223E3C7370616E207374796C653D2209
:10F7E000666F6E742D73697A653A20313070743BA0
:10F7F00020666F6E742D66616D696C793A2056656E
:10F800007264616E613B223E4D61696E7461696E26
:10F810000D0A636C6F73652070696E2D6F757420AF
:10F82000636F6D7061746962696C6974793C6F3A79
:10F83000703E3C2F6F3A703E3C2F7370616E3E3CC1
:10F840002F6C693E0D0A3C6C6920636C6173733DDB
:10F85000224D736F4E6F726D616C22207374796CE0
:10F86000653D22223E3C7370616E207374796C6535
:10F870003D22666F6E742D73697A653A203130705F
:10F88000743B20666F6E742D66616D696C793A20E9
:10F8900056657264616E613B223E4D61696E7461B2
:10F8A000696E0D0A636C6F736520736F66747761A0
:10F8B000726520636F6D7061746962696C697479D7
:10F8C0003C6F3A703E3C2F6F3A703E3C2F73706134
:10F8D0006E3E3C2F6C693E0D0A3C2F756C3E0D0A46
:10F8E0003C7370616E207374796C653D22666F6E37
:10F8F000742D73697A653A20313070743B20666FDD
:10F900006E742D66616D696C793A2056657264611A
:10F910006E613B223E436F6D706C656D656E740D5C
:10F920000A746865206578697374696E672066611A
:10F930006D696C792077697468206D6F72652070CD
:10F940006572666F726D616E63652C206D656D6F9B
:10F95000727920616E642066656174757265733CAE
:10F9600062723E0D0A3C62723E0D0A3C6120737465
:10F97000796C653D22666F6E742D77656967687472
:10F980003A20626F6C643B2220687265663D226893
:10F990007474703A2F2F7777772E73742E636F6D90
:10F9A0002F696E7465726E65742F6D63752F636C4D
:10F9B0006173732F313733342E6A73702220746170
:10F9C000726765743D225F626C616E6B223E5468A3
:10F9D000652053544D33324634783720686F6D6557
:10F9E00020706167653C2F613E3C2F7370616E3EF5
:10F9F0003C2F74643E0D0A3C74642077696474681B
:10FA00003D223225223E3C2F74643E0D0A3C746434
:10FA100020616C69676E3D22726967687422207686
:10FA2000616C69676E3D22746F702220776964741F
:10FA3000683D22323625223E3C62723E3C62723E76
:10FA40000D0A3C696D67207374796C653D22776996
:10FA50006474683A2033323270783B206865696795
:10FA600068743A2032313370783B2220616C743DE7
:10FA70002222207372633D2253544D333246347830
:10FA8000375F66696C65732F73746D33322E6A70DD
:10FA900067223E3C2F74643E0D0A3C2F74723E0D6B
:10FAA0000A3C2F74626F64793E0D0A3C2F746162C8
:10FAB0006C653E0D0A3C2F74643E0D0A3C2F747237
:10FAC0003E0D0A3C7472207374796C653D22223EAF
:10FAD0000D0A3C7464207374796C653D2270616416
:10FAE00064696E673A20322E323570743B223E0DC7
:10FAF0000A3C7020636C6173733D224D736F4E6FCF
:10FB0000726D616C223E3C6F3A703E266E6273707D
:10FB10003B3C2F6F3A703E3C2F703E0D0A3C2F74D9
:10FB2000643E0D0A3C2F74723E0D0A3C74722073C1
:10FB300074796C653D22223E0D0A3C746420737416
:10FB4000796C653D2270616464696E673A20322E7B
:10FB5000323570743B222076616C69676E3D227489
:10FB60006F70223E0D0A3C7461626C6520636C61AB
:10FB700073733D224D736F4E6F726D616C54616291
:10FB80006C6522207374796C653D227769647468B2
:10FB90003A203530372E3470743B2220626F726405
:10FBA00065723D2230222063656C6C70616464690B
:10FBB0006E673D2230222063656C6C7370616369EF
:10FBC0006E673D2230222077696474683D223637A3
:10FBD00037223E0D0A3C74626F64793E0D0A3C7414
:10FBE00072207374796C653D22223E0D0A3C746468
:10FBF000207374796C653D2270616464696E673A44
:10FC000020322E323570743B206261636B67726FF5
:10FC1000756E643A207267622835312C2035312C9C
:10FC20002032353529206E6F6E65207265706561F2
:10FC300074207363726F6C6C203025203530253B47
:10FC4000202D6D6F7A2D6261636B67726F756E64C4
:10FC50002D636C69703A20696E697469616C3B2030
:10FC60002D6D6F7A2D6261636B67726F756E642D97
:10FC70006F726967696E3A20696E697469616C3B7D
:10FC8000202D6D6F7A2D6261636B67726F756E6484
:10FC90002D696E6C696E652D706F6C6963793A20A1
:10FCA000696E697469616C3B2077696474683A2095
:10FCB0003530342E3270743B222077696474683D8D
:10FCC00022363732223E0D0A3C7020636C6173731A
:10FCD0003D224D736F4E6F726D616C223E3C7370AE
:10FCE000616E207374796C653D22636F6C6F723A3C
:10FCF0002077686974653B223E266E6273703B3CD8
:10FD00002F7370616E3E3C7374726F6E673E3C730E
:10FD100070616E207374796C653D22666F6E742D10
:10FD200066616D696C793A2056657264616E613BFB
:10FD300020636F6C6F723A2077686974653B223E6E
:10FD400041626F757420746869730D0A64656D6F24
:10FD50006E7374726174696F6E3C2F7370616E3E66
:10FD60003C2F7374726F6E673E3C7370616E2073CC
:10FD700074796C653D22666F6E742D66616D696C79
:10FD8000793A2056657264616E613B20636F6C6FD7
:10FD9000723A2077686974653B223E3C6F3A703E48
:10FDA0003C2F6F3A703E3C2F7370616E3E3C2F705B
:10FDB0003E0D0A3C2F74643E0D0A3C74642073743B
:10FDC000796C653D22626F726465723A206D65647C
:10FDD00069756D206E6F6E65203B2070616464698B
:10FDE0006E673A2030636D3B222077696474683D0A
:10FDF0002234223E0D0A3C7020636C6173733D22F5
:10FE00004D736F4E6F726D616C223E266E62737021
:10FE10003B3C2F703E0D0A3C2F74643E0D0A3C2F74
:10FE200074723E0D0A3C7472207374796C653D22C5
:10FE30006865696768743A2031312E323570743BD9
:10FE4000223E0D0A3C7464207374796C653D227007
:10FE5000616464696E673A20322E323570743B20DB
:10FE600077696474683A203530342E3270743B20E0
:10FE70006865696768743A2031312E323570743B99
:10FE8000222076616C69676E3D22746F7022207744
:10FE9000696474683D22363732223E0D0A3C702078
:10FEA000636C6173733D224D736F4E6F726D616C45
:10FEB000223E3C7370616E207374796C653D2266DE
:10FEC0006F6E742D73697A653A20313070743B20FF
:10FED000666F6E742D66616D696C793A2056657235
:10FEE00064616E613B223E546869730D0A776562F6
:10FEF0007365727665722069732061207061727417
:10FF0000206F6620612064656D6F6E73747261741A
:10FF1000696F6E207061636B6167652064657665EB
:10FF20006C6F706564206F6E2074686520746F70EC
:10FF30000D0A6C6576656C206F6620746865206CB0
:10FF4000774950205443502F495020737461636B9C
:10FF50002E203C62723E0D0A3C62723E0D0A5468CD
:10FF600065207061636B61676520636F6E746169A2
:10FF70006E73206E696E65206170706C6963617468
:10FF8000696F6E733A3C2F7370616E3E3C2F703E0A
:10FF90000D0A3C6F6C3E0D0A3C6C693E3C7370610F
:10FFA0006E207374796C653D22666F6E742D736973
:10FFB0007A653A20313070743B20666F6E742D661E
:10FFC000616D696C793A2056657264616E613B229D
:10FFD0003E4170706C69636174696F6E73207275F5
:10FFE0006E6E696E6720696E207374616E64616CF9
:10FFF0006F6E652028776974686F757420616E2054
:020000040802F0
:1000000052544F53293A3C2F7370616E3E3C2F6C13
:10001000693E0D0A3C2F6F6C3E0D0A3C756C2073D7
:1000200074796C653D226D617267696E2D6C6566D1
:10003000743A20343070783B223E0D0A3C6C693EA5
:100040003C7370616E207374796C653D22666F6ECF
:10005000742D73697A653A20313070743B20666F75
:100060006E742D66616D696C793A205665726461B3
:100070006E613B223E410D0A57656273657276657B
:10008000722E266E6273703B3C6F3A703E3C2F6F4F
:100090003A703E3C2F7370616E3E3C2F6C693E0D92
:1000A0000A3C6C693E3C7370616E207374796C65B8
:1000B0003D22666F6E742D73697A653A2031307017
:1000C000743B20666F6E742D66616D696C793A20A1
:1000D00056657264616E613B223E41205446545025
:1000E000207365727665722E3C2F7370616E3E3C94
:1000F0002F6C693E0D0A3C6C693E3C7370616E204A
:100100007374796C653D22666F6E742D73697A65C0
:100110003A20313070743B20666F6E742D66616DCD
:10012000696C793A2056657264616E613B223E418A
:1001300020544350206563686F0D0A636C69656ED7
:1001400074206170706C69636174696F6E3C2F73A9
:1001500070616E3E3C2F6C693E0D0A3C6C693E3C02
:100160007370616E207374796C653D22666F6E7476
:100170002D73697A653A20313070743B20666F6E5A
:10018000742D66616D696C793A2056657264616E92
:10019000613B223E4120544350206563686F0D0A45
:1001A000736572766572206170706C6963617469E1
:1001B0006F6E3C2F7370616E3E3C2F6C693E0D0A72
:1001C0003C6C693E3C7370616E207374796C653D64
:1001D00022666F6E742D73697A653A2031307074BF
:1001E0003B20666F6E742D66616D696C793A20569E
:1001F000657264616E613B223E412055445020652A
:1002000063686F0D0A636C69656E74206170706C51
:1002100069636174696F6E3C2F7370616E3E3C2F31
:100220006C693E0D0A3C6C693E3C7370616E2073D4
:1002300074796C653D22666F6E742D73697A653AC8
:1002400020313070743B20666F6E742D66616D696D
:100250006C793A2056657264616E613B223E4120A2
:10026000554450206563686F0D0A73657276657238
:10027000206170706C69636174696F6E266E627361
:10028000703B3C2F7370616E3E3C2F6C693E0D0AD3
:100290003C2F756C3E0D0A3C6F6C20737461727458
:1002A0003D2232223E0D0A3C6C693E3C7370616E09
:1002B000207374796C653D22666F6E742D73697A54
:1002C000653A20313070743B20666F6E742D666124
:1002D0006D696C793A2056657264616E613B223EAD
:1002E0004170706C69636174696F6E732072756EB2
:1002F0006E696E672077697468204672656552542E
:100300004F53206F7065726174696E6720737973E3
:1003100074656D3A3C2F7370616E3E3C2F6C693E84
:100320000D0A3C2F6F6C3E0D0A3C756C207374797E
:100330006C653D226D617267696E2D6C6566743AFD
:1003400020343070783B223E0D0A3C6C693E3C7391
:1003500070616E207374796C653D22666F6E742DCA
:1003600073697A653A20313070743B20666F6E7421
:100370002D66616D696C793A2056657264616E61B3
:100380003B223E41205765627365727665720D0AA5
:100390006261736564206F6E206E6574636F6E6E4C
:1003A000204150492E3C2F7370616E3E3C2F6C698A
:1003B0003E0D0A3C6C693E3C7370616E207374792B
:1003C0006C653D22666F6E742D73697A653A2031D3
:1003D0003070743B20666F6E742D66616D696C7948
:1003E0003A2056657264616E613B223E412057653A
:1003F000627365727665720D0A6261736564206F5F
:100400006E20736F636B6574204150492E3C2F73CF
:1004100070616E3E3C2F6C693E0D0A3C6C693E3C3F
:100420007370616E207374796C653D22666F6E74B3
:100430002D73697A653A20313070743B20666F6E97
:10044000742D66616D696C793A2056657264616ECF
:10045000613B223E41205443502F5544500D0A65C4
:1004600063686F20736572766572206170706C6965
:10047000636174696F6E206261736564206F6E20C2
:100480006E6574636F6E6E204150492E266E6273E6
:10049000703B3C2F7370616E3E3C2F6C693E0D0AC1
:1004A0003C2F756C3E0D0A3C756C20747970653D6F
:1004B0002264697363223E0D0A3C2F756C3E0D0A5F
:1004C0003C7020636C6173733D224D736F4E6F728D
:1004D0006D616C22207374796C653D22223E3C6F05
:1004E0003A703E266E6273703B3C2F6F3A703E3C12
:1004F0002F703E0D0A3C2F74643E0D0A3C7464203C
:100500007374796C653D22626F726465723A206D16
:10051000656469756D206E6F6E65203B2070616447
:1005200064696E673A2030636D3B2220776964749A
:10053000683D2234223E0D0A3C7020636C61737367
:100540003D224D736F4E6F726D616C223E266E625E
:1005500073703B3C2F703E0D0A3C2F74643E0D0AB5
:100560003C2F74723E0D0A3C7472207374796C6572
:100570003D22223E0D0A3C7464207374796C653D03
:100580002270616464696E673A20322E323570746D
:100590003B206261636B67726F756E643A207267AD
:1005A000622835312C2035312C2032353529206E0A
:1005B0006F6E6520726570656174207363726F6C15
:1005C0006C203025203530253B202D6D6F7A2D6233
:1005D00061636B67726F756E642D636C69703A202E
:1005E000696E697469616C3B202D6D6F7A2D626153
:1005F000636B67726F756E642D6F726967696E3AAF
:1006000020696E697469616C3B202D6D6F7A2D6273
:1006100061636B67726F756E642D696E6C696E6570
:100620002D706F6C6963793A20696E697469616CC9
:100630003B2077696474683A203530342E32707408
:100640003B222077696474683D22363732223E0DA2
:100650000A3C7020636C6173733D224D736F4E6F63
:10066000726D616C223E3C7370616E207374796CA4
:10067000653D22636F6C6F723A2077686974653BE1
:10068000223E266E6273703B3C2F7370616E3E3C5F
:100690007374726F6E673E3C7370616E2073747911
:1006A0006C653D22666F6E742D66616D696C793A7A
:1006B0002056657264616E613B20636F6C6F723AA5
:1006C0002077686974653B223E41626F7574204CE7
:1006D0007749503C2F7370616E3E3C2F7374726F7C
:1006E0006E673E3C7370616E207374796C653D2259
:1006F000666F6E742D66616D696C793A205665720D
:1007000064616E613B20636F6C6F723A2077686939
:1007100074653B223E3C6F3A703E3C2F6F3A703E10
:100720003C2F7370616E3E3C2F703E0D0A3C2F745F
:10073000643E0D0A3C7464207374796C653D2262DA
:100740006F726465723A206D656469756D206E6FB5
:100750006E65203B2070616464696E673A20306387
:100760006D3B222077696474683D2234223E0D0A75
:100770003C7020636C6173733D224D736F4E6F72DA
:100780006D616C223E266E6273703B3C2F703E0D95
:100790000A3C2F74643E0D0A3C2F74723E0D0A3CD5
:1007A0007472207374796C653D22223E0D0A3C748C
:1007B0006420636F6C7370616E3D2232222073740B
:1007C000796C653D2270616464696E673A20322EEF
:1007D000323570743B2077696474683A203530375D
:1007E0002E3470743B222077696474683D2236375A
:1007F00037223E0D0A3C7020636C6173733D224DBD
:10080000736F4E6F726D616C22207374796C653DED
:10081000226D617267696E2D626F74746F6D3A201C
:10082000313270743B223E3C7370616E2073747978
:100830006C653D22666F6E742D73697A653A20315E
:100840003070743B20666F6E742D66616D696C79D3
:100850003A2056657264616E613B223E6C77495066
:100860002C0D0A70726F6E6F756E636564206C6913
:100870006768747765696768742049502C206973CC
:1008800020616E206F70656E20736F7572636520D6
:100890005443502F495020737461636B2064657614
:1008A000656C6F7065642062790D0A4164616D202A
:1008B00044756E6B656C7320617420746865205399
:1008C00077656469736820496E73746974757465BB
:1008D000206F6620436F6D70757465722053636975
:1008E000656E636520616E642069730D0A6D6169D0
:1008F0006E7461696E6564206E6F77206279206125
:1009000020776F726C64207769646520636F6D6D0A
:10091000756E697479206F6620646576656C6F709A
:100920006572732E3C62723E0D0A3C62723E0D0A85
:100930006C7749502066656174757265733A3C62E4
:10094000723E0D0A3C62723E0D0A2D20495020284D
:10095000496E7465726E65742050726F746F636F48
:100960006C2920696E636C7564696E6720706163C1
:100970006B657420666F7277617264696E67206F51
:10098000766572206D756C7469706C650D0A6E65A4
:1009900074776F726B20696E7465726661636573DC
:1009A0003C62723E0D0A2D2049434D502028496E6D
:1009B0007465726E657420436F6E74726F6C204D37
:1009C0006573736167652050726F746F636F6C2914
:1009D00020666F72206E6574776F726B206D61692F
:1009E0006E74656E616E636520616E640D0A646588
:1009F00062756767696E673C62723E0D0A2D20550D
:100A00004450202855736572204461746167726197
:100A10006D2050726F746F636F6C2920696E636C08
:100A20007564696E67206578706572696D656E744E
:100A3000616C205544502D6C6974650D0A6578749D
:100A4000656E73696F6E733C62723E0D0A2D2054A1
:100A5000435020285472616E736D697373696F6EB1
:100A600020436F6E74726F6C2050726F746F636F7F
:100A70006C29207769746820636F6E676573746989
:100A80006F6E20636F6E74726F6C2C205254540D15
:100A90000A657374696D6174696F6E20616E64209C
:100AA00066617374207265636F766572792F666113
:100AB00073742072657472616E736D69743C6272D6
:100AC0003E0D0A2D205370656369616C697A656417
:100AD000207261772041504920666F7220656E68F0
:100AE000616E63656420706572666F726D616E63BE
:100AF000653C62723E0D0A2D204F7074696F6E6105
:100B00006C204265726B656C65792D616C696B65F3
:100B100020736F636B6574204150493C62723E0DD7
:100B20000A2D2044484350202844796E616D696342
:100B300020486F737420436F6E66696775726174C5
:100B4000696F6E2050726F746F636F6C293C6272B4
:100B50003E0D0A2D205050502028506F696E742D84
:100B6000746F2D506F696E742050726F746F636F65
:100B70006C293C62723E0D0A2D20415250202841C2
:100B8000646472657373205265736F6C7574696FFA
:100B90006E2050726F746F636F6C2920666F7220C5
:100BA00045746865726E65743C62723E0D0A3C6203
:100BB000723E0D0A466F72206D6F726520696E6617
:100BC0006F726D6174696F6E7320796F75206361E8
:100BD0006E20726566657220746F20746865207778
:100BE0006562736974653A20266E6273703B3C617E
:100BF00020687265663D22687474703A2F2F7361A5
:100C000076616E6E61682E6E6F6E676E752E6F7296
:100C1000672F70726F6A656374732F6C7769702FBA
:100C2000223E687474703A2F2F736176616E6E6124
:100C3000682E6E6F6E676E752E6F72672F70726F93
:100C40006A656374732F6C7769702F0D0A3C2F618E
:100C50003E3C6F3A703E3C2F6F3A703E3C2F7370B3
:100C6000616E3E3C2F703E0D0A3C2F74643E0D0AAF
:100C70003C2F74723E0D0A3C2F74626F64793E0DF6
:100C80000A3C2F7461626C653E0D0A3C7020636CF7
:100C90006173733D224D736F4E6F726D616C223EB6
:100CA0003C6F3A703E3C2F6F3A703E3C2F703E0DC9
:100CB0000A3C2F74643E0D0A3C2F74723E0D0A3CB0
:100CC0002F74626F64793E0D0A3C2F7461626C650B
:100CD0003E0D0A3C2F74643E0D0A3C2F74723E0D8B
:100CE0000A3C2F74626F64793E0D0A3C2F74616276
:100CF0006C653E0D0A3C7370616E207374796C658F
:100D00003D22646973706C61793A206E6F6E653B49
:100D1000223E3C6F3A703E3C2F6F3A703E3C2F7340
:100D200070616E3E3C2F6469763E0D0A3C646976C4
:100D300020616C69676E3D2263656E746572223E48
:100D40000D0A3C7461626C6520636C6173733D22B3
:100D50004D736F4E6F726D616C5461626C652220D1
:100D60007374796C653D226261636B67726F756E37
:100D7000643A20626C61636B206E6F6E65207265F1
:100D800070656174207363726F6C6C203025203540
:100D900030253B202D6D6F7A2D6261636B67726F1A
:100DA000756E642D636C69703A20696E697469614F
:100DB0006C3B202D6D6F7A2D6261636B67726F756E
:100DC0006E642D6F726967696E3A20696E69746925
:100DD000616C3B202D6D6F7A2D6261636B67726F62
:100DE000756E642D696E6C696E652D706F6C6963CC
:100DF000793A20696E697469616C3B207769647423
:100E0000683A203537342E3570743B2220626F7279
:100E10006465723D2230222063656C6C706164648D
:100E2000696E673D2230222063656C6C737061636C
:100E3000696E673D2230222077696474683D2237ED
:100E40003636223E0D0A3C74626F64793E0D0A3CD0
:100E50007472207374796C653D22223E0D0A3C74D5
:100E600064207374796C653D2270616464696E6797
:100E70003A2030636D3B2077696474683A203130E2
:100E800030253B222077696474683D22313030255B
:100E9000223E0D0A3C7020636C6173733D224D73DA
:100EA0006F4E6F726D616C223E3C696D67206964A4
:100EB0003D225F78303030305F6931303238222067
:100EC0007372633D22696E6368746D6C2D70616727
:100ED00065732D73746D33325F636F6E6E6563740B
:100EE00069766974795F66696C65732F7069786576
:100EF0006C2E6769662220626F726465723D2230D3
:100F000022206865696768743D2231222077696410
:100F100074683D2231223E3C2F703E0D0A3C2F74F6
:100F2000643E0D0A3C2F74723E0D0A3C2F74626FB2
:100F300064793E0D0A3C2F7461626C653E0D0A3C7B
:100F40002F6469763E0D0A3C7020636C6173733DBB
:100F5000224D736F4E6F726D616C22207374796CC9
:100F6000653D22746578742D616C69676E3A206303
:100F7000656E7465723B2220616C69676E3D226309
:100F8000656E746572223E3C7370616E2073747975
:100F90006C653D22646973706C61793A206E6F6E86
:100FA000653B223E3C6F3A703E266E6273703B3C5E
:100FB0002F6F3A703E3C2F7370616E3E3C2F703E37
:100FC0000D0A3C64697620616C69676E3D22636539
:100FD0006E746572223E0D0A3C7461626C6520631A
:100FE0006C6173733D224D736F4E6F726D616C5403
:100FF00061626C6522207374796C653D2277696447
:1010000074683A203537342E3570743B2220626F75
:10101000726465723D2230222063656C6C7061647D
:1010200064696E673D2230222063656C6C73706169
:1010300063696E673D2230222077696474683D22BF
:10104000373636223E0D0A3C74626F64793E0D0AD3
:101050003C7472207374796C653D22223E0D0A3C0B
:101060007464207374796C653D2270616464696E88
:10107000673A2030636D3B2077696474683A2031A9
:101080003030253B222077696474683D223130304E
:1010900025223E0D0A3C6469762069643D22666F14
:1010A0006F746572223E0D0A3C7020636C6173732D
:1010B0003D226C6567616C22207374796C653D22FA
:1010C000746578742D616C69676E3A2063656E741F
:1010D00065723B2220616C69676E3D2263656E74A8
:1010E0006572223E416C6C2072696768747320726D
:1010F0006573657276656420A9323031310D0A530B
:10110000544D6963726F656C656374726F6E696369
:1011100073266E6273703B3C2F703E0D0A3C2F6449
:1011200069763E0D0A3C2F74643E0D0A3C2F7472A2
:101130003E0D0A3C2F74626F64793E0D0A3C2F7499
:1011400061626C653E0D0A3C2F6469763E0D0A3C77
:101150007020636C6173733D224D736F4E6F726DBF
:10116000616C223E3C6F3A703E266E6273703B3C6F
:101170002F6F3A703E3C2F703E0D0A3C2F6469760B
:101180003E0D0A3C2F6469763E0D0A3C2F626F6467
:10119000793E3C2F68746D6C3E2F53544D3332466C
:1011A0003478374144432E7368746D6C004854544E
:1011B000502F312E3020323030204F4B0D0A5365E6
:1011C000727665723A206C7749502F312E332E316A
:1011D0002028687474703A2F2F736176616E6E6187
:1011E000682E6E6F6E676E752E6F72672F70726FDE
:1011F0006A656374732F6C776970290D0A436F6E8B
:1012000074656E742D747970653A20746578742FE6
:1012100068746D6C0D0A457870697265733A204682
:1012200072692C20313020417072203230303820E9
:1012300031343A30303A303020474D540D0A507234
:1012400061676D613A206E6F2D63616368650D0A99
:101250000D0A3C21444F43545950452048544D4CAD
:10126000205055424C494320222D2F2F5733432FD6
:101270002F4454442048544D4C20342E30312054B7
:1012800072616E736974696F6E616C2F2F454E22A7
:101290002022687474703A2F2F7777772E77336314
:1012A0002E6F72672F54522F313939392F524543DF
:1012B0002D68746D6C3430312D3139393931323219
:1012C000342F6C6F6F73652E647464223E0D0A3C7C
:1012D00068746D6C3E3C686561643E3C7469746C16
:1012E000653E53544D3332463478374144433C2FA6
:1012F0007469746C653E0D0A0D0A3C6D657461205D
:10130000687474702D65717569763D22436F6E74D3
:10131000656E742D547970652220636F6E74656EEE
:10132000743D22746578742F68746D6C3B2063681B
:1013300061727365743D77696E646F77732D3132B6
:101340003532223E0D0A3C6D6574612068747470FC
:101350002D65717569763D227265667265736822C6
:1013600020636F6E74656E743D2231223E0D0A3C1F
:101370006D65746120636F6E74656E743D224D53AC
:1013800048544D4C20362E30302E323930302E33EA
:1013900036393822206E616D653D2247454E4552F3
:1013A00041544F52223E0D0A3C7374796C653E3CA9
:1013B0002F7374796C653E3C212D2D207361766509
:1013C000642066726F6D2075726C3D283030333842
:1013D00029687474703A2F2F3139322E3136382EF5
:1013E000302E31302F53544D333246313037414453
:1013F000432E7368746D6C202D2D3E3C2F68656103
:10140000643E0D0A3C626F64793E0D0A3C68343ECE
:101410003C736D616C6C207374796C653D22666FF2
:101420006E742D66616D696C793A205665726461DF
:101430006E613B223E3C736D616C6C3E3C62696741
:101440003E3C6269673E3C626967207374796C65F3
:101450003D22666F6E742D7765696768743A206205
:101460006F6C643B223E3C6269673E3C7374726FF2
:101470006E673E3C656D3E3C7370616E207374799F
:101480006C653D22666F6E742D7374796C653A20BD
:101490006974616C69633B223E53544D3332463468
:1014A00078372041444320436F6E76657273696FCD
:1014B0006E203C2F7370616E3E3C2F656D3E3C2F5D
:1014C0007374726F6E673E3C2F6269673E3C2F6299
:1014D00069673E3C2F6269673E3C2F6269673E3C0C
:1014E0002F736D616C6C3E3C2F736D616C6C3E3C78
:1014F0002F68343E0D0A3C6872207374796C653D28
:101500002277696474683A20313030253B20686561
:10151000696768743A203270783B223E0D0A3C734A
:1015200070616E207374796C653D22666F6E742DE8
:101530007765696768743A20626F6C643B223E3C51
:101540002F7370616E3E3C7370616E207374796CA2
:10155000653D22666F6E742D7765696768743A2001
:10156000626F6C643B223E0D0A3C7461626C6520C4
:101570007374796C653D2277696474683A203936F2
:101580003170783B206865696768743A2033307041
:10159000783B2220626F726465723D2231222063A3
:1015A000656C6C70616464696E673D2232222063F1
:1015B000656C6C73706163696E673D2232223E0D0B
:1015C0000A3C74626F64793E0D0A3C74723E0D0AE7
:1015D0003C7464207374796C653D22666F6E742D63
:1015E0007765696768743A20626F6C643B20666F48
:1015F0006E742D7374796C653A206974616C6963DB
:101600003B20666F6E742D66616D696C793A205669
:10161000657264616E613B206261636B67726F75B6
:101620006E642D636F6C6F723A2072676228353179
:101630002C2035312C20323535293B2074657874C7
:101640002D616C69676E3A2063656E7465723B222A
:101650003E3C736D616C6C3E3C6120687265663D1A
:10166000222F696E6465782E68746D6C223E3C731F
:1016700070616E207374796C653D22636F6C6F725C
:101680003A2077686974653B223E486F6D650D0AA4
:10169000706167653C2F7370616E3E3C2F613E3C0C
:1016A0002F736D616C6C3E3C2F74643E0D0A3C746C
:1016B00064207374796C653D22666F6E742D776556
:1016C000696768743A20626F6C643B20666F6E7461
:1016D0002D7374796C653A206974616C69633B2081
:1016E000666F6E742D66616D696C793A205665720D
:1016F00064616E613B206261636B67726F756E64DB
:101700002D636F6C6F723A207267622835312C201E
:1017100035312C20323535293B20746578742D61A4
:101720006C69676E3A2063656E7465723B223E3C5D
:10173000736D616C6C3E3C6120687265663D222F62
:1017400053544D3332463478374C45442E68746DCB
:101750006C223E3C7370616E207374796C653D221F
:10176000636F6C6F723A2077686974653B223E4CF8
:1017700065640D0A636F6E74726F6C3C2F737061D9
:101780006E3E3C2F613E3C2F736D616C6C3E3C2F76
:1017900074643E0D0A3C7464207374796C653D2258
:1017A000666F6E742D7765696768743A20626F6C36
:1017B000643B20666F6E742D7374796C653A206992
:1017C00074616C69633B20666F6E742D66616D6930
:1017D0006C793A2056657264616E613B2062616388
:1017E0006B67726F756E642D636F6C6F723A2072E7
:1017F00067622835312C2035312C20323535293B94
:1018000020746578742D616C69676E3A2063656E2B
:101810007465723B223E3C736D616C6C3E3C612092
:10182000687265663D222F53544D33324634783703
:101830004144432E7368746D6C223E3C7370616E3C
:10184000207374796C653D22636F6C6F723A2077F8
:10185000686974653B223E4144430D0A73746174A8
:101860007573206261723C2F7370616E3E3C2F6114
:101870003E3C2F736D616C6C3E3C2F74643E0D0AD0
:101880003C2F74723E0D0A3C2F74626F64793E0DDA
:101890000A3C2F7461626C653E0D0A3C2F737061C7
:1018A0006E3E3C736D616C6C3E3C7370616E207378
:1018B00074796C653D22666F6E742D66616D696C1E
:1018C000793A2056657264616E613B223E3C2F730B
:1018D00070616E3E3C7370616E207374796C653D0F
:1018E00022666F6E742D66616D696C793A2056655B
:1018F0007264616E613B223E3C62723E3C2F7370AB
:10190000616E3E3C2F736D616C6C3E3C646C3E3C82
:1019100064743E3C736D616C6C207374796C653DCE
:1019200022666F6E742D66616D696C793A2056651A
:101930007264616E613B223E546869732070616716
:101940006520616C6C6F777320796F750D0A746F09
:101950002067657420636F6E74696E756F75736C44
:101960007920746865204144432031204368616ECA
:101970006E656C203520616E616C6F6720696E70DA
:10198000757420636F6E7665727465642076616C21
:1019900075652E0D0A5468697320414443204368DD
:1019A000616E6E656C20697320636F6E6E65637423
:1019B000656420746F207468653C2F736D616C6C76
:1019C0003E3C2F64743E3C64743E3C736D616C6CB1
:1019D000207374796C653D22666F6E742D66616D3F
:1019E000696C793A2056657264616E613B223EC62D
:1019F000D5D6D0BFC6BCBC505A363830384C2D4630
:101A000034BFAAB7A2B0E50D0A706F74656E746931
:101A10006F6D657465722E205468652041444320C3
:101A200076616C7565206973207570646174656496
:101A30002C206175746F6D61746963616C6C792CB5
:101A4000206561636820317320776974680D0A74BA
:101A50006865206C6173740D0A636F6E76657274CD
:101A6000656420414443204368616E6E656C203597
:101A70002076616C75652E203C2F736D616C6C3E19
:101A80003C2F64743E3C64743E3C736D616C6C200E
:101A90007374796C653D22666F6E742D66616D6935
:101AA0006C793A2056657264616E613B223E596FD3
:101AB0007520636F756C6420636865636B20746860
:101AC00069732062790D0A6368616E67696E6720C9
:101AD00074686520706F74656E74696F6D65746588
:101AE0007220706F736974696F6E20616E64206319
:101AF0006865636B20746861742074686520414474
:101B0000432076616C75652069732075706461741B
:101B100065642C20627920616E0D0A6175746F6DA9
:101B2000617469632072656672657368206F6620F0
:101B300074686973203C2F736D616C6C3E3C2F643C
:101B4000743E3C64743E3C736D616C6C20737479BC
:101B50006C653D22666F6E742D66616D696C793AB5
:101B60002056657264616E613B223E706167652C30
:101B70000D0A7769746820746865206E6577206344
:101B80006F6E7665727465642076616C75652E3C47
:101B90002F736D616C6C3E3C2F64743E3C2F646C03
:101BA0003E0D0A3C62723E0D0A3C7370616E2073FA
:101BB00074796C653D22666F6E742D66616D696C1B
:101BC000793A2056657264616E613B223E3C2F7308
:101BD00070616E3E3C7370616E207374796C653D0C
:101BE00022666F6E742D66616D696C793A20566558
:101BF0007264616E613B223E3C2F7370616E3E0DDC
:101C00000A3C7461626C6520626F726465723D2289
:101C100031222063656C6C70616464696E673D227B
:101C200035222063656C6C73706163696E673D2259
:101C300031223E0D0A3C74626F64793E0D0A3C7499
:101C4000723E0D0A3C74643E3C736D616C6C3E3CAC
:101C50007370616E207374796C653D22666F6E746B
:101C60002D66616D696C793A2056657264616E61AA
:101C70003B223E4144430D0A436F6E7665727465A4
:101C8000642056616C75653C2F7370616E3E203C1C
:101C90002F736D616C6C3E3C2F74643E0D0A3C7476
:101CA000643E3C212D2D23742D2D3E203C736D610F
:101CB0006C6C3E3C7370616E207374796C653D2270
:101CC000666F6E742D66616D696C793A2056657227
:101CD00064616E613B223E6D763C2F7370616E3E97
:101CE0003C2F736D616C6C3E203C2F74643E0D0A7A
:101CF0003C2F74723E0D0A3C2F74626F64793E0D66
:101D00000A3C2F7461626C653E0D0A3C6833207397
:101D100074796C653D22666F6E742D7765696768AE
:101D2000743A206E6F726D616C3B223E3C62723E73
:101D30000D0A3C2F68333E0D0A3C666F6E742073AB
:101D4000697A653D222D31223E3C7370616E2073AD
:101D500074796C653D22636F6C6F723A20626C61BE
:101D6000636B3B223E3C2F7370616E3E3C2F666F6F
:101D70006E743E3C62723E0D0A3C666F6E74207358
:101D8000697A653D222D31223E3C7370616E20736D
:101D900074796C653D22636F6C6F723A20626C617E
:101DA000636B3B223E3C2F7370616E3E3C2F666F2F
:101DB0006E743E3C7370616E207374796C653D2265
:101DC000666F6E742D66616D696C793A2056657226
:101DD00064616E613B223E3C2F7370616E3E3C61DC
:101DE000207374796C653D22666F6E742D66616D2B
:101DF000696C793A2056657264616E613B22206895
:101E00007265663D222F53544D3332463130372EA2
:101E100068746D6C223E3C6269673E3C7370616E13
:101E2000207374796C653D22666F6E742D776569D9
:101E30006768743A20626F6C643B223E3C2F73707B
:101E4000616E3E3C2F6269673E3C2F613E3C666F8F
:101E50006E742073697A653D222D31223E3C737089
:101E6000616E207374796C653D22636F6C6F723A9A
:101E700020626C61636B3B223E5F5F5F5F5F5F5F11
:101E80005F5F5F5F5F5F5F5F5F5F5F5F5F5F5F5F62
:101E90005F5F5F5F5F5F5F5F5F5F5F5F5F5F5F5F52
:101EA0005F5F5F5F5F5F5F5F5F5F5F5F5F5F5F5F42
:101EB0005F5F5F5F5F5F5F5F5F5F5F5F5F5F5F5F32
:101EC0005F5F5F5F5F5F5F5F5F5F5F5F5F5F5F5F22
:101ED0005F5F5F5F5F5F5F5F5F5F5F5F5F5F5F5F12
:101EE0005F5F5F5F5F5F5F5F3C62723E0D0A3C2F2A
:101EF0007370616E3E3C2F666F6E743E3C666F6E13
:101F00007420636C6173733D22666F6F746D7367C9
:101F1000223E266E6273703B0D0A266E6273703B22
:101F200020266E6273703B20266E6273703B202603
:101F30006E6273703B20266E6273703B20266E6269
:101F400073703B0D0A266E6273703B20266E6273BF
:101F5000703B20266E6273703B20266E6273703B6E
:101F600020266E6273703B20266E6273703B0D0AF2
:101F7000266E6273703B20266E6273703B20266E65
:101F80006273703B20266E6273703B20266E627314
:101F9000703B20266E6273703B0D0A266E62737072
:101FA0003B20266E6273703B20266E6273703B206E
:101FB000266E6273703B3C636F6D6D656E7420744A
:101FC00069746C653D2223636F6E6669672074696E
:101FD0006D65666D743D2671756F743B255926716C
:101FE000756F743B202220786D6C6E733D2268748F
:101FF00074703A2F2F646973727570746976652DE9
:10200000696E6E6F766174696F6E732E636F6D2F7C
:102010007A6F6F2F6E7675223E3C212D2D23636FD4
:102020006E6669672074696D65666D743D22255919
:1020300022202D2D3E3C2F636F6D6D656E743E3CEE
:10204000636F6D6D656E74207469746C653D2223D9
:102050006563686F207661723D2671756F743B44CD
:102060004154455F474D542671756F743B202220C3
:10207000786D6C6E733D22687474703A2F2F6469AA
:1020800073727570746976652D696E6E6F766174A2
:10209000696F6E732E636F6D2F7A6F6F2F6E76750B
:1020A000223E3C212D2D236563686F207661723DB1
:1020B00022444154455F474D5422202D2D3E3C2F54
:1020C000636F6D6D656E743E0D0A3C7370616E20BA
:1020D0007374796C653D22636F6C6F723A2073691B
:1020E0006C7665723B223E266E6273703B20266ED4
:1020F0006273703B0D0A266E6273703B20266E621F
:1021000073703B20266E6273703B20266E62737084
:102110003B20266E6273703B416C6C20726967686D
:1021200074730D0A7265736572766564203F323090
:1021300031312053544D6963726F656C65637472FD
:102140006F6E6963733C2F7370616E3E266E6273AF
:10215000703B3C2F666F6E743E0D0A3C2F626F64BD
:10216000793E3C2F68746D6C3E2F53544D3332468C
:102170003478374C45442E68746D6C0000485454D4
:10218000502F312E3020323030204F4B0D0A536506
:10219000727665723A206C7749502F312E332E318A
:1021A0002028687474703A2F2F736176616E6E61A7
:1021B000682E6E6F6E676E752E6F72672F70726FFE
:1021C0006A656374732F6C776970290D0A436F6EAB
:1021D00074656E742D747970653A20746578742F07
:1021E00068746D6C0D0A0D0A3C21444F43545950DC
:1021F000452068746D6C205055424C494320222D77
:102200002F2F5733432F2F4454442048544D4C20F4
:10221000342E30312F2F454E222022687474703AAC
:102220002F2F7777772E77332E6F72672F54522F99
:1022300068746D6C342F7374726963742E64746483
:10224000223E0D0A3C68746D6C3E3C686561643EDC
:102250003C7469746C653E53544D33324634783760
:102260004C45443C2F7469746C653E0D0A0D0A3C64
:102270006D65746120687474702D65717569763D43
:1022800022436F6E74656E742D54797065222063DD
:102290006F6E74656E743D22746578742F68746D0A
:1022A0006C3B20636861727365743D77696E646F1F
:1022B00077732D31323532223E0D0A3C6D657461E3
:1022C00020636F6E74656E743D224D5348544D4CBF
:1022D00020362E30302E323830302E313536312205
:1022E000206E616D653D2247454E455241544F5227
:1022F000223E0D0A3C7374796C65203D22666F6E38
:10230000742D7765696768743A206E6F726D616CC1
:102310003B20666F6E742D66616D696C793A20564C
:10232000657264616E613B223E3C2F7374796C650B
:102330003E3C2F686561643E0D0A3C626F64793EE5
:102340000D0A3C68343E3C736D616C6C207374798B
:102350006C653D22666F6E742D66616D696C793AAD
:102360002056657264616E613B223E3C736D616C08
:102370006C3E3C6269673E3C6269673E3C626967ED
:10238000207374796C653D22666F6E742D77656974
:102390006768743A20626F6C643B223E3C626967F6
:1023A0003E3C7374726F6E673E3C7370616E207357
:1023B00074796C653D22666F6E742D7374796C65EB
:1023C0003A206974616C69633B223E53544D333249
:1023D00046347837204C65647320636F6E74726F77
:1023E0006C3C2F7370616E3E3C2F7374726F6E671E
:1023F0003E266E6273703B0D0A266E6273703B2040
:10240000266E6273703B20266E6273703B20266ED0
:102410006273703B266E6273703B3C2F6269673E4D
:102420003C2F6269673E3C2F6269673E3C2F6269C0
:10243000673E3C2F736D616C6C3E3C2F736D616C1D
:102440006C3E3C2F68343E0D0A3C687220737479F0
:102450006C653D2277696474683A20313030253BE1
:10246000206865696768743A203270783B223E0DB7
:102470000A3C7461626C65207374796C653D2277E7
:10248000696474683A2039363170783B2068656930
:102490006768743A20333070783B2220626F726430
:1024A00065723D2231222063656C6C7061646469E1
:1024B0006E673D2232222063656C6C7370616369C4
:1024C0006E673D2232223E0D0A3C74626F64793E93
:1024D0000D0A3C74723E0D0A3C7464207374796C6E
:1024E000653D22666F6E742D66616D696C793A2068
:1024F00056657264616E613B20666F6E742D776500
:10250000696768743A20626F6C643B20666F6E7412
:102510002D7374796C653A206974616C69633B2032
:102520006261636B67726F756E642D636F6C6F723F
:102530003A207267622835312C2035312C20323513
:1025400035293B20746578742D616C69676E3A207B
:1025500063656E7465723B223E3C736D616C6C3ECC
:102560003C6120687265663D222F696E6465782E35
:1025700068746D6C223E3C7370616E207374796C6C
:10258000653D22636F6C6F723A2077686974653BB2
:10259000223E486F6D650D0A706167653C2F737050
:1025A000616E3E3C2F613E3C2F736D616C6C3E3C16
:1025B0002F74643E0D0A3C7464207374796C653D1D
:1025C00022666F6E742D66616D696C793A2056656E
:1025D0007264616E613B20666F6E742D776569670A
:1025E00068743A20626F6C643B20666F6E742D7362
:1025F00074796C653A206974616C69633B2062612F
:10260000636B67726F756E642D636F6C6F723A20C7
:102610007267622835312C2035312C20323535292E
:102620003B20746578742D616C69676E3A20636530
:102630006E7465723B223E3C736D616C6C3E3C6116
:1026400020687265663D222F53544D3332463478EC
:10265000374C45442E68746D6C223E3C7370616E3D
:10266000207374796C653D22636F6C6F723A2077CA
:10267000686974653B223E4C65640D0A636F6E7435
:10268000726F6C3C2F7370616E3E3C2F613E3C2F2D
:10269000736D616C6C3E3C2F74643E0D0A3C746437
:1026A000207374796C653D22666F6E742D66616D62
:1026B000696C793A2056657264616E613B20666F81
:1026C0006E742D7765696768743A20626F6C643B3D
:1026D00020666F6E742D7374796C653A206974612D
:1026E0006C69633B206261636B67726F756E642D0A
:1026F000636F6C6F723A207267622835312C203517
:10270000312C20323535293B20746578742D616C6D
:1027100069676E3A2063656E7465723B223E3C7356
:102720006D616C6C3E3C6120687265663D222F5382
:10273000544D3332463478374144432E7368746DB8
:102740006C223E3C7370616E207374796C653D221F
:10275000636F6C6F723A2077686974653B223E4103
:1027600044430D0A737461747573206261723C2F67
:102770007370616E3E3C2F613E3C2F736D616C6CDB
:102780003E3C2F74643E0D0A0D0A3C2F74723E0DC0
:102790000A3C2F74626F64793E0D0A3C2F746162AB
:1027A0006C653E0D0A3C62723E0D0A3C6269673EF2
:1027B0003C62723E0D0A3C2F6269673E3C736D615C
:1027C0006C6C3E3C7370616E207374796C653D2255
:1027D000666F6E742D66616D696C793A205665720C
:1027E00064616E613B223E546869730D0A706167D3
:1027F000650D0A616C6C6F777320796F7520746F4B
:1028000020636F6E74726F6C2074686520666F75DC
:1028100072204C4544733A204C4544312C204C45A1
:102820004432206C6F636174656420696E0D0A74B4
:102830006865266E6273703B505A363830384C2DBE
:10284000463420626F6172642E20546F207075745C
:10285000206F6E2F6F66663C2F7370616E3E3C6218
:1028600072207374796C653D22666F6E742D66619B
:102870006D696C793A2056657264616E613B223EE7
:102880000D0A3C7370616E207374796C653D22662D
:102890006F6E742D66616D696C793A20566572644D
:1028A000616E613B223E61204C454420796F75206A
:1028B0006861766520746F0D0A636865636B2F75B8
:1028C0006E636865636B2069747320636F727265F1
:1028D00073706F6E64696E6720636865636B626FA7
:1028E000782E205468656E20796F75206861766552
:1028F00020746F20636C69636B206F6E0D0A225326
:10290000656E642220627574746F6E20746F20731C
:1029100075626D697420746865206E6577204C451A
:1029200044733C2F7370616E3E3C62722073747905
:102930006C653D22666F6E742D66616D696C793AC7
:102940002056657264616E613B223E0D0A3C7370D5
:10295000616E207374796C653D22666F6E742D66AE
:10296000616D696C793A2056657264616E613B22D3
:102970003E636F6E66696775726174696F6E2E2053
:1029800046696E616C6C790D0A636865636B2069DA
:102990006E20746865266E6273703B505A3638300C
:1029A000384C2D463420626F617264207468617403
:1029B00020796F752067657420746865206465737D
:1029C00069726564204C4544730D0A61726520701C
:1029D0007574746564206F6E2F6F66662E203C2FB1
:1029E0007370616E3E3C6272207374796C653D2237
:1029F000666F6E742D66616D696C793A20566572EA
:102A000064616E613B223E0D0A3C2F736D616C6CFC
:102A10003E0D0A3C62723E0D0A3C62723E0D0A3C5B
:102A20007461626C65207374796C653D22776964AA
:102A300074683A2037383770783B20636F6C6F7258
:102A40003A2077686974653B206865696768743AFD
:102A500020333170783B222077686974653D2222EB
:102A600020636F6C6F723D2222203B3D2222203179
:102A700030303D222220626F726465723D22302226
:102A80002063656C6C70616464696E673D223322FB
:102A90002063656C6C73706163696E673D223022E0
:102AA0003E0D0A3C74626F64793E0D0A3C74723EBE
:102AB0000D0A3C746420636C6173733D227461621F
:102AC0007469746C6522207374796C653D22686545
:102AD000696768743A20313570783B206261636BB6
:102AE00067726F756E642D636F6C6F723A207267D8
:102AF000622835312C2035312C20323535293B22C6
:102B00003E3C6269673E3C6269673E3C666F6E743C
:102B10002073697A653D222D31223E3C6269673E11
:102B20003C6269673E3C7374726F6E673E53544DEE
:102B300033320D0A576562736572766572204C45B3
:102B4000447320436F6E74726F6C3C2F7374726F9A
:102B50006E673E3C2F6269673E3C2F6269673E3C70
:102B60002F666F6E743E3C2F6269673E3C2F626930
:102B7000673E3C2F74643E0D0A3C2F74723E0D0A72
:102B80003C2F74626F64793E0D0A3C2F7461626C55
:102B9000653E0D0A3C62723E0D0A3C666F726D2006
:102BA0006D6574686F643D2267657422206163748B
:102BB000696F6E3D222F6C6564732E636769223ED8
:102BC0003C696E7075742076616C75653D223122AA
:102BD000206E616D653D226C65642220747970659C
:102BE0003D22636865636B626F78223E4C454431D9
:102BF0003C62723E0D0A3C696E7075742076616CA1
:102C000075653D223222206E616D653D226C6564E2
:102C10002220747970653D22636865636B626F780A
:102C2000223E4C4544323C62723E0D0A3C696E7055
:102C300075742076616C75653D223322206E616D5E
:102C4000653D226C65642220747970653D2263685D
:102C500065636B626F78223E4F46463C62723E0D62
:102C60000A3C62723E0D0A3C696E70757420766192
:102C70006C75653D2253656E642220747970653DE4
:102C8000227375626D6974223E203C2F666F726DEF
:102C90003E0D0A3C68333E3C666F6E742073697A61
:102CA000653D222D31223E3C7370616E2073747934
:102CB0006C653D22636F6C6F723A20626C61636B6E
:102CC0003B223E3C2F7370616E3E0D0A3C2F666FB7
:102CD0006E743E3C2F68333E3C6833207374796CCD
:102CE000653D22666F6E742D7765696768743A205A
:102CF0006E6F726D616C3B20666F6E742D66616DD8
:102D0000696C793A2056657264616E613B223E3C83
:102D1000666F6E742073697A653D222D31223E3CC8
:102D200062723E0D0A3C2F666F6E743E3C2F683314
:102D30003E0D0A3C7370616E207374796C653D22A0
:102D4000666F6E742D66616D696C793A2056657296
:102D500064616E613B223E3C2F7370616E3E3C6647
:102D60006F6E742073697A653D222D31223E3C617D
:102D7000207374796C653D22666F6E742D66616D8B
:102D8000696C793A2056657264616E613B222068F5
:102D90007265663D222F53544D3332463478372EB8
:102DA00068746D6C223E3C6269673E3C7370616E74
:102DB000207374796C653D22666F6E742D7765693A
:102DC0006768743A20626F6C643B223E3C2F7370DC
:102DD000616E3E3C2F6269673E3C2F613E3C2F6630
:102DE0006F6E743E0D0A3C666F6E742073697A656F
:102DF0003D222D31223E3C7370616E207374796CDC
:102E0000653D22636F6C6F723A20626C61636B3B4D
:102E1000223E5F5F5F5F5F5F5F5F5F5F5F5F5F5F20
:102E20005F5F5F5F5F5F5F5F5F5F5F5F5F5F5F5FB2
:102E30005F5F5F5F5F5F5F5F5F5F5F5F5F5F5F5FA2
:102E40005F5F5F5F5F5F5F5F5F5F5F5F5F5F5F5F92
:102E50005F5F5F5F5F5F5F5F5F5F5F5F5F5F5F5F82
:102E60005F5F5F5F5F5F5F5F5F5F5F5F5F5F5F5F72
:102E70005F5F5F5F5F5F5F5F5F5F5F5F5F5F5F5F62
:102E80005F3C62723E0D0A3C2F7370616E3E3C2FB8
:102E9000666F6E743E3C666F6E7420636C61737314
:102EA0003D22666F6F746D7367223E266E6273708B
:102EB0003B0D0A266E6273703B20266E6273703B78
:102EC00020266E6273703B20266E6273703B202654
:102ED0006E6273703B20266E6273703B0D0A266E25
:102EE0006273703B20266E6273703B20266E6273A5
:102EF000703B20266E6273703B20266E6273703BBF
:102F000020266E6273703B0D0A266E6273703B2042
:102F1000266E6273703B20266E6273703B20266EB5
:102F20006273703B20266E6273703B20266E627364
:102F3000703B0D0A266E6273703B20266E627370C2
:102F40003B20266E6273703B20266E6273703B3CA2
:102F5000636F6D6D656E74207469746C653D2223BA
:102F6000636F6E6669672074696D65666D743D2672
:102F700071756F743B25592671756F743B20222043
:102F8000786D6C6E733D22687474703A2F2F64698B
:102F900073727570746976652D696E6E6F76617483
:102FA000696F6E732E636F6D2F7A6F6F2F6E7675EC
:102FB000223E3C212D2D23636F6E66696720746964
:102FC0006D65666D743D22255922202D2D3E3C2FC6
:102FD000636F6D6D656E743E3C636F6D6D656E7491
:102FE000207469746C653D22236563686F20766187
:102FF000723D2671756F743B444154455F474D5493
:103000002671756F743B202220786D6C6E733D22A3
:10301000687474703A2F2F6469737275707469766E
:10302000652D696E6E6F766174696F6E732E636F56
:103030006D2F7A6F6F2F6E7675223E3C212D2D23DA
:103040006563686F207661723D22444154455F4755
:103050004D5422202D2D3E3C2F636F6D6D656E7497
:103060003E0D0A3C7370616E207374796C653D226D
:10307000636F6C6F723A2073696C7665723B223EA7
:10308000266E6273703B20266E6273703B0D0A26BB
:103090006E6273703B20266E6273703B20266E62F8
:1030A00073703B20266E6273703B20266E627370D5
:1030B0003B416C6C207269676874730D0A726573AA
:1030C0006572766564203F323031312053544D694A
:1030D00063726F656C656374726F6E6963733C2FA6
:1030E0007370616E3E266E6273703B3C2F666F6E2E
:1030F000743E0D0A3C2F626F64793E3C2F68746DFC
:103100006C3E000000000000E4400108004101089E
:103110003B0C000001000000043102083B4D010897
:10312000534D0108A20A00000100000018310208F6
:10313000F557010811580108416600000100000020
:103140002C31020852BE01086EBE01086C2400003A
:103150000100000040310208DAE20108E6E201085D
:10316000CF0400000100000054310208B5E7010857
:10317000C1E70108D82900000100000068310208F9
:1031800099110208AD110208BC0F000001000000F7
:103190007C310208692102087D210208850F0000A8
:1031A000010000001433020801000000F43202089C
:1031B000010000004033020801000000083302084B
:1031C000000000003433020800000000E83202086A
:1031D000F032020854330208BD1B0008FFFFFFFF56
:1031E000FFFF00000000000000000000FFFFFFFFE5
:1031F0001C00200094001C0010002000180010008B
:1032000010001002040006000A0006000F0005006E
:103210000F0008000A001400CC330208F43302083F
:1032200014340208D4330208C0330208A833020859
:10323000B433020808340208E0330208E833020815
:10324000FC33020801020304050607070707070706
:103250000703060C18306078200100201C010020B4
:1032600024010020280100205052454348494E2D9A
:1032700053544D3332463430372054435020436C3E
:1032800069656E742073656E6420646174610D0AF3
:10329000000000005052454348494E2D53544D33D1
:1032A000324634303720544350205365727665726D
:1032B0002073656E6420646174610D0A0000000073
:1032C0005052454348494E2D53544D3332463430C5
:1032D00037205544502064656D6F2073656E6420FF
:1032E000646174610D0A00003C212D2D2300000053
:1032F0002D2D3E002F696E6465782E737369000072
:103300002E737369000000002F696E6465782E6863
:10331000746D6C002F696E6465782E7368746D6CC3
:10332000000000002E7368746D6C00002E786D6CC8
:10333000000000002F696E6465782E68746D0000CF
:103340002F696E6465782E7368746D002E736874CF
:103350006D0000002F6C6564732E636769000000C8
:10336000740000006E657469662D3E687761646460
:10337000725F6C656E206D75737420626520746871
:10338000652073616D65206173204554484152503A
:103390005F4857414444525F4C454E20666F72204F
:1033A000657468617270210046494E5F5741495407
:1033B0005F31000046494E5F574149545F3200007B
:1033C00045535441424C495348454400434C4F53A4
:1033D0004544000053594E5F5243564400000000DC
:1033E000434C4F53494E47004C4153545F41434B6C
:1033F000000000004C495354454E000054494D45CF
:103400005F57414954000000434C4F53455F5741BB
:103410004954000053594E5F53454E54000000007C
:103420007463705F656E71756575655F666C616705
:10343000733A206E6565642065697468657220540E
:1034400043505F53594E206F72205443505F46499A
:103450004E20696E20666C616773202870726F67FA
:1034600072616D6D65722076696F6C617465732031
:103470004150492900000000983402080000002053
:103480007001000068030008F83402087001002091
:10349000A0BA010028300008412D010203040405F0
:1034A000180607080983FFFF021901137D8014081D
:1034B000698114088002322032681D108092010C4C
:1034C000130F6812F002101045683202085A94086F
:1034D0005AC0081E243302084C041119042A2C086F
:1034E0000117298A1A602022C02970014A19510146
:0834F0001C0B386E195000009E
:040000050800018965
:00000001FF
